/*******************************************************************************
 * Size: 16 px
 * Bpp: 4
 * Opts: --no-compress --no-prefilter --bpp 4 --size 16 --font C:\Windows\Fonts\simhei.ttf -r 0x20-0x7E --symbols 设置菜单返回拍号细分重音量静小节练习计时点击测速恢复默认进入退出敲确取消四八三连十六开关钟播无选择调值微快已保存失败成功长按秒超自动实采样间隔异常丢弃新应用得级第当前强弱训内心感锻炼走变暗运行中停止剩余启倒于版本防误触厂每符上电加载请稍后暂光控遮传LED跟一二五七九零百♩♪▲▼◀▶●○±×÷·—…！？。，、：；（）【】√《》 --font C:\Windows\Fonts\seguisym.ttf --symbols ◀▶♩♪ --format lvgl -o E:\xiomiao-metronome\main\fonts\ui_font_cn16.c --force-fast-kern-format
 ******************************************************************************/

#ifdef __has_include
    #if __has_include("lvgl.h")
        #ifndef LV_LVGL_H_INCLUDE_SIMPLE
            #define LV_LVGL_H_INCLUDE_SIMPLE
        #endif
    #endif
#endif

#ifdef LV_LVGL_H_INCLUDE_SIMPLE
    #include "lvgl.h"
#else
    #include "lvgl/lvgl.h"
#endif

#ifndef UI_FONT_CN16
#define UI_FONT_CN16 1
#endif

#if UI_FONT_CN16



/*-----------------
 *    BITMAPS
 *----------------*/

/*Store the image of the glyphs*/
static LV_ATTRIBUTE_LARGE_CONST const uint8_t glyph_bitmap[] = {
    /* U+0020 " " */

    /* U+0021 "!" */
    0xfb, 0xea, 0xea, 0xd9, 0xc8, 0xb7, 0xa6, 0xa6,
    0x85, 0x00, 0xfb, 0xfc,

    /* U+0022 "\"" */
    0xf6, 0x7e, 0xe4, 0x6c, 0xd3, 0x5b, 0x61, 0x25,

    /* U+0023 "#" */
    0x00, 0x78, 0x06, 0x90, 0x00, 0x96, 0x08, 0x70,
    0x00, 0xa5, 0x09, 0x60, 0x00, 0xc4, 0x0b, 0x50,
    0xbf, 0xff, 0xff, 0xf8, 0x23, 0xf3, 0x3f, 0x41,
    0x01, 0xe0, 0x0f, 0x00, 0x04, 0xc0, 0x3d, 0x00,
    0xbf, 0xff, 0xff, 0xf8, 0x29, 0x93, 0x8a, 0x31,
    0x09, 0x60, 0x87, 0x00, 0x0b, 0x40, 0xa5, 0x00,

    /* U+0024 "$" */
    0x00, 0x09, 0x50, 0x00, 0x0a, 0xff, 0x80, 0x09,
    0xdb, 0xaf, 0x40, 0xd6, 0x95, 0xc9, 0x0d, 0x89,
    0x52, 0x20, 0x8f, 0xd5, 0x00, 0x00, 0x9f, 0xb1,
    0x00, 0x00, 0x9f, 0xe1, 0x00, 0x09, 0x7e, 0x92,
    0xe3, 0x95, 0x9c, 0x0f, 0x69, 0x5a, 0xb0, 0xbd,
    0xb9, 0xf6, 0x01, 0xbf, 0xf8, 0x00, 0x00, 0x95,
    0x00, 0x00, 0x04, 0x20, 0x00,

    /* U+0025 "%" */
    0x1d, 0xc0, 0x01, 0x40, 0x78, 0xa5, 0x07, 0x20,
    0x96, 0x87, 0x09, 0x00, 0x96, 0x87, 0x44, 0x00,
    0x78, 0xa5, 0x90, 0x00, 0x1d, 0xc3, 0x70, 0x00,
    0x00, 0x08, 0x3d, 0xb0, 0x00, 0x08, 0x87, 0xb4,
    0x00, 0x63, 0xa5, 0x96, 0x00, 0x90, 0xa5, 0x96,
    0x03, 0x50, 0x87, 0xb4, 0x07, 0x00, 0x2d, 0xb0,

    /* U+0026 "&" */
    0x00, 0x8e, 0xc1, 0x00, 0x04, 0xf5, 0xc8, 0x00,
    0x07, 0xb0, 0x8a, 0x00, 0x06, 0xc0, 0xc7, 0x00,
    0x02, 0xfa, 0xc0, 0x00, 0x00, 0xec, 0x00, 0x00,
    0x0b, 0xdf, 0x10, 0x50, 0x6e, 0x0c, 0xa2, 0xf0,
    0x9b, 0x03, 0xfb, 0xe0, 0x7d, 0x00, 0x6f, 0xa0,
    0x2f, 0x94, 0xaf, 0xf6, 0x04, 0xdf, 0xc2, 0x73,

    /* U+0027 "'" */
    0x3f, 0x22, 0xf0, 0x1f, 0x00, 0x70,

    /* U+0028 "(" */
    0x00, 0x02, 0x00, 0x01, 0xe3, 0x00, 0xb6, 0x00,
    0x5c, 0x00, 0x0c, 0x40, 0x01, 0xe0, 0x00, 0x3b,
    0x00, 0x05, 0x90, 0x00, 0x59, 0x00, 0x03, 0xb0,
    0x00, 0x0e, 0x00, 0x00, 0xb4, 0x00, 0x04, 0xd0,
    0x00, 0x0a, 0x80, 0x00, 0x0d, 0x30, 0x00, 0x10,

    /* U+0029 ")" */
    0x11, 0x00, 0x06, 0xc0, 0x00, 0x09, 0x90, 0x00,
    0x0e, 0x20, 0x00, 0x79, 0x00, 0x01, 0xd0, 0x00,
    0x0e, 0x00, 0x00, 0xc2, 0x00, 0x0c, 0x20, 0x00,
    0xe0, 0x00, 0x2d, 0x00, 0x07, 0x80, 0x01, 0xe1,
    0x00, 0xb7, 0x00, 0x6b, 0x00, 0x00, 0x00, 0x00,

    /* U+002A "*" */
    0x00, 0x09, 0x90, 0x00, 0x12, 0x09, 0x90, 0x21,
    0x7f, 0x78, 0x87, 0xf7, 0x05, 0xdf, 0xfd, 0x50,
    0x01, 0x9f, 0xf9, 0x10, 0x5e, 0xca, 0xac, 0xe5,
    0x37, 0x08, 0x80, 0x73, 0x00, 0x09, 0x90, 0x00,
    0x00, 0x05, 0x50, 0x00,

    /* U+002B "+" */
    0x00, 0x06, 0x40, 0x00, 0x00, 0x0a, 0x70, 0x00,
    0x00, 0x0a, 0x70, 0x00, 0x00, 0x0a, 0x70, 0x00,
    0xaf, 0xff, 0xff, 0xf7, 0x12, 0x2a, 0x82, 0x21,
    0x00, 0x0a, 0x70, 0x00, 0x00, 0x0a, 0x70, 0x00,

    /* U+002C "," */
    0x55, 0xbc, 0x38, 0x82,

    /* U+002D "-" */
    0xaf, 0xff, 0xff, 0xf6, 0x12, 0x22, 0x22, 0x20,

    /* U+002E "." */
    0x55, 0xcb,

    /* U+002F "/" */
    0x00, 0x00, 0x00, 0x22, 0x00, 0x00, 0x00, 0xb2,
    0x00, 0x00, 0x03, 0x90, 0x00, 0x00, 0x0b, 0x10,
    0x00, 0x00, 0x48, 0x00, 0x00, 0x00, 0xc1, 0x00,
    0x00, 0x05, 0x80, 0x00, 0x00, 0x0c, 0x00, 0x00,
    0x00, 0x57, 0x00, 0x00, 0x00, 0xc0, 0x00, 0x00,
    0x06, 0x60, 0x00, 0x00, 0x0c, 0x00, 0x00, 0x00,
    0x76, 0x00, 0x00, 0x00, 0x30, 0x00, 0x00, 0x00,

    /* U+0030 "0" */
    0x00, 0x8e, 0xe6, 0x00, 0x07, 0xf7, 0x7f, 0x40,
    0x0f, 0x70, 0x09, 0xb0, 0x3f, 0x10, 0x04, 0xf0,
    0x6e, 0x00, 0x02, 0xf1, 0x6d, 0x00, 0x01, 0xf2,
    0x6d, 0x00, 0x01, 0xf2, 0x5e, 0x00, 0x02, 0xf1,
    0x2f, 0x20, 0x05, 0xf0, 0x0d, 0x80, 0x0b, 0xa0,
    0x05, 0xfa, 0xbf, 0x30, 0x00, 0x4c, 0xb3, 0x00,
    0x00, 0x00, 0x00, 0x00,

    /* U+0031 "1" */
    0x00, 0x6c, 0x03, 0xfc, 0x4f, 0xcc, 0x74, 0x8c,
    0x00, 0x8c, 0x00, 0x8c, 0x00, 0x8c, 0x00, 0x8c,
    0x00, 0x8c, 0x00, 0x8c, 0x00, 0x8c, 0x00, 0x8c,

    /* U+0032 "2" */
    0x00, 0x00, 0x00, 0x00, 0x01, 0xbf, 0xfa, 0x00,
    0x0c, 0xe7, 0x7f, 0x80, 0x4f, 0x20, 0x08, 0xd0,
    0x02, 0x00, 0x07, 0xd0, 0x00, 0x00, 0x0b, 0xa0,
    0x00, 0x00, 0x3f, 0x30, 0x00, 0x00, 0xda, 0x00,
    0x00, 0x08, 0xe1, 0x00, 0x00, 0x4f, 0x40, 0x00,
    0x02, 0xe8, 0x00, 0x00, 0x0d, 0xe3, 0x33, 0x30,
    0x2f, 0xff, 0xff, 0xf1,

    /* U+0033 "3" */
    0x00, 0x5b, 0xb6, 0x00, 0x06, 0xe7, 0x8f, 0x70,
    0x0e, 0x40, 0x08, 0xd0, 0x04, 0x00, 0x06, 0xd0,
    0x00, 0x00, 0x1d, 0x80, 0x00, 0x09, 0xfb, 0x00,
    0x00, 0x04, 0x9f, 0x50, 0x00, 0x00, 0x08, 0xe0,
    0x03, 0x00, 0x04, 0xf0, 0x3f, 0x20, 0x07, 0xe0,
    0x0c, 0xd6, 0x6f, 0x70, 0x01, 0xaf, 0xe7, 0x00,

    /* U+0034 "4" */
    0x00, 0x00, 0x1f, 0x30, 0x00, 0x00, 0xbf, 0x30,
    0x00, 0x05, 0xff, 0x30, 0x00, 0x0e, 0x6f, 0x30,
    0x00, 0x9c, 0x0f, 0x30, 0x03, 0xf2, 0x0f, 0x30,
    0x0d, 0x70, 0x0f, 0x30, 0x7d, 0x00, 0x0f, 0x30,
    0xcf, 0xff, 0xff, 0xfa, 0x22, 0x22, 0x2f, 0x51,
    0x00, 0x00, 0x0f, 0x30, 0x00, 0x00, 0x0f, 0x30,

    /* U+0035 "5" */
    0x05, 0xff, 0xff, 0xb0, 0x08, 0xb3, 0x33, 0x20,
    0x0b, 0x70, 0x00, 0x00, 0x0e, 0x40, 0x00, 0x00,
    0x1f, 0xcf, 0xe8, 0x00, 0x4f, 0x84, 0x7f, 0x70,
    0x12, 0x00, 0x08, 0xe0, 0x00, 0x00, 0x04, 0xf0,
    0x22, 0x00, 0x04, 0xf0, 0x9b, 0x00, 0x0a, 0xc0,
    0x3f, 0x95, 0xaf, 0x50, 0x05, 0xdf, 0xc4, 0x00,

    /* U+0036 "6" */
    0x00, 0x00, 0xe8, 0x00, 0x00, 0x08, 0xe0, 0x00,
    0x00, 0x1f, 0x50, 0x00, 0x00, 0xac, 0x00, 0x00,
    0x04, 0xfb, 0xa7, 0x00, 0x0c, 0xfc, 0xcf, 0xc0,
    0x2f, 0x80, 0x04, 0xf5, 0x5f, 0x10, 0x00, 0xd8,
    0x5f, 0x00, 0x00, 0xc8, 0x2f, 0x30, 0x01, 0xf5,
    0x0b, 0xd5, 0x4c, 0xd0, 0x00, 0x9e, 0xfc, 0x20,

    /* U+0037 "7" */
    0x5f, 0xff, 0xff, 0xf6, 0x13, 0x33, 0x35, 0xf3,
    0x00, 0x00, 0x09, 0xb0, 0x00, 0x00, 0x1f, 0x30,
    0x00, 0x00, 0x7c, 0x00, 0x00, 0x00, 0xe5, 0x00,
    0x00, 0x04, 0xf0, 0x00, 0x00, 0x0a, 0xa0, 0x00,
    0x00, 0x0e, 0x50, 0x00, 0x00, 0x4f, 0x00, 0x00,
    0x00, 0x8d, 0x00, 0x00, 0x00, 0xc9, 0x00, 0x00,

    /* U+0038 "8" */
    0x01, 0xbf, 0xe8, 0x00, 0x0c, 0xa4, 0x6f, 0x70,
    0x1f, 0x00, 0x08, 0xc0, 0x2f, 0x00, 0x07, 0xc0,
    0x0e, 0x80, 0x1d, 0x70, 0x04, 0xff, 0xfa, 0x00,
    0x0d, 0xb5, 0x7e, 0x70, 0x6e, 0x00, 0x04, 0xf0,
    0x8b, 0x00, 0x01, 0xf2, 0x7e, 0x00, 0x06, 0xf1,
    0x2f, 0xc8, 0xaf, 0xa0, 0x04, 0xcf, 0xfa, 0x10,

    /* U+0039 "9" */
    0x02, 0xbf, 0xe7, 0x00, 0x1e, 0xc6, 0x8f, 0x70,
    0x7e, 0x10, 0x09, 0xe0, 0xab, 0x00, 0x05, 0xf0,
    0xab, 0x00, 0x07, 0xe0, 0x6f, 0x30, 0x1e, 0xa0,
    0x0c, 0xfc, 0xff, 0x30, 0x00, 0x47, 0xeb, 0x00,
    0x00, 0x04, 0xf3, 0x00, 0x00, 0x0b, 0xb0, 0x00,
    0x00, 0x3f, 0x20, 0x00, 0x00, 0xba, 0x00, 0x00,

    /* U+003A ":" */
    0xe9, 0x64, 0x00, 0x00, 0x00, 0x00, 0x64, 0xe9,

    /* U+003B ";" */
    0xe9, 0x64, 0x00, 0x00, 0x00, 0x00, 0x64, 0xe9,
    0x65, 0xa0,

    /* U+003C "<" */
    0x00, 0x00, 0x00, 0x00, 0x00, 0x00, 0x01, 0xd2,
    0x00, 0x00, 0x2d, 0x50, 0x00, 0x02, 0xd4, 0x00,
    0x00, 0x2d, 0x40, 0x00, 0x02, 0xd4, 0x00, 0x00,
    0x2d, 0x40, 0x00, 0x00, 0x1d, 0x50, 0x00, 0x00,
    0x01, 0xc6, 0x00, 0x00, 0x00, 0x1c, 0x60, 0x00,
    0x00, 0x00, 0xc7, 0x00, 0x00, 0x00, 0x0c, 0x80,
    0x00, 0x00, 0x00, 0xb2, 0x00, 0x00, 0x00, 0x00,

    /* U+003D "=" */
    0xaf, 0xff, 0xff, 0xf6, 0x12, 0x22, 0x22, 0x20,
    0x00, 0x00, 0x00, 0x00, 0x00, 0x00, 0x00, 0x00,
    0xaf, 0xff, 0xff, 0xf6, 0x12, 0x22, 0x22, 0x20,

    /* U+003E ">" */
    0x00, 0x00, 0x00, 0x00, 0x4c, 0x10, 0x00, 0x00,
    0x06, 0xc1, 0x00, 0x00, 0x00, 0x6c, 0x10, 0x00,
    0x00, 0x06, 0xc1, 0x00, 0x00, 0x00, 0x5c, 0x10,
    0x00, 0x00, 0x05, 0xd1, 0x00, 0x00, 0x07, 0xc0,
    0x00, 0x00, 0x7b, 0x00, 0x00, 0x08, 0xb0, 0x00,
    0x00, 0x9a, 0x00, 0x00, 0x09, 0xa0, 0x00, 0x00,
    0x4a, 0x00, 0x00, 0x00, 0x00, 0x00, 0x00, 0x00,

    /* U+003F "?" */
    0x00, 0x9e, 0xe8, 0x00, 0x9e, 0x67, 0xf6, 0x0f,
    0x70, 0x0c, 0xb1, 0xd3, 0x00, 0xcc, 0x00, 0x00,
    0x2f, 0x70, 0x00, 0x0d, 0xc0, 0x00, 0x08, 0xe1,
    0x00, 0x00, 0xc6, 0x00, 0x00, 0x04, 0x10, 0x00,
    0x00, 0x00, 0x00, 0x00, 0x09, 0x40, 0x00, 0x00,
    0xf7, 0x00,

    /* U+0040 "@" */
    0x00, 0x69, 0x89, 0x10, 0x06, 0x50, 0x01, 0x90,
    0x09, 0x07, 0xbb, 0x82, 0x54, 0x5a, 0x2d, 0x45,
    0x81, 0xc2, 0x4a, 0x27, 0x91, 0xe0, 0x67, 0x27,
    0x93, 0xc0, 0x95, 0x45, 0x92, 0xe1, 0xd4, 0x91,
    0x72, 0x9d, 0x7e, 0x60, 0x37, 0x00, 0x00, 0x00,
    0x09, 0x20, 0x04, 0x30, 0x00, 0x88, 0x86, 0x00,

    /* U+0041 "A" */
    0x00, 0x0d, 0xb0, 0x00, 0x00, 0x1f, 0xf0, 0x00,
    0x00, 0x5f, 0xf3, 0x00, 0x00, 0x9a, 0xd7, 0x00,
    0x00, 0xd7, 0x9b, 0x00, 0x01, 0xf3, 0x5f, 0x00,
    0x06, 0xf0, 0x2f, 0x40, 0x0a, 0xff, 0xff, 0x80,
    0x0e, 0x93, 0x3a, 0xc0, 0x2f, 0x40, 0x06, 0xf0,
    0x6f, 0x00, 0x02, 0xf4, 0xac, 0x00, 0x00, 0xe8,

    /* U+0042 "B" */
    0x5f, 0xff, 0xe9, 0x00, 0x5f, 0x54, 0x6e, 0xa0,
    0x5f, 0x20, 0x07, 0xf0, 0x5f, 0x20, 0x07, 0xf0,
    0x5f, 0x20, 0x2d, 0xb0, 0x5f, 0xff, 0xfd, 0x10,
    0x5f, 0x53, 0x6e, 0xb0, 0x5f, 0x20, 0x04, 0xf3,
    0x5f, 0x20, 0x02, 0xf5, 0x5f, 0x20, 0x05, 0xf4,
    0x5f, 0x54, 0x6e, 0xe0, 0x5f, 0xff, 0xea, 0x20,

    /* U+0043 "C" */
    0x00, 0x6d, 0xfa, 0x10, 0x05, 0xf8, 0x5d, 0xb0,
    0x0d, 0xa0, 0x04, 0xf2, 0x2f, 0x40, 0x01, 0xf4,
    0x5f, 0x20, 0x00, 0x51, 0x6f, 0x10, 0x00, 0x00,
    0x6f, 0x10, 0x00, 0x00, 0x6f, 0x10, 0x00, 0xc5,
    0x3f, 0x40, 0x01, 0xf5, 0x0f, 0x90, 0x05, 0xf1,
    0x07, 0xf8, 0x6e, 0xa0, 0x00, 0x7e, 0xfa, 0x00,

    /* U+0044 "D" */
    0x5f, 0xff, 0xb3, 0x00, 0x5f, 0x55, 0xcf, 0x40,
    0x5f, 0x20, 0x0d, 0xc0, 0x5f, 0x20, 0x07, 0xf1,
    0x5f, 0x20, 0x04, 0xf3, 0x5f, 0x20, 0x03, 0xf4,
    0x5f, 0x20, 0x03, 0xf4, 0x5f, 0x20, 0x04, 0xf3,
    0x5f, 0x20, 0x07, 0xf1, 0x5f, 0x20, 0x0d, 0xb0,
    0x5f, 0x55, 0xcf, 0x30, 0x5f, 0xff, 0xb2, 0x00,

    /* U+0045 "E" */
    0x2f, 0xff, 0xff, 0xf0, 0x2f, 0x84, 0x44, 0x40,
    0x2f, 0x50, 0x00, 0x00, 0x2f, 0x50, 0x00, 0x00,
    0x2f, 0x50, 0x00, 0x00, 0x2f, 0xff, 0xff, 0x90,
    0x2f, 0x73, 0x33, 0x10, 0x2f, 0x50, 0x00, 0x00,
    0x2f, 0x50, 0x00, 0x00, 0x2f, 0x50, 0x00, 0x00,
    0x2f, 0x74, 0x44, 0x41, 0x2f, 0xff, 0xff, 0xf4,

    /* U+0046 "F" */
    0x4f, 0xff, 0xff, 0xf5, 0x4f, 0x64, 0x44, 0x41,
    0x4f, 0x30, 0x00, 0x00, 0x4f, 0x30, 0x00, 0x00,
    0x4f, 0x30, 0x00, 0x00, 0x4f, 0x30, 0x00, 0x00,
    0x4f, 0xff, 0xff, 0x10, 0x4f, 0x63, 0x33, 0x00,
    0x4f, 0x30, 0x00, 0x00, 0x4f, 0x30, 0x00, 0x00,
    0x4f, 0x30, 0x00, 0x00, 0x4f, 0x30, 0x00, 0x00,

    /* U+0047 "G" */
    0x00, 0x7e, 0xf9, 0x00, 0x06, 0xf7, 0x6f, 0x70,
    0x0e, 0x80, 0x08, 0xe0, 0x2f, 0x40, 0x04, 0xf0,
    0x5f, 0x20, 0x00, 0x20, 0x6f, 0x10, 0x00, 0x00,
    0x6f, 0x11, 0xff, 0xf2, 0x6f, 0x10, 0x35, 0xf2,
    0x4f, 0x40, 0x02, 0xf2, 0x0f, 0x90, 0x05, 0xf2,
    0x07, 0xf8, 0x6e, 0xf2, 0x00, 0x8e, 0xe7, 0xf2,

    /* U+0048 "H" */
    0x5f, 0x20, 0x05, 0xf2, 0x5f, 0x20, 0x05, 0xf2,
    0x5f, 0x20, 0x05, 0xf2, 0x5f, 0x20, 0x05, 0xf2,
    0x5f, 0x20, 0x05, 0xf2, 0x5f, 0xff, 0xff, 0xf2,
    0x5f, 0x53, 0x37, 0xf2, 0x5f, 0x20, 0x05, 0xf2,
    0x5f, 0x20, 0x05, 0xf2, 0x5f, 0x20, 0x05, 0xf2,
    0x5f, 0x20, 0x05, 0xf2, 0x5f, 0x20, 0x05, 0xf2,

    /* U+0049 "I" */
    0xda, 0xda, 0xda, 0xda, 0xda, 0xda, 0xda, 0xda,
    0xda, 0xda, 0xda, 0xda,

    /* U+004A "J" */
    0x00, 0x00, 0x07, 0xf0, 0x00, 0x00, 0x7f, 0x00,
    0x00, 0x07, 0xf0, 0x00, 0x00, 0x7f, 0x00, 0x00,
    0x07, 0xf0, 0x00, 0x00, 0x7f, 0x00, 0x00, 0x07,
    0xf2, 0xa2, 0x00, 0x7f, 0x2f, 0x40, 0x07, 0xf0,
    0xf7, 0x00, 0xad, 0x0a, 0xf7, 0x9f, 0x70, 0x09,
    0xee, 0x80,

    /* U+004B "K" */
    0x5f, 0x20, 0x0a, 0xe1, 0x5f, 0x20, 0x5f, 0x50,
    0x5f, 0x21, 0xe9, 0x00, 0x5f, 0x2b, 0xd0, 0x00,
    0x5f, 0x8f, 0x40, 0x00, 0x5f, 0xff, 0x70, 0x00,
    0x5f, 0xca, 0xe0, 0x00, 0x5f, 0x32, 0xf6, 0x00,
    0x5f, 0x20, 0xbe, 0x00, 0x5f, 0x20, 0x3f, 0x60,
    0x5f, 0x20, 0x0b, 0xd0, 0x5f, 0x20, 0x03, 0xf6,

    /* U+004C "L" */
    0x4f, 0x30, 0x00, 0x00, 0x4f, 0x30, 0x00, 0x00,
    0x4f, 0x30, 0x00, 0x00, 0x4f, 0x30, 0x00, 0x00,
    0x4f, 0x30, 0x00, 0x00, 0x4f, 0x30, 0x00, 0x00,
    0x4f, 0x30, 0x00, 0x00, 0x4f, 0x30, 0x00, 0x00,
    0x4f, 0x30, 0x00, 0x00, 0x4f, 0x30, 0x00, 0x00,
    0x4f, 0x64, 0x44, 0x41, 0x4f, 0xff, 0xff, 0xf4,

    /* U+004D "M" */
    0x7f, 0x90, 0x0b, 0xf5, 0x7f, 0xc0, 0x0e, 0xf5,
    0x7f, 0xe0, 0x0f, 0xf5, 0x7e, 0xf1, 0x3e, 0xf5,
    0x7d, 0xd4, 0x6b, 0xf5, 0x7d, 0xa6, 0x88, 0xf5,
    0x7d, 0x89, 0xb6, 0xf5, 0x7d, 0x5c, 0xe3, 0xf5,
    0x7d, 0x2f, 0xf0, 0xf5, 0x7d, 0x0f, 0xd0, 0xf5,
    0x7d, 0x0d, 0xb0, 0xf5, 0x7d, 0x0a, 0x80, 0xf5,

    /* U+004E "N" */
    0x6f, 0x60, 0x05, 0xf2, 0x6f, 0xc0, 0x05, 0xf2,
    0x6f, 0xf2, 0x05, 0xf2, 0x6f, 0xd9, 0x05, 0xf2,
    0x6f, 0x7e, 0x05, 0xf2, 0x6f, 0x1f, 0x55, 0xf2,
    0x6f, 0x19, 0xc5, 0xf2, 0x6f, 0x13, 0xf7, 0xf2,
    0x6f, 0x10, 0xdd, 0xf2, 0x6f, 0x10, 0x6f, 0xf2,
    0x6f, 0x10, 0x1f, 0xf2, 0x6f, 0x10, 0x0a, 0xf2,

    /* U+004F "O" */
    0x00, 0x9f, 0xe8, 0x00, 0x0a, 0xf6, 0x7f, 0x80,
    0x2f, 0x60, 0x09, 0xe0, 0x5f, 0x10, 0x04, 0xf2,
    0x7f, 0x00, 0x02, 0xf4, 0x8f, 0x00, 0x02, 0xf5,
    0x8f, 0x00, 0x02, 0xf5, 0x7f, 0x00, 0x02, 0xf4,
    0x5f, 0x10, 0x04, 0xf2, 0x1f, 0x60, 0x09, 0xe0,
    0x0a, 0xf6, 0x7f, 0x70, 0x00, 0x9f, 0xe8, 0x00,

    /* U+0050 "P" */
    0x3f, 0xff, 0xea, 0x10, 0x3f, 0x74, 0x6d, 0xc0,
    0x3f, 0x40, 0x04, 0xf3, 0x3f, 0x40, 0x01, 0xf5,
    0x3f, 0x40, 0x03, 0xf3, 0x3f, 0x40, 0x2b, 0xe0,
    0x3f, 0xff, 0xfe, 0x30, 0x3f, 0x63, 0x20, 0x00,
    0x3f, 0x40, 0x00, 0x00, 0x3f, 0x40, 0x00, 0x00,
    0x3f, 0x40, 0x00, 0x00, 0x3f, 0x40, 0x00, 0x00,

    /* U+0051 "Q" */
    0x00, 0x9f, 0xe8, 0x00, 0x0a, 0xf6, 0x7f, 0x80,
    0x2f, 0x60, 0x09, 0xe0, 0x5f, 0x10, 0x04, 0xf2,
    0x7f, 0x00, 0x02, 0xf4, 0x8f, 0x00, 0x02, 0xf5,
    0x8f, 0x00, 0x02, 0xf5, 0x7f, 0x00, 0x73, 0xf4,
    0x5f, 0x10, 0xfb, 0xf2, 0x1f, 0x60, 0x8f, 0xe0,
    0x0a, 0xf6, 0x8f, 0x90, 0x00, 0x9f, 0xed, 0xc0,
    0x00, 0x00, 0x02, 0x30,

    /* U+0052 "R" */
    0x5f, 0xff, 0xe9, 0x00, 0x5f, 0x54, 0x7f, 0xb0,
    0x5f, 0x20, 0x07, 0xf1, 0x5f, 0x20, 0x04, 0xf2,
    0x5f, 0x20, 0x06, 0xf1, 0x5f, 0x20, 0x3d, 0xc0,
    0x5f, 0xff, 0xfd, 0x20, 0x5f, 0x54, 0xf5, 0x00,
    0x5f, 0x20, 0xad, 0x00, 0x5f, 0x20, 0x2f, 0x40,
    0x5f, 0x20, 0x0b, 0xc0, 0x5f, 0x20, 0x03, 0xf4,

    /* U+0053 "S" */
    0x00, 0x9e, 0xe9, 0x00, 0x0a, 0xe6, 0x8f, 0x60,
    0x0f, 0x50, 0x0a, 0xc0, 0x2f, 0x50, 0x02, 0x50,
    0x0d, 0xe4, 0x00, 0x00, 0x02, 0xcf, 0xc3, 0x00,
    0x00, 0x05, 0xdf, 0x50, 0x00, 0x00, 0x0b, 0xf0,
    0x5d, 0x00, 0x04, 0xf3, 0x4f, 0x30, 0x05, 0xf1,
    0x0d, 0xd5, 0x6e, 0xb0, 0x02, 0xbe, 0xe9, 0x10,

    /* U+0054 "T" */
    0x5f, 0xff, 0xff, 0xf2, 0x14, 0x4d, 0xb4, 0x40,
    0x00, 0x0d, 0xa0, 0x00, 0x00, 0x0d, 0xa0, 0x00,
    0x00, 0x0d, 0xa0, 0x00, 0x00, 0x0d, 0xa0, 0x00,
    0x00, 0x0d, 0xa0, 0x00, 0x00, 0x0d, 0xa0, 0x00,
    0x00, 0x0d, 0xa0, 0x00, 0x00, 0x0d, 0xa0, 0x00,
    0x00, 0x0d, 0xa0, 0x00, 0x00, 0x0d, 0xa0, 0x00,

    /* U+0055 "U" */
    0x5f, 0x20, 0x04, 0xf3, 0x5f, 0x20, 0x04, 0xf3,
    0x5f, 0x20, 0x04, 0xf3, 0x5f, 0x20, 0x04, 0xf3,
    0x5f, 0x20, 0x04, 0xf3, 0x5f, 0x20, 0x04, 0xf3,
    0x5f, 0x20, 0x04, 0xf3, 0x5f, 0x20, 0x04, 0xf3,
    0x4f, 0x20, 0x04, 0xf2, 0x2f, 0x40, 0x07, 0xf0,
    0x0c, 0xe5, 0x6e, 0xa0, 0x01, 0xbe, 0xea, 0x10,

    /* U+0056 "V" */
    0xbb, 0x00, 0x00, 0xf7, 0x7f, 0x00, 0x03, 0xf3,
    0x3f, 0x30, 0x07, 0xf0, 0x0f, 0x70, 0x0b, 0xb0,
    0x0b, 0xb0, 0x0f, 0x70, 0x07, 0xe0, 0x3f, 0x30,
    0x02, 0xf2, 0x6e, 0x00, 0x00, 0xe6, 0xaa, 0x00,
    0x00, 0xaa, 0xe6, 0x00, 0x00, 0x6f, 0xf2, 0x00,
    0x00, 0x2f, 0xe0, 0x00, 0x00, 0x0e, 0xa0, 0x00,

    /* U+0057 "W" */
    0xe7, 0x0e, 0x90, 0xba, 0xc9, 0x0f, 0xb0, 0xd8,
    0xaa, 0x1f, 0xd0, 0xe6, 0x8b, 0x3c, 0xf0, 0xf4,
    0x6d, 0x5a, 0xe3, 0xf2, 0x4e, 0x78, 0xc6, 0xf0,
    0x3f, 0xa6, 0xa9, 0xf0, 0x1f, 0xd4, 0x8d, 0xd0,
    0x0f, 0xf2, 0x6f, 0xb0, 0x0d, 0xf0, 0x4f, 0x90,
    0x0b, 0xe0, 0x2f, 0x70, 0x09, 0xc0, 0x0f, 0x50,

    /* U+0058 "X" */
    0x3f, 0x40, 0x08, 0xe0, 0x0b, 0xa0, 0x0e, 0x70,
    0x04, 0xf1, 0x5f, 0x10, 0x00, 0xd8, 0xc9, 0x00,
    0x00, 0x5f, 0xf2, 0x00, 0x00, 0x0e, 0xb0, 0x00,
    0x00, 0x3f, 0xe0, 0x00, 0x00, 0xab, 0xe6, 0x00,
    0x02, 0xf4, 0x8d, 0x00, 0x09, 0xd0, 0x1f, 0x50,
    0x1f, 0x60, 0x0a, 0xc0, 0x8e, 0x00, 0x03, 0xf4,

    /* U+0059 "Y" */
    0x8e, 0x00, 0x01, 0xf5, 0x1f, 0x50, 0x08, 0xe0,
    0x0a, 0xc0, 0x0e, 0x70, 0x03, 0xf2, 0x5f, 0x00,
    0x00, 0xb9, 0xc8, 0x00, 0x00, 0x4f, 0xf2, 0x00,
    0x00, 0x0e, 0xb0, 0x00, 0x00, 0x0d, 0xa0, 0x00,
    0x00, 0x0d, 0xa0, 0x00, 0x00, 0x0d, 0xa0, 0x00,
    0x00, 0x0d, 0xa0, 0x00, 0x00, 0x0d, 0xa0, 0x00,

    /* U+005A "Z" */
    0x1f, 0xff, 0xff, 0xf1, 0x04, 0x44, 0x4b, 0xe0,
    0x00, 0x00, 0x1f, 0x60, 0x00, 0x00, 0x9d, 0x00,
    0x00, 0x02, 0xf5, 0x00, 0x00, 0x0a, 0xc0, 0x00,
    0x00, 0x2f, 0x40, 0x00, 0x00, 0xbb, 0x00, 0x00,
    0x03, 0xf3, 0x00, 0x00, 0x0c, 0xa0, 0x00, 0x00,
    0x4f, 0x64, 0x44, 0x41, 0x7f, 0xff, 0xff, 0xf4,

    /* U+005B "[" */
    0xdf, 0xff, 0x0e, 0x42, 0x20, 0xe3, 0x00, 0x0e,
    0x30, 0x00, 0xe3, 0x00, 0x0e, 0x30, 0x00, 0xe3,
    0x00, 0x0e, 0x30, 0x00, 0xe3, 0x00, 0x0e, 0x30,
    0x00, 0xe3, 0x00, 0x0e, 0x30, 0x00, 0xe3, 0x00,
    0x0e, 0x30, 0x00, 0xef, 0xff, 0x01, 0x22, 0x20,

    /* U+005C "\\" */
    0x0e, 0x00, 0x00, 0x00, 0x0a, 0x50, 0x00, 0x00,
    0x04, 0xb0, 0x00, 0x00, 0x00, 0xd2, 0x00, 0x00,
    0x00, 0x87, 0x00, 0x00, 0x00, 0x2d, 0x00, 0x00,
    0x00, 0x0c, 0x30, 0x00, 0x00, 0x06, 0x90, 0x00,
    0x00, 0x00, 0xe0, 0x00, 0x00, 0x00, 0xa5, 0x00,
    0x00, 0x00, 0x4b, 0x00, 0x00, 0x00, 0x0d, 0x20,
    0x00, 0x00, 0x08, 0x70, 0x00, 0x00, 0x02, 0xd0,

    /* U+005D "]" */
    0x3f, 0xff, 0xa0, 0x22, 0x7b, 0x00, 0x06, 0xb0,
    0x00, 0x6b, 0x00, 0x06, 0xb0, 0x00, 0x6b, 0x00,
    0x06, 0xb0, 0x00, 0x6b, 0x00, 0x06, 0xb0, 0x00,
    0x6b, 0x00, 0x06, 0xb0, 0x00, 0x6b, 0x00, 0x06,
    0xb0, 0x00, 0x6b, 0x3f, 0xff, 0xb0, 0x22, 0x21,

    /* U+005E "^" */
    0x00, 0x4f, 0xe1, 0x00, 0x1e, 0x8b, 0xb0, 0x0b,
    0x80, 0x0b, 0x70,

    /* U+005F "_" */
    0xcc, 0xcc, 0xcc, 0xcb,

    /* U+0060 "`" */
    0x9f, 0x30, 0x0a, 0xc0, 0x00, 0xc6,

    /* U+0061 "a" */
    0x01, 0xae, 0xe9, 0x00, 0x0a, 0xd4, 0x4e, 0x70,
    0x06, 0x30, 0x0b, 0xa0, 0x00, 0x6b, 0xef, 0xb0,
    0x0d, 0xd8, 0x59, 0xb0, 0x4f, 0x20, 0x0a, 0xb0,
    0x2f, 0x51, 0x8f, 0xb0, 0x07, 0xee, 0xa9, 0xe0,

    /* U+0062 "b" */
    0x4f, 0x00, 0x00, 0x00, 0x4f, 0x00, 0x00, 0x00,
    0x4f, 0x00, 0x00, 0x00, 0x4f, 0x00, 0x00, 0x00,
    0x4f, 0x5e, 0xf8, 0x00, 0x4f, 0xd4, 0x6f, 0x60,
    0x4f, 0x40, 0x09, 0xd0, 0x4f, 0x00, 0x05, 0xf0,
    0x4f, 0x00, 0x05, 0xf0, 0x4f, 0x40, 0x08, 0xd0,
    0x4f, 0xd4, 0x6f, 0x70, 0x4f, 0x6e, 0xe8, 0x00,

    /* U+0063 "c" */
    0x00, 0xaf, 0xe9, 0x00, 0x0b, 0xd5, 0x5e, 0x90,
    0x3f, 0x30, 0x05, 0x90, 0x5f, 0x00, 0x00, 0x00,
    0x5f, 0x00, 0x01, 0x30, 0x3f, 0x30, 0x06, 0xf0,
    0x0b, 0xd5, 0x5d, 0x90, 0x00, 0xaf, 0xe9, 0x00,

    /* U+0064 "d" */
    0x00, 0x00, 0x06, 0xe0, 0x00, 0x00, 0x6e, 0x00,
    0x00, 0x06, 0xe0, 0x00, 0x00, 0x6e, 0x02, 0xbf,
    0xc8, 0xe0, 0xcd, 0x47, 0xfe, 0x3f, 0x30, 0x0a,
    0xe5, 0xf0, 0x00, 0x7e, 0x6f, 0x00, 0x06, 0xe3,
    0xf2, 0x00, 0x9e, 0x0d, 0xb2, 0x5f, 0xe0, 0x2b,
    0xfc, 0x9e,

    /* U+0065 "e" */
    0x00, 0x9e, 0xe8, 0x00, 0x0a, 0xd3, 0x4e, 0x80,
    0x2f, 0x40, 0x08, 0xe0, 0x4f, 0xff, 0xff, 0xf0,
    0x4f, 0x22, 0x22, 0x20, 0x2f, 0x30, 0x03, 0xa0,
    0x0a, 0xd5, 0x4d, 0xb0, 0x00, 0x9e, 0xe9, 0x10,

    /* U+0066 "f" */
    0x00, 0x04, 0xdf, 0xd1, 0x00, 0x0f, 0x84, 0x61,
    0x00, 0x2f, 0x10, 0x00, 0x00, 0x3f, 0x10, 0x00,
    0x5f, 0xff, 0xff, 0xa0, 0x01, 0x3f, 0x11, 0x00,
    0x00, 0x3f, 0x10, 0x00, 0x00, 0x3f, 0x10, 0x00,
    0x00, 0x3f, 0x10, 0x00, 0x00, 0x3f, 0x10, 0x00,
    0x00, 0x3f, 0x10, 0x00, 0x00, 0x3f, 0x10, 0x00,

    /* U+0067 "g" */
    0x00, 0x00, 0x00, 0x00, 0x00, 0xaf, 0xd7, 0xd6,
    0x08, 0xc3, 0x8f, 0x21, 0x0c, 0x70, 0x1f, 0x20,
    0x09, 0xb0, 0x6f, 0x00, 0x05, 0xff, 0xf5, 0x00,
    0x0f, 0x12, 0x00, 0x00, 0x0e, 0x93, 0x31, 0x00,
    0x08, 0xff, 0xff, 0xb0, 0x4e, 0x10, 0x04, 0xf1,
    0x09, 0xef, 0xec, 0x60,

    /* U+0068 "h" */
    0x2f, 0x20, 0x00, 0x02, 0xf2, 0x00, 0x00, 0x2f,
    0x20, 0x00, 0x02, 0xf2, 0x00, 0x00, 0x2f, 0x3b,
    0xfd, 0x32, 0xfd, 0x72, 0xbc, 0x2f, 0x90, 0x04,
    0xf2, 0xf4, 0x00, 0x4f, 0x2f, 0x20, 0x04, 0xf2,
    0xf2, 0x00, 0x4f, 0x2f, 0x20, 0x04, 0xf2, 0xf2,
    0x00, 0x4f,

    /* U+0069 "i" */
    0xc8, 0x96, 0x00, 0x00, 0xc8, 0xc8, 0xc8, 0xc8,
    0xc8, 0xc8, 0xc8, 0xc8,

    /* U+006A "j" */
    0x00, 0x08, 0xc0, 0x00, 0x69, 0x00, 0x00, 0x00,
    0x00, 0x00, 0x00, 0x08, 0xc0, 0x00, 0x8c, 0x00,
    0x08, 0xc0, 0x00, 0x8c, 0x00, 0x08, 0xc0, 0x00,
    0x8c, 0x00, 0x08, 0xc0, 0x00, 0x8b, 0x55, 0x4d,
    0x86, 0xff, 0xa0,

    /* U+006B "k" */
    0x1f, 0x30, 0x00, 0x00, 0x1f, 0x30, 0x00, 0x00,
    0x1f, 0x30, 0x00, 0x00, 0x1f, 0x30, 0x00, 0x00,
    0x1f, 0x30, 0x2f, 0x60, 0x1f, 0x31, 0xe8, 0x00,
    0x1f, 0x3d, 0xa0, 0x00, 0x1f, 0xde, 0xd0, 0x00,
    0x1f, 0xc1, 0xe6, 0x00, 0x1f, 0x30, 0x6e, 0x00,
    0x1f, 0x30, 0x0e, 0x70, 0x1f, 0x30, 0x06, 0xf1,

    /* U+006C "l" */
    0xb9, 0xb9, 0xb9, 0xb9, 0xb9, 0xb9, 0xb9, 0xb9,
    0xb9, 0xb9, 0xb9, 0xb9,

    /* U+006D "m" */
    0xc9, 0xde, 0x5d, 0xe3, 0xce, 0x4d, 0xf4, 0xc9,
    0xc9, 0x0b, 0xa0, 0xaa, 0xc8, 0x0b, 0x90, 0xaa,
    0xc8, 0x0b, 0x90, 0xaa, 0xc8, 0x0b, 0x90, 0xaa,
    0xc8, 0x0b, 0x90, 0xaa, 0xc8, 0x0b, 0x90, 0xaa,

    /* U+006E "n" */
    0x2f, 0x3b, 0xfd, 0x32, 0xfe, 0x50, 0xac, 0x2f,
    0x80, 0x04, 0xf2, 0xf3, 0x00, 0x4f, 0x2f, 0x20,
    0x04, 0xf2, 0xf2, 0x00, 0x4f, 0x2f, 0x20, 0x04,
    0xf2, 0xf2, 0x00, 0x4f,

    /* U+006F "o" */
    0x00, 0x9f, 0xe8, 0x00, 0x0a, 0xe5, 0x5e, 0x80,
    0x2f, 0x40, 0x06, 0xf1, 0x5f, 0x00, 0x02, 0xf3,
    0x5f, 0x00, 0x02, 0xf3, 0x2f, 0x30, 0x05, 0xf1,
    0x0a, 0xd5, 0x5e, 0x80, 0x00, 0x9f, 0xe8, 0x00,

    /* U+0070 "p" */
    0x4f, 0x7e, 0xe8, 0x00, 0x4f, 0xc2, 0x4e, 0x70,
    0x4f, 0x30, 0x08, 0xd0, 0x4f, 0x00, 0x05, 0xf0,
    0x4f, 0x10, 0x05, 0xf0, 0x4f, 0x40, 0x09, 0xd0,
    0x4f, 0xd4, 0x6f, 0x60, 0x4f, 0x5e, 0xf8, 0x00,
    0x4f, 0x00, 0x00, 0x00, 0x4f, 0x00, 0x00, 0x00,

    /* U+0071 "q" */
    0x01, 0xbf, 0xc8, 0xe0, 0xdc, 0x47, 0xfe, 0x3f,
    0x20, 0x0a, 0xe6, 0xf0, 0x00, 0x6e, 0x5f, 0x00,
    0x06, 0xe3, 0xf3, 0x00, 0xae, 0x0c, 0xc4, 0x7f,
    0xe0, 0x2c, 0xfc, 0x8e, 0x00, 0x00, 0x06, 0xe0,
    0x00, 0x00, 0x6e,

    /* U+0072 "r" */
    0x6e, 0x08, 0xe3, 0x6e, 0xbb, 0x61, 0x6f, 0xa0,
    0x00, 0x6f, 0x10, 0x00, 0x6e, 0x00, 0x00, 0x6e,
    0x00, 0x00, 0x6e, 0x00, 0x00, 0x6e, 0x00, 0x00,

    /* U+0073 "s" */
    0x1a, 0xee, 0xa0, 0xac, 0x34, 0xd8, 0xc9, 0x00,
    0x22, 0x6f, 0xc8, 0x40, 0x02, 0x7b, 0xf7, 0x82,
    0x00, 0x8d, 0xbb, 0x33, 0xcb, 0x1a, 0xef, 0xb1,

    /* U+0074 "t" */
    0x00, 0x36, 0x00, 0x00, 0x07, 0xd0, 0x00, 0x00,
    0x7d, 0x00, 0x09, 0xff, 0xff, 0xf6, 0x01, 0x7d,
    0x11, 0x00, 0x07, 0xd0, 0x00, 0x00, 0x7d, 0x00,
    0x00, 0x07, 0xd0, 0x00, 0x00, 0x6d, 0x00, 0x00,
    0x03, 0xf5, 0x46, 0x00, 0x06, 0xef, 0xb0,

    /* U+0075 "u" */
    0x2f, 0x20, 0x04, 0xf2, 0xf2, 0x00, 0x4f, 0x2f,
    0x20, 0x04, 0xf2, 0xf2, 0x00, 0x4f, 0x2f, 0x20,
    0x05, 0xf1, 0xf2, 0x00, 0xaf, 0x0e, 0x80, 0x6e,
    0xf0, 0x4e, 0xfa, 0x5f,

    /* U+0076 "v" */
    0x4f, 0x00, 0x04, 0xf0, 0x0e, 0x50, 0x09, 0xb0,
    0x09, 0xa0, 0x0e, 0x50, 0x04, 0xf0, 0x3f, 0x00,
    0x00, 0xf4, 0x8b, 0x00, 0x00, 0xa9, 0xd6, 0x00,
    0x00, 0x4f, 0xf1, 0x00, 0x00, 0x0f, 0xb0, 0x00,

    /* U+0077 "w" */
    0xd7, 0x0e, 0xa0, 0xb9, 0xa9, 0x0f, 0xc0, 0xd6,
    0x7c, 0x3b, 0xe0, 0xf3, 0x4e, 0x68, 0xc4, 0xf0,
    0x1f, 0x96, 0xa9, 0xc0, 0x0d, 0xe3, 0x7e, 0x90,
    0x0a, 0xf0, 0x4f, 0x60, 0x07, 0xe0, 0x2f, 0x30,

    /* U+0078 "x" */
    0x0e, 0x80, 0x0c, 0xb0, 0x05, 0xf1, 0x5f, 0x20,
    0x00, 0xb9, 0xd7, 0x00, 0x00, 0x2f, 0xd0, 0x00,
    0x00, 0x3f, 0xe1, 0x00, 0x00, 0xd8, 0xc9, 0x00,
    0x07, 0xe0, 0x3f, 0x30, 0x2f, 0x50, 0x09, 0xd0,

    /* U+0079 "y" */
    0x5f, 0x10, 0x04, 0xf1, 0x0f, 0x60, 0x09, 0xb0,
    0x09, 0xb0, 0x0e, 0x50, 0x04, 0xf1, 0x4f, 0x00,
    0x00, 0xe6, 0x9a, 0x00, 0x00, 0x8c, 0xe4, 0x00,
    0x00, 0x3f, 0xe0, 0x00, 0x00, 0x0d, 0x90, 0x00,
    0x04, 0x5f, 0x30, 0x00, 0x0a, 0xf8, 0x00, 0x00,

    /* U+007A "z" */
    0x0e, 0xff, 0xff, 0xa0, 0x01, 0x14, 0xf4, 0x00,
    0x00, 0xd9, 0x00, 0x00, 0xad, 0x00, 0x00, 0x5f,
    0x20, 0x00, 0x2f, 0x60, 0x00, 0x0c, 0xb1, 0x11,
    0x02, 0xff, 0xff, 0xff,

    /* U+007B "{" */
    0x02, 0xdb, 0x09, 0xb0, 0x0a, 0xa0, 0x0a, 0xa0,
    0x0a, 0xa0, 0x0a, 0x90, 0x0b, 0x80, 0x6f, 0x30,
    0x0c, 0x80, 0x0a, 0x90, 0x0a, 0xa0, 0x0a, 0xa0,
    0x0a, 0xa0, 0x09, 0xb0, 0x03, 0xdb,

    /* U+007C "|" */
    0xb9, 0xb9, 0xb9, 0xb9, 0xb9, 0xb9, 0xb9, 0xb9,
    0xb9, 0xb9, 0xb9, 0xb9, 0xb9, 0xb9, 0xb9, 0xb9,
    0xb9,

    /* U+007D "}" */
    0x0d, 0xc1, 0x00, 0x0e, 0x60, 0x00, 0xd7, 0x00,
    0x0d, 0x70, 0x00, 0xd7, 0x00, 0x0c, 0x70, 0x00,
    0xb9, 0x00, 0x06, 0xf3, 0x00, 0xb9, 0x00, 0x0c,
    0x70, 0x00, 0xd7, 0x00, 0x0d, 0x70, 0x00, 0xd7,
    0x00, 0x0e, 0x60, 0x0d, 0xc1, 0x00,

    /* U+007E "~" */
    0x00, 0x00, 0x00, 0x00, 0x03, 0xfb, 0x00, 0x71,
    0x0c, 0x6b, 0xc4, 0xe0, 0x09, 0x00, 0xbf, 0x70,
    0x00, 0x00, 0x03, 0x00,

    /* U+00B1 "±" */
    0x00, 0x00, 0x03, 0x20, 0x00, 0x00, 0x00, 0x00,
    0x09, 0x80, 0x00, 0x00, 0x00, 0x00, 0x09, 0x80,
    0x00, 0x00, 0x00, 0x00, 0x09, 0x80, 0x00, 0x00,
    0x00, 0x00, 0x09, 0x80, 0x00, 0x00, 0x8f, 0xff,
    0xff, 0xff, 0xff, 0xf4, 0x12, 0x22, 0x2a, 0x92,
    0x22, 0x20, 0x00, 0x00, 0x09, 0x80, 0x00, 0x00,
    0x00, 0x00, 0x09, 0x80, 0x00, 0x00, 0x00, 0x00,
    0x09, 0x80, 0x00, 0x00, 0x00, 0x00, 0x00, 0x00,
    0x00, 0x00, 0x00, 0x00, 0x00, 0x00, 0x00, 0x00,
    0x9f, 0xff, 0xff, 0xff, 0xff, 0xf5, 0x13, 0x33,
    0x33, 0x33, 0x33, 0x30,

    /* U+00B7 "·" */
    0x4f, 0xf3, 0x4f, 0xf3, 0x2a, 0xa1,

    /* U+00D7 "×" */
    0x60, 0x00, 0x00, 0x00, 0x25, 0x9b, 0x00, 0x00,
    0x01, 0xd7, 0x0a, 0xa0, 0x00, 0x1d, 0x80, 0x00,
    0xb9, 0x00, 0xca, 0x00, 0x00, 0x0c, 0x7b, 0xb0,
    0x00, 0x00, 0x01, 0xed, 0x00, 0x00, 0x00, 0x07,
    0xde, 0x40, 0x00, 0x00, 0x6d, 0x13, 0xe3, 0x00,
    0x04, 0xe2, 0x00, 0x4e, 0x20, 0x3e, 0x30, 0x00,
    0x05, 0xe1, 0xc4, 0x00, 0x00, 0x00, 0x79, 0x00,
    0x00, 0x00, 0x00, 0x00,

    /* U+00F7 "÷" */
    0x00, 0x00, 0x1f, 0xf0, 0x00, 0x00, 0x00, 0x00,
    0x1f, 0xf0, 0x00, 0x00, 0x00, 0x00, 0x03, 0x30,
    0x00, 0x00, 0x00, 0x00, 0x00, 0x00, 0x00, 0x00,
    0x00, 0x00, 0x00, 0x00, 0x00, 0x00, 0x00, 0x00,
    0x00, 0x00, 0x00, 0x00, 0x8f, 0xff, 0xff, 0xff,
    0xff, 0xf4, 0x12, 0x22, 0x22, 0x22, 0x22, 0x20,
    0x00, 0x00, 0x00, 0x00, 0x00, 0x00, 0x00, 0x00,
    0x03, 0x30, 0x00, 0x00, 0x00, 0x00, 0x1f, 0xf0,
    0x00, 0x00, 0x00, 0x00, 0x1f, 0xf0, 0x00, 0x00,

    /* U+2014 "—" */
    0xff, 0xff, 0xff, 0xff, 0xff, 0xff, 0xff, 0xff,

    /* U+2026 "…" */
    0x8f, 0xf0, 0x04, 0xff, 0x30, 0x2f, 0xf5, 0x8f,
    0xf0, 0x04, 0xff, 0x30, 0x2f, 0xf5, 0x5a, 0x90,
    0x02, 0xaa, 0x10, 0x1a, 0xa3,

    /* U+221A "√" */
    0x00, 0x00, 0x00, 0x02, 0x60, 0x00, 0x00, 0x00,
    0x78, 0x00, 0x00, 0x00, 0x0c, 0x30, 0x00, 0x00,
    0x02, 0xd0, 0x00, 0x00, 0x00, 0x78, 0x00, 0x00,
    0x00, 0x0c, 0x30, 0x01, 0x00, 0x01, 0xd0, 0x00,
    0xcb, 0x00, 0x78, 0x00, 0x43, 0xc8, 0x0c, 0x30,
    0x00, 0x01, 0xe7, 0xd0, 0x00, 0x00, 0x04, 0xf8,
    0x00, 0x00, 0x00, 0x07, 0x30, 0x00, 0x00, 0x00,
    0x00, 0x00, 0x00,

    /* U+25B2 "▲" */
    0x00, 0x00, 0x00, 0x00, 0x00, 0x00, 0x00, 0x00,
    0x00, 0x00, 0x75, 0x00, 0x00, 0x00, 0x00, 0x00,
    0x01, 0xed, 0x00, 0x00, 0x00, 0x00, 0x00, 0x08,
    0xff, 0x60, 0x00, 0x00, 0x00, 0x00, 0x1f, 0xff,
    0xe1, 0x00, 0x00, 0x00, 0x00, 0xaf, 0xff, 0xf8,
    0x00, 0x00, 0x00, 0x03, 0xff, 0xff, 0xff, 0x20,
    0x00, 0x00, 0x0b, 0xff, 0xff, 0xff, 0xa0, 0x00,
    0x00, 0x4f, 0xff, 0xff, 0xff, 0xf3, 0x00, 0x00,
    0xdf, 0xff, 0xff, 0xff, 0xfc, 0x00, 0x06, 0xff,
    0xff, 0xff, 0xff, 0xff, 0x50, 0x0e, 0xff, 0xff,
    0xff, 0xff, 0xff, 0xd0, 0x8f, 0xff, 0xff, 0xff,
    0xff, 0xff, 0xf6, 0x01, 0x11, 0x11, 0x11, 0x11,
    0x11, 0x10,

    /* U+25B6 "▶" */
    0x73, 0x00, 0x00, 0x00, 0x00, 0x00, 0xbf, 0xa1,
    0x00, 0x00, 0x00, 0x00, 0xbf, 0xff, 0x80, 0x00,
    0x00, 0x00, 0xbf, 0xff, 0xfe, 0x60, 0x00, 0x00,
    0xbf, 0xff, 0xff, 0xfd, 0x40, 0x00, 0xbf, 0xff,
    0xff, 0xff, 0xfb, 0x20, 0xbf, 0xff, 0xff, 0xff,
    0xff, 0xe2, 0xbf, 0xff, 0xff, 0xff, 0xf8, 0x00,
    0xbf, 0xff, 0xff, 0xfa, 0x10, 0x00, 0xbf, 0xff,
    0xfc, 0x30, 0x00, 0x00, 0xbf, 0xfd, 0x50, 0x00,
    0x00, 0x00, 0xbe, 0x70, 0x00, 0x00, 0x00, 0x00,
    0x51, 0x00, 0x00, 0x00, 0x00, 0x00,

    /* U+25BC "▼" */
    0x09, 0xbb, 0xbb, 0xbb, 0xbb, 0xbb, 0x90, 0x06,
    0xff, 0xff, 0xff, 0xff, 0xff, 0x50, 0x00, 0xcf,
    0xff, 0xff, 0xff, 0xfb, 0x00, 0x00, 0x3f, 0xff,
    0xff, 0xff, 0xf1, 0x00, 0x00, 0x0a, 0xff, 0xff,
    0xff, 0x70, 0x00, 0x00, 0x01, 0xff, 0xff, 0xfd,
    0x00, 0x00, 0x00, 0x00, 0x8f, 0xff, 0xf3, 0x00,
    0x00, 0x00, 0x00, 0x0e, 0xff, 0x90, 0x00, 0x00,
    0x00, 0x00, 0x05, 0xfe, 0x00, 0x00, 0x00, 0x00,
    0x00, 0x00, 0xc5, 0x00, 0x00, 0x00, 0x00, 0x00,
    0x00, 0x10, 0x00, 0x00, 0x00,

    /* U+25C0 "◀" */
    0x00, 0x00, 0x00, 0x00, 0x00, 0x55, 0x00, 0x00,
    0x00, 0x00, 0x3c, 0xf8, 0x00, 0x00, 0x00, 0x1a,
    0xff, 0xf8, 0x00, 0x00, 0x08, 0xff, 0xff, 0xf8,
    0x00, 0x06, 0xef, 0xff, 0xff, 0xf8, 0x04, 0xdf,
    0xff, 0xff, 0xff, 0xf8, 0x4f, 0xff, 0xff, 0xff,
    0xff, 0xf8, 0x01, 0xaf, 0xff, 0xff, 0xff, 0xf8,
    0x00, 0x03, 0xbf, 0xff, 0xff, 0xf8, 0x00, 0x00,
    0x04, 0xdf, 0xff, 0xf8, 0x00, 0x00, 0x00, 0x06,
    0xef, 0xf8, 0x00, 0x00, 0x00, 0x00, 0x18, 0xf8,
    0x00, 0x00, 0x00, 0x00, 0x00, 0x24,

    /* U+25CB "○" */
    0x00, 0x00, 0x18, 0xce, 0xeb, 0x71, 0x00, 0x00,
    0x00, 0x06, 0xd7, 0x20, 0x02, 0x8e, 0x60, 0x00,
    0x00, 0x8b, 0x10, 0x00, 0x00, 0x01, 0xc7, 0x00,
    0x04, 0xc0, 0x00, 0x00, 0x00, 0x00, 0x1e, 0x20,
    0x0c, 0x40, 0x00, 0x00, 0x00, 0x00, 0x06, 0x90,
    0x1e, 0x00, 0x00, 0x00, 0x00, 0x00, 0x01, 0xe0,
    0x3c, 0x00, 0x00, 0x00, 0x00, 0x00, 0x00, 0xe0,
    0x3b, 0x00, 0x00, 0x00, 0x00, 0x00, 0x00, 0xe0,
    0x1e, 0x00, 0x00, 0x00, 0x00, 0x00, 0x01, 0xd0,
    0x0c, 0x40, 0x00, 0x00, 0x00, 0x00, 0x07, 0x80,
    0x03, 0xd1, 0x00, 0x00, 0x00, 0x00, 0x2d, 0x10,
    0x00, 0x7d, 0x20, 0x00, 0x00, 0x02, 0xd4, 0x00,
    0x00, 0x06, 0xe8, 0x31, 0x02, 0x8d, 0x40, 0x00,
    0x00, 0x00, 0x17, 0xce, 0xdb, 0x61, 0x00, 0x00,
    0x00, 0x00, 0x00, 0x00, 0x00, 0x00, 0x00, 0x00,

    /* U+25CF "●" */
    0x00, 0x00, 0x00, 0x00, 0x00, 0x00, 0x00, 0x00,
    0x00, 0x00, 0x29, 0xef, 0xfd, 0x82, 0x00, 0x00,
    0x00, 0x06, 0xff, 0xff, 0xff, 0xff, 0x70, 0x00,
    0x00, 0x7f, 0xff, 0xff, 0xff, 0xff, 0xf7, 0x00,
    0x04, 0xff, 0xff, 0xff, 0xff, 0xff, 0xff, 0x30,
    0x0c, 0xff, 0xff, 0xff, 0xff, 0xff, 0xff, 0xa0,
    0x1f, 0xff, 0xff, 0xff, 0xff, 0xff, 0xff, 0xe0,
    0x3f, 0xff, 0xff, 0xff, 0xff, 0xff, 0xff, 0xf0,
    0x3f, 0xff, 0xff, 0xff, 0xff, 0xff, 0xff, 0xf0,
    0x1f, 0xff, 0xff, 0xff, 0xff, 0xff, 0xff, 0xd0,
    0x0c, 0xff, 0xff, 0xff, 0xff, 0xff, 0xff, 0x80,
    0x03, 0xff, 0xff, 0xff, 0xff, 0xff, 0xff, 0x10,
    0x00, 0x7f, 0xff, 0xff, 0xff, 0xff, 0xf6, 0x00,
    0x00, 0x06, 0xff, 0xff, 0xff, 0xff, 0x60, 0x00,
    0x00, 0x00, 0x2a, 0xef, 0xfd, 0x82, 0x00, 0x00,
    0x00, 0x00, 0x00, 0x00, 0x00, 0x00, 0x00, 0x00,

    /* U+2669 "♩" */
    0x00, 0x03, 0x00, 0x0d, 0x00, 0x0d, 0x00, 0x0d,
    0x00, 0x0d, 0x00, 0x0d, 0x00, 0x0d, 0x00, 0x0d,
    0x03, 0x6d, 0x7f, 0xfc, 0xdf, 0xfa, 0x9f, 0xe2,
    0x01, 0x00,

    /* U+266A "♪" */
    0x00, 0x03, 0x00, 0x00, 0x00, 0xf1, 0x00, 0x00,
    0x0f, 0xe3, 0x00, 0x00, 0xd5, 0xe0, 0x00, 0x0d,
    0x0c, 0x30, 0x00, 0xd0, 0xb1, 0x00, 0x0d, 0x01,
    0x00, 0x00, 0xd0, 0x00, 0x03, 0x6d, 0x00, 0x07,
    0xff, 0xc0, 0x00, 0xdf, 0xfa, 0x00, 0x09, 0xfe,
    0x20, 0x00, 0x01, 0x00, 0x00, 0x00,

    /* U+3001 "、" */
    0x00, 0x00, 0x7b, 0x00, 0x2f, 0x60, 0x0a, 0xe1,
    0x03, 0xf8, 0x00, 0x71,

    /* U+3002 "。" */
    0x07, 0x60, 0xa5, 0x69, 0xc0, 0x0c, 0x7a, 0xb6,
    0x02, 0x20,

    /* U+300A "《" */
    0x00, 0x00, 0x20, 0x03, 0x00, 0x00, 0xd2, 0x59,
    0x00, 0x05, 0xa0, 0xd2, 0x00, 0x0c, 0x25, 0xa0,
    0x00, 0x4b, 0x0d, 0x20, 0x00, 0xc3, 0x5b, 0x00,
    0x04, 0xc0, 0xc3, 0x00, 0x0b, 0x44, 0xb0, 0x00,
    0x0e, 0x17, 0x80, 0x00, 0x06, 0x80, 0xd0, 0x00,
    0x00, 0xd1, 0x77, 0x00, 0x00, 0x78, 0x0d, 0x00,
    0x00, 0x0d, 0x08, 0x70, 0x00, 0x07, 0x71, 0xd0,
    0x00, 0x01, 0xd0, 0x87, 0x00, 0x00, 0x62, 0x16,

    /* U+300B "》" */
    0x30, 0x12, 0x00, 0x0a, 0x43, 0xb0, 0x00, 0x3b,
    0x0b, 0x30, 0x00, 0xb3, 0x3a, 0x00, 0x04, 0xa0,
    0xb2, 0x00, 0x0c, 0x24, 0xa0, 0x00, 0x49, 0x0b,
    0x10, 0x00, 0xc1, 0x49, 0x00, 0x0a, 0x31, 0xc0,
    0x02, 0xc0, 0x95, 0x00, 0x95, 0x1c, 0x00, 0x1d,
    0x09, 0x50, 0x09, 0x51, 0xd0, 0x01, 0xd0, 0x96,
    0x00, 0x86, 0x1d, 0x00, 0x07, 0x03, 0x40, 0x00,

    /* U+3010 "【" */
    0x1f, 0xff, 0xff, 0x51, 0xff, 0xff, 0x80, 0x1f,
    0xff, 0xd0, 0x01, 0xff, 0xf4, 0x00, 0x1f, 0xfd,
    0x00, 0x01, 0xff, 0x90, 0x00, 0x1f, 0xf7, 0x00,
    0x01, 0xff, 0x80, 0x00, 0x1f, 0xfa, 0x00, 0x01,
    0xff, 0xf0, 0x00, 0x1f, 0xff, 0x70, 0x01, 0xff,
    0xff, 0x10, 0x1f, 0xff, 0xfc, 0x00, 0x99, 0x99,
    0x93,

    /* U+3011 "】" */
    0x5f, 0xff, 0xfe, 0x08, 0xff, 0xfe, 0x00, 0xdf,
    0xfe, 0x00, 0x5f, 0xfe, 0x00, 0x0f, 0xfe, 0x00,
    0x0b, 0xfe, 0x00, 0x09, 0xfe, 0x00, 0x0a, 0xfe,
    0x00, 0x0d, 0xfe, 0x00, 0x3f, 0xfe, 0x00, 0xaf,
    0xfe, 0x03, 0xff, 0xfe, 0x1e, 0xff, 0xfe, 0x49,
    0x99, 0x98,

    /* U+4E00 "一" */
    0x1a, 0xa9, 0x99, 0x99, 0x99, 0x99, 0x99, 0xa1,
    0x1f, 0xee, 0xee, 0xee, 0xee, 0xee, 0xee, 0xf1,

    /* U+4E03 "七" */
    0x00, 0x00, 0x00, 0xf8, 0x00, 0x00, 0x00, 0x00,
    0x00, 0x00, 0x00, 0xf7, 0x00, 0x00, 0x00, 0x00,
    0x00, 0x00, 0x00, 0xf7, 0x00, 0x00, 0x00, 0x00,
    0x00, 0x00, 0x00, 0xf7, 0x00, 0x00, 0x48, 0xb0,
    0x00, 0x00, 0x00, 0xf8, 0x59, 0xcf, 0xeb, 0x80,
    0x00, 0x24, 0x7a, 0xff, 0xea, 0x62, 0x00, 0x00,
    0x4f, 0xff, 0xb8, 0xf7, 0x00, 0x00, 0x00, 0x00,
    0x06, 0x20, 0x00, 0xf7, 0x00, 0x00, 0x00, 0x00,
    0x00, 0x00, 0x00, 0xf7, 0x00, 0x00, 0x00, 0x00,
    0x00, 0x00, 0x00, 0xf7, 0x00, 0x00, 0x00, 0x00,
    0x00, 0x00, 0x00, 0xf7, 0x00, 0x00, 0x08, 0x90,
    0x00, 0x00, 0x00, 0xeb, 0x22, 0x22, 0x3e, 0xc0,
    0x00, 0x00, 0x00, 0x7e, 0xff, 0xff, 0xfd, 0x40,

    /* U+4E09 "三" */
    0x00, 0x45, 0x44, 0x44, 0x44, 0x44, 0x53, 0x00,
    0x0b, 0xee, 0xee, 0xee, 0xee, 0xee, 0xa0, 0x00,
    0x00, 0x00, 0x00, 0x00, 0x00, 0x00, 0x00, 0x00,
    0x00, 0x00, 0x00, 0x00, 0x00, 0x00, 0x00, 0x00,
    0x00, 0x00, 0x00, 0x00, 0x00, 0x00, 0x00, 0x56,
    0x55, 0x55, 0x55, 0x64, 0x00, 0x00, 0x0c, 0xee,
    0xee, 0xee, 0xee, 0x90, 0x00, 0x00, 0x00, 0x00,
    0x00, 0x00, 0x00, 0x00, 0x00, 0x00, 0x00, 0x00,
    0x00, 0x00, 0x00, 0x00, 0x00, 0x00, 0x00, 0x00,
    0x00, 0x00, 0x00, 0x00, 0x00, 0x00, 0x00, 0x00,
    0x00, 0x00, 0x01, 0xff, 0xff, 0xff, 0xff, 0xff,
    0xff, 0xff, 0x05, 0x44, 0x44, 0x44, 0x44, 0x44,
    0x45, 0x50,

    /* U+4E0A "上" */
    0x00, 0x00, 0x00, 0x3b, 0x10, 0x00, 0x00, 0x00,
    0x00, 0x00, 0x00, 0x4f, 0x10, 0x00, 0x00, 0x00,
    0x00, 0x00, 0x00, 0x4f, 0x10, 0x00, 0x00, 0x00,
    0x00, 0x00, 0x00, 0x4f, 0x10, 0x00, 0x00, 0x00,
    0x00, 0x00, 0x00, 0x4f, 0x11, 0x11, 0x11, 0x00,
    0x00, 0x00, 0x00, 0x4f, 0xff, 0xff, 0xff, 0x00,
    0x00, 0x00, 0x00, 0x4f, 0x33, 0x33, 0x33, 0x00,
    0x00, 0x00, 0x00, 0x4f, 0x10, 0x00, 0x00, 0x00,
    0x00, 0x00, 0x00, 0x4f, 0x10, 0x00, 0x00, 0x00,
    0x00, 0x00, 0x00, 0x4f, 0x10, 0x00, 0x00, 0x00,
    0x00, 0x00, 0x00, 0x4f, 0x10, 0x00, 0x00, 0x00,
    0x00, 0x00, 0x00, 0x4f, 0x10, 0x00, 0x00, 0x00,
    0x05, 0x44, 0x44, 0x7f, 0x54, 0x44, 0x44, 0x51,
    0x1f, 0xee, 0xee, 0xee, 0xee, 0xee, 0xee, 0xe2,

    /* U+4E22 "丢" */
    0x00, 0x00, 0x00, 0x00, 0x00, 0x00, 0x00, 0x00,
    0x13, 0x34, 0x55, 0x78, 0xad, 0xf9, 0x00, 0x04,
    0xdc, 0xcb, 0xce, 0x76, 0x43, 0x10, 0x00, 0x00,
    0x00, 0x05, 0xd0, 0x00, 0x00, 0x00, 0x07, 0xee,
    0xee, 0xff, 0xee, 0xee, 0xa0, 0x00, 0x12, 0x11,
    0x16, 0xd1, 0x11, 0x11, 0x00, 0x00, 0x00, 0x00,
    0x5d, 0x00, 0x00, 0x00, 0x0c, 0xdd, 0xdd, 0xde,
    0xfd, 0xdd, 0xdd, 0xd4, 0x33, 0x33, 0x38, 0xa3,
    0x33, 0x33, 0x33, 0x10, 0x00, 0x00, 0xda, 0x00,
    0x20, 0x00, 0x00, 0x00, 0x00, 0x9c, 0x00, 0x0e,
    0x80, 0x00, 0x00, 0x00, 0x5e, 0x10, 0x00, 0x5f,
    0x50, 0x00, 0x00, 0x6f, 0x62, 0x33, 0x44, 0xcf,
    0x40, 0x00, 0x0a, 0xff, 0xed, 0xcb, 0xba, 0xce,
    0x10, 0x00, 0x11, 0x00, 0x00, 0x00, 0x00, 0x60,
    0x00,

    /* U+4E2D "中" */
    0x00, 0x00, 0x00, 0xf7, 0x00, 0x00, 0x00, 0x00,
    0x00, 0x0f, 0x60, 0x00, 0x00, 0x00, 0x00, 0x00,
    0xe6, 0x00, 0x00, 0x01, 0xee, 0xee, 0xef, 0xfe,
    0xee, 0xe9, 0x1f, 0x51, 0x11, 0xe7, 0x11, 0x1b,
    0xa1, 0xf4, 0x00, 0x0e, 0x60, 0x00, 0xba, 0x1f,
    0x40, 0x00, 0xe6, 0x00, 0x0b, 0xa1, 0xf4, 0x00,
    0x0e, 0x60, 0x00, 0xba, 0x1f, 0xff, 0xff, 0xff,
    0xff, 0xff, 0xa1, 0xb2, 0x00, 0x0e, 0x60, 0x00,
    0x77, 0x00, 0x00, 0x00, 0xe6, 0x00, 0x00, 0x00,
    0x00, 0x00, 0x0e, 0x60, 0x00, 0x00, 0x00, 0x00,
    0x00, 0xe6, 0x00, 0x00, 0x00, 0x00, 0x00, 0x0e,
    0x60, 0x00, 0x00, 0x00, 0x00, 0x00, 0xf7, 0x00,
    0x00, 0x00,

    /* U+4E5D "九" */
    0x00, 0x00, 0x00, 0x00, 0x00, 0x00, 0x00, 0x00,
    0x00, 0x05, 0xf3, 0x00, 0x00, 0x00, 0x00, 0x00,
    0x00, 0x5f, 0x20, 0x00, 0x00, 0x00, 0x00, 0x00,
    0x05, 0xf1, 0x00, 0x00, 0x00, 0x00, 0x00, 0x00,
    0x6f, 0x23, 0x34, 0x30, 0x00, 0x02, 0xde, 0xff,
    0xff, 0xed, 0xf9, 0x00, 0x00, 0x05, 0x32, 0x9d,
    0x00, 0x0d, 0x80, 0x00, 0x00, 0x00, 0x0a, 0xa0,
    0x00, 0xe7, 0x00, 0x00, 0x00, 0x00, 0xe7, 0x00,
    0x0f, 0x60, 0x00, 0x00, 0x00, 0x3f, 0x20, 0x00,
    0xf5, 0x00, 0x00, 0x00, 0x0a, 0xd0, 0x00, 0x1f,
    0x40, 0x00, 0x00, 0x03, 0xf6, 0x00, 0x02, 0xf3,
    0x02, 0x50, 0x01, 0xdc, 0x00, 0x00, 0x3f, 0x20,
    0x4f, 0x31, 0xce, 0x20, 0x00, 0x03, 0xf6, 0x4a,
    0xf0, 0xaf, 0x30, 0x00, 0x00, 0x0c, 0xff, 0xf8,
    0x00, 0x20, 0x00, 0x00, 0x00, 0x00, 0x00, 0x00,

    /* U+4E60 "习" */
    0x00, 0x00, 0x00, 0x00, 0x00, 0x00, 0x4f, 0xff,
    0xff, 0xff, 0xff, 0xf9, 0x13, 0x32, 0x22, 0x22,
    0x22, 0xd8, 0x00, 0x61, 0x00, 0x00, 0x00, 0xd7,
    0x01, 0xde, 0x60, 0x00, 0x00, 0xd6, 0x00, 0x08,
    0xfc, 0x10, 0x00, 0xe6, 0x00, 0x00, 0x3b, 0x00,
    0x00, 0xe5, 0x00, 0x00, 0x00, 0x01, 0x20, 0xf5,
    0x00, 0x00, 0x03, 0x9f, 0x70, 0xf4, 0x00, 0x27,
    0xdf, 0xa3, 0x00, 0xf4, 0x5c, 0xfd, 0x60, 0x00,
    0x00, 0xf3, 0x3c, 0x50, 0x00, 0x00, 0x01, 0xf3,
    0x00, 0x00, 0x00, 0x16, 0x6b, 0xf1, 0x00, 0x00,
    0x00, 0x0d, 0xfc, 0x60, 0x00, 0x00, 0x00, 0x00,
    0x00, 0x00,

    /* U+4E8C "二" */
    0x00, 0x36, 0x66, 0x66, 0x66, 0x66, 0x73, 0x00,
    0x00, 0x8f, 0xff, 0xff, 0xff, 0xff, 0xf6, 0x00,
    0x00, 0x00, 0x00, 0x00, 0x00, 0x00, 0x00, 0x00,
    0x00, 0x00, 0x00, 0x00, 0x00, 0x00, 0x00, 0x00,
    0x00, 0x00, 0x00, 0x00, 0x00, 0x00, 0x00, 0x00,
    0x00, 0x00, 0x00, 0x00, 0x00, 0x00, 0x00, 0x00,
    0x00, 0x00, 0x00, 0x00, 0x00, 0x00, 0x00, 0x00,
    0x00, 0x00, 0x00, 0x00, 0x00, 0x00, 0x00, 0x00,
    0x00, 0x00, 0x00, 0x00, 0x00, 0x00, 0x00, 0x00,
    0x18, 0x77, 0x77, 0x77, 0x77, 0x77, 0x78, 0x80,
    0x1e, 0xee, 0xee, 0xee, 0xee, 0xee, 0xee, 0xe0,

    /* U+4E8E "于" */
    0x00, 0x00, 0x00, 0x00, 0x00, 0x00, 0x00, 0x00,
    0x0e, 0xff, 0xff, 0xff, 0xff, 0xff, 0x40, 0x00,
    0x22, 0x22, 0x2e, 0x72, 0x22, 0x20, 0x00, 0x00,
    0x00, 0x00, 0xe6, 0x00, 0x00, 0x00, 0x00, 0x00,
    0x00, 0x0e, 0x60, 0x00, 0x00, 0x01, 0x33, 0x33,
    0x33, 0xe8, 0x33, 0x33, 0x33, 0x7f, 0xff, 0xff,
    0xff, 0xff, 0xff, 0xff, 0xe0, 0x00, 0x00, 0x00,
    0xe6, 0x00, 0x00, 0x00, 0x00, 0x00, 0x00, 0x0e,
    0x60, 0x00, 0x00, 0x00, 0x00, 0x00, 0x00, 0xe6,
    0x00, 0x00, 0x00, 0x00, 0x00, 0x00, 0x0e, 0x60,
    0x00, 0x00, 0x00, 0x00, 0x00, 0x00, 0xe6, 0x00,
    0x00, 0x00, 0x00, 0x00, 0x09, 0xaf, 0x50, 0x00,
    0x00, 0x00, 0x00, 0x00, 0xae, 0xb1, 0x00, 0x00,
    0x00,

    /* U+4E94 "五" */
    0x05, 0x44, 0x44, 0x44, 0x44, 0x44, 0x50, 0x0c,
    0xbb, 0xbc, 0xfb, 0xbb, 0xbb, 0xc1, 0x00, 0x00,
    0x06, 0xc0, 0x00, 0x00, 0x00, 0x00, 0x00, 0x08,
    0xa0, 0x00, 0x00, 0x00, 0x00, 0x10, 0x0a, 0x90,
    0x00, 0x00, 0x00, 0x03, 0xff, 0xff, 0xff, 0xff,
    0xf4, 0x00, 0x00, 0x00, 0x0f, 0x40, 0x00, 0xf4,
    0x00, 0x00, 0x00, 0x1f, 0x20, 0x00, 0xf3, 0x00,
    0x00, 0x00, 0x4f, 0x00, 0x00, 0xf3, 0x00, 0x00,
    0x00, 0x6d, 0x00, 0x01, 0xf2, 0x00, 0x00, 0x00,
    0x8b, 0x00, 0x01, 0xf2, 0x00, 0xef, 0xff, 0xff,
    0xff, 0xff, 0xff, 0xff, 0x44, 0x33, 0x33, 0x33,
    0x33, 0x33, 0x34,

    /* U+4F20 "传" */
    0x00, 0x00, 0x00, 0x00, 0x12, 0x00, 0x00, 0x00,
    0x00, 0x2d, 0x20, 0x06, 0xe0, 0x00, 0x00, 0x00,
    0x08, 0xd0, 0x00, 0x8a, 0x00, 0x00, 0x00, 0x00,
    0xe7, 0x7c, 0xce, 0xec, 0xcc, 0xd1, 0x00, 0x7f,
    0x22, 0x33, 0xe7, 0x33, 0x34, 0x00, 0x1e, 0xf2,
    0x00, 0x0f, 0x20, 0x00, 0x00, 0x0a, 0xdf, 0x5e,
    0xdd, 0xfd, 0xdd, 0xdd, 0xc4, 0xf4, 0xf2, 0x32,
    0x8c, 0x22, 0x22, 0x22, 0x06, 0x1f, 0x20, 0x0b,
    0x80, 0x00, 0x00, 0x00, 0x01, 0xf2, 0x00, 0xff,
    0xff, 0xff, 0x50, 0x00, 0x1f, 0x20, 0x01, 0x11,
    0x18, 0xd0, 0x00, 0x01, 0xf2, 0x00, 0x04, 0x00,
    0xe6, 0x00, 0x00, 0x1f, 0x20, 0x04, 0xfd, 0xae,
    0x00, 0x00, 0x01, 0xf2, 0x00, 0x01, 0x8f, 0xe5,
    0x00, 0x00, 0x2f, 0x20, 0x00, 0x00, 0x2a, 0xf3,
    0x00, 0x00, 0x00, 0x00, 0x00, 0x00, 0x02, 0x00,

    /* U+4F59 "余" */
    0x00, 0x00, 0x00, 0x03, 0x00, 0x00, 0x00, 0x00,
    0x00, 0x00, 0x00, 0x7f, 0x70, 0x00, 0x00, 0x00,
    0x00, 0x00, 0x02, 0xfb, 0xe2, 0x00, 0x00, 0x00,
    0x00, 0x00, 0x1d, 0xc0, 0x7e, 0x50, 0x00, 0x00,
    0x00, 0x01, 0xcd, 0x10, 0x06, 0xfb, 0x40, 0x00,
    0x00, 0x4e, 0xd1, 0x00, 0x00, 0x3c, 0xfe, 0x90,
    0x1a, 0xfb, 0xad, 0xdd, 0xdd, 0xe1, 0x5c, 0x60,
    0x09, 0x60, 0x23, 0x3e, 0x83, 0x40, 0x00, 0x00,
    0x00, 0x00, 0x00, 0x0d, 0x60, 0x00, 0x00, 0x00,
    0x00, 0x65, 0x55, 0x5e, 0x95, 0x55, 0x61, 0x00,
    0x00, 0xcc, 0xcc, 0xcf, 0xdc, 0xcc, 0xc2, 0x00,
    0x00, 0x00, 0x30, 0x0d, 0x60, 0x61, 0x00, 0x00,
    0x00, 0x07, 0xf4, 0x0d, 0x60, 0xad, 0x10, 0x00,
    0x00, 0xaf, 0x60, 0x0d, 0x60, 0x0b, 0xe2, 0x00,
    0x09, 0xe3, 0x02, 0xaf, 0x50, 0x00, 0xd6, 0x00,
    0x00, 0x10, 0x00, 0xb9, 0x10, 0x00, 0x00, 0x00,

    /* U+4FDD "保" */
    0x00, 0x02, 0x60, 0x00, 0x00, 0x00, 0x00, 0x00,
    0x00, 0x07, 0xc0, 0x4f, 0xff, 0xff, 0xf5, 0x00,
    0x00, 0x0d, 0x50, 0x3e, 0x00, 0x00, 0xd4, 0x00,
    0x00, 0x5f, 0x00, 0x3e, 0x00, 0x00, 0xd4, 0x00,
    0x00, 0xdf, 0x00, 0x4f, 0xdd, 0xdd, 0xf4, 0x00,
    0x08, 0xdf, 0x00, 0x02, 0x2d, 0x72, 0x20, 0x00,
    0x4f, 0x4f, 0x00, 0x00, 0x0d, 0x50, 0x00, 0x00,
    0x04, 0x2f, 0x3d, 0xdd, 0xdf, 0xed, 0xdd, 0xb0,
    0x00, 0x2f, 0x04, 0x34, 0xee, 0xf9, 0x33, 0x30,
    0x00, 0x2f, 0x00, 0x0a, 0x7d, 0x8e, 0x20, 0x00,
    0x00, 0x2f, 0x00, 0x7c, 0x0d, 0x57, 0xe2, 0x00,
    0x00, 0x2f, 0x08, 0xe1, 0x0d, 0x50, 0x9f, 0x90,
    0x00, 0x2f, 0x3c, 0x20, 0x0d, 0x50, 0x06, 0x80,
    0x00, 0x2f, 0x00, 0x00, 0x0d, 0x60, 0x00, 0x00,

    /* U+5012 "倒" */
    0x00, 0x01, 0x00, 0x00, 0x00, 0x00, 0x00, 0x00,
    0x00, 0x09, 0xc0, 0x00, 0x00, 0x00, 0x00, 0xf3,
    0x00, 0x0d, 0x8d, 0xff, 0xff, 0x30, 0x00, 0xe3,
    0x00, 0x3f, 0x31, 0x6e, 0x32, 0x06, 0xd0, 0xe3,
    0x00, 0x9f, 0x00, 0x97, 0x33, 0x05, 0xd0, 0xe3,
    0x01, 0xfe, 0x03, 0xe0, 0x6d, 0x05, 0xd0, 0xe3,
    0x0a, 0xee, 0x1e, 0xda, 0xcf, 0x65, 0xd0, 0xe3,
    0x2f, 0x7e, 0x0a, 0x8f, 0x69, 0x65, 0xd0, 0xe3,
    0x02, 0x3e, 0x00, 0x0f, 0x20, 0x05, 0xd0, 0xe3,
    0x00, 0x3e, 0x0a, 0xbf, 0xbb, 0x05, 0xd0, 0xe3,
    0x00, 0x3e, 0x06, 0x6f, 0x76, 0x06, 0xd0, 0xe3,
    0x00, 0x3e, 0x00, 0x0f, 0x20, 0x03, 0x70, 0xe3,
    0x00, 0x3e, 0x00, 0x0f, 0x79, 0x60, 0x00, 0xe3,
    0x00, 0x3e, 0x2c, 0xef, 0xfc, 0x50, 0x01, 0xf3,
    0x00, 0x3f, 0x0c, 0x73, 0x00, 0x00, 0xcf, 0xf1,
    0x00, 0x4f, 0x00, 0x00, 0x00, 0x00, 0x69, 0x30,

    /* U+503C "值" */
    0x00, 0x00, 0x10, 0x00, 0x01, 0x00, 0x00, 0x00,
    0x00, 0x03, 0xf3, 0x00, 0x0e, 0x80, 0x01, 0x00,
    0x00, 0x0a, 0xa8, 0xff, 0xff, 0xff, 0xff, 0x90,
    0x00, 0x3f, 0x30, 0x00, 0x0f, 0x40, 0x00, 0x00,
    0x00, 0xdf, 0x20, 0x4e, 0xef, 0xee, 0xe3, 0x00,
    0x09, 0xef, 0x20, 0x4e, 0x00, 0x00, 0xe3, 0x00,
    0x2f, 0x5f, 0x20, 0x4f, 0xdd, 0xdd, 0xf3, 0x00,
    0x02, 0x1f, 0x20, 0x4e, 0x11, 0x11, 0xe3, 0x00,
    0x00, 0x1f, 0x20, 0x4f, 0xcc, 0xcc, 0xf3, 0x00,
    0x00, 0x1f, 0x20, 0x4e, 0x22, 0x22, 0xe3, 0x00,
    0x00, 0x1f, 0x20, 0x4f, 0xbb, 0xbb, 0xf3, 0x00,
    0x00, 0x1f, 0x20, 0x4e, 0x33, 0x33, 0xe3, 0x00,
    0x00, 0x1f, 0x23, 0x6e, 0x22, 0x22, 0xe5, 0x30,
    0x00, 0x1f, 0x3e, 0xdd, 0xdd, 0xdd, 0xdd, 0xe0,

    /* U+505C "停" */
    0x00, 0x02, 0x00, 0x00, 0x02, 0x20, 0x00, 0x00,
    0x00, 0x0b, 0xa0, 0x00, 0x0b, 0xb0, 0x00, 0x00,
    0x00, 0x0f, 0x39, 0xee, 0xee, 0xfe, 0xee, 0xe1,
    0x00, 0x6f, 0x01, 0x11, 0x11, 0x11, 0x11, 0x10,
    0x00, 0xde, 0x00, 0x9f, 0xff, 0xff, 0xf7, 0x00,
    0x05, 0xfe, 0x00, 0x98, 0x00, 0x00, 0x97, 0x00,
    0x0e, 0x9e, 0x00, 0x9e, 0xcc, 0xcc, 0xe7, 0x00,
    0x2d, 0x3e, 0x00, 0x23, 0x33, 0x33, 0x31, 0x00,
    0x00, 0x2e, 0x2f, 0xff, 0xff, 0xff, 0xff, 0xf4,
    0x00, 0x2e, 0x2e, 0x00, 0x00, 0x00, 0x00, 0xc4,
    0x00, 0x2e, 0x01, 0x7e, 0xee, 0xee, 0xe9, 0x10,
    0x00, 0x2e, 0x00, 0x00, 0x05, 0xc0, 0x00, 0x00,
    0x00, 0x2e, 0x00, 0x00, 0x05, 0xc0, 0x00, 0x00,
    0x00, 0x2f, 0x00, 0x00, 0x27, 0xc0, 0x00, 0x00,
    0x00, 0x3f, 0x00, 0x00, 0xcf, 0x80, 0x00, 0x00,
    0x00, 0x00, 0x00, 0x00, 0x21, 0x00, 0x00, 0x00,

    /* U+5149 "光" */
    0x00, 0x00, 0x00, 0x0a, 0xc0, 0x00, 0x00, 0x00,
    0x00, 0x01, 0x00, 0x0a, 0xb0, 0x00, 0x50, 0x00,
    0x00, 0x2f, 0x50, 0x0a, 0xb0, 0x04, 0xf6, 0x00,
    0x00, 0x0b, 0xf1, 0x0a, 0xb0, 0x0d, 0xa0, 0x00,
    0x00, 0x02, 0xf8, 0x0a, 0xb0, 0x7e, 0x10, 0x00,
    0x00, 0x00, 0x30, 0x0a, 0xb0, 0x01, 0x00, 0x00,
    0x1f, 0xff, 0xff, 0xff, 0xff, 0xff, 0xff, 0xf2,
    0x02, 0x11, 0x16, 0xe1, 0x3f, 0x31, 0x11, 0x20,
    0x00, 0x00, 0x07, 0xd0, 0x2f, 0x20, 0x00, 0x00,
    0x00, 0x00, 0x0b, 0xa0, 0x2f, 0x20, 0x00, 0x00,
    0x00, 0x00, 0x2f, 0x50, 0x2f, 0x20, 0x00, 0x00,
    0x00, 0x01, 0xdc, 0x00, 0x2f, 0x20, 0x05, 0xa1,
    0x01, 0x7f, 0xd1, 0x00, 0x1f, 0x61, 0x2a, 0xe0,
    0x2f, 0xf8, 0x00, 0x00, 0x0b, 0xff, 0xfe, 0x50,
    0x04, 0x10, 0x00, 0x00, 0x00, 0x00, 0x00, 0x00,

    /* U+5165 "入" */
    0x00, 0x00, 0x08, 0x10, 0x00, 0x00, 0x00, 0x00,
    0x00, 0x00, 0x3e, 0xd1, 0x00, 0x00, 0x00, 0x00,
    0x00, 0x00, 0x01, 0xdd, 0x10, 0x00, 0x00, 0x00,
    0x00, 0x00, 0x00, 0x1e, 0xa0, 0x00, 0x00, 0x00,
    0x00, 0x00, 0x00, 0x0b, 0xf2, 0x00, 0x00, 0x00,
    0x00, 0x00, 0x00, 0x2f, 0xda, 0x00, 0x00, 0x00,
    0x00, 0x00, 0x00, 0xab, 0x5f, 0x10, 0x00, 0x00,
    0x00, 0x00, 0x03, 0xf4, 0x0e, 0x80, 0x00, 0x00,
    0x00, 0x00, 0x0c, 0xb0, 0x07, 0xf1, 0x00, 0x00,
    0x00, 0x00, 0x8f, 0x20, 0x00, 0xeb, 0x00, 0x00,
    0x00, 0x05, 0xf6, 0x00, 0x00, 0x6f, 0xa0, 0x00,
    0x00, 0x6f, 0x80, 0x00, 0x00, 0x09, 0xfc, 0x20,
    0x1a, 0xf9, 0x00, 0x00, 0x00, 0x00, 0x9f, 0xe1,
    0x0c, 0x70, 0x00, 0x00, 0x00, 0x00, 0x07, 0x50,
    0x00, 0x00, 0x00, 0x00, 0x00, 0x00, 0x00, 0x00,

    /* U+516B "八" */
    0x00, 0x00, 0x00, 0x00, 0x05, 0x40, 0x00, 0x00,
    0x00, 0x00, 0x08, 0x30, 0x0a, 0xc0, 0x00, 0x00,
    0x00, 0x00, 0x0f, 0x70, 0x07, 0xd0, 0x00, 0x00,
    0x00, 0x00, 0x1f, 0x40, 0x05, 0xe0, 0x00, 0x00,
    0x00, 0x00, 0x2f, 0x10, 0x03, 0xf1, 0x00, 0x00,
    0x00, 0x00, 0x6e, 0x00, 0x00, 0xf4, 0x00, 0x00,
    0x00, 0x00, 0x9a, 0x00, 0x00, 0xd7, 0x00, 0x00,
    0x00, 0x00, 0xd6, 0x00, 0x00, 0x9b, 0x00, 0x00,
    0x00, 0x03, 0xf2, 0x00, 0x00, 0x4f, 0x00, 0x00,
    0x00, 0x09, 0xc0, 0x00, 0x00, 0x0e, 0x70, 0x00,
    0x00, 0x2f, 0x50, 0x00, 0x00, 0x08, 0xe1, 0x00,
    0x00, 0xcb, 0x00, 0x00, 0x00, 0x01, 0xea, 0x00,
    0x0b, 0xe2, 0x00, 0x00, 0x00, 0x00, 0x5f, 0x80,
    0x1a, 0x40, 0x00, 0x00, 0x00, 0x00, 0x0a, 0x90,
    0x00, 0x00, 0x00, 0x00, 0x00, 0x00, 0x00, 0x00,

    /* U+516D "六" */
    0x00, 0x00, 0x01, 0x20, 0x00, 0x00, 0x00, 0x00,
    0x00, 0x0a, 0xe1, 0x00, 0x00, 0x00, 0x00, 0x00,
    0x01, 0xeb, 0x00, 0x00, 0x00, 0x00, 0x00, 0x00,
    0x6e, 0x20, 0x00, 0x00, 0x66, 0x55, 0x55, 0x56,
    0x55, 0x55, 0x66, 0xce, 0xee, 0xee, 0xee, 0xee,
    0xee, 0xed, 0x00, 0x00, 0x00, 0x00, 0x00, 0x00,
    0x00, 0x00, 0x00, 0x50, 0x00, 0x06, 0x00, 0x00,
    0x00, 0x01, 0xfc, 0x00, 0x6f, 0x60, 0x00, 0x00,
    0x0a, 0xf3, 0x00, 0x0b, 0xf2, 0x00, 0x00, 0x5f,
    0x70, 0x00, 0x01, 0xed, 0x00, 0x02, 0xfc, 0x00,
    0x00, 0x00, 0x4f, 0x80, 0x2e, 0xe1, 0x00, 0x00,
    0x00, 0x0a, 0xf3, 0x8f, 0x40, 0x00, 0x00, 0x00,
    0x01, 0xc3, 0x02, 0x00, 0x00, 0x00, 0x00, 0x00,
    0x00,

    /* U+5173 "关" */
    0x00, 0x00, 0x00, 0x00, 0x00, 0x00, 0x00, 0x00,
    0x08, 0x70, 0x00, 0x3d, 0x20, 0x00, 0x00, 0x05,
    0xf3, 0x00, 0x9d, 0x00, 0x00, 0x00, 0x00, 0xb6,
    0x00, 0xf5, 0x00, 0x00, 0x0c, 0xcc, 0xcc, 0xcd,
    0xfc, 0xcc, 0x80, 0x05, 0x44, 0x44, 0xe7, 0x44,
    0x44, 0x30, 0x00, 0x00, 0x00, 0xe4, 0x00, 0x00,
    0x00, 0x00, 0x00, 0x00, 0xe4, 0x00, 0x00, 0x00,
    0x11, 0x11, 0x11, 0xe6, 0x22, 0x22, 0x31, 0xae,
    0xee, 0xee, 0xff, 0xee, 0xee, 0xe7, 0x00, 0x00,
    0x05, 0xfe, 0x10, 0x00, 0x00, 0x00, 0x00, 0x1d,
    0x8b, 0xc1, 0x00, 0x00, 0x00, 0x01, 0xcc, 0x01,
    0xdd, 0x30, 0x00, 0x00, 0x6e, 0xb1, 0x00, 0x1c,
    0xfb, 0x51, 0x7e, 0xe6, 0x00, 0x00, 0x00, 0x7e,
    0xf7, 0x27, 0x00, 0x00, 0x00, 0x00, 0x00, 0x50,

    /* U+5185 "内" */
    0x00, 0x00, 0x00, 0x00, 0x00, 0x00, 0x00, 0x00,
    0x00, 0x00, 0xac, 0x00, 0x00, 0x00, 0x00, 0x00,
    0x00, 0xa9, 0x00, 0x00, 0x00, 0x13, 0x33, 0x33,
    0xba, 0x33, 0x33, 0x31, 0x4f, 0xdd, 0xdd, 0xfe,
    0xdd, 0xdd, 0xf6, 0x4f, 0x10, 0x00, 0xc6, 0x00,
    0x00, 0xf5, 0x4f, 0x10, 0x00, 0xf5, 0x00, 0x00,
    0xf5, 0x4f, 0x10, 0x06, 0xfd, 0x30, 0x00, 0xf5,
    0x4f, 0x10, 0x1e, 0x97, 0xf7, 0x00, 0xf5, 0x4f,
    0x11, 0xdd, 0x00, 0x4f, 0xa0, 0xf5, 0x4f, 0x2e,
    0xd1, 0x00, 0x03, 0xb1, 0xf5, 0x4f, 0x12, 0x10,
    0x00, 0x00, 0x00, 0xf5, 0x4f, 0x10, 0x00, 0x00,
    0x00, 0x00, 0xf5, 0x4f, 0x10, 0x00, 0x00, 0x00,
    0x35, 0xf4, 0x5f, 0x10, 0x00, 0x00, 0x00, 0xdf,
    0xb1, 0x00, 0x00, 0x00, 0x00, 0x00, 0x00, 0x00,

    /* U+51FA "出" */
    0x00, 0x00, 0x00, 0xf5, 0x00, 0x00, 0x00, 0x11,
    0x00, 0x0e, 0x40, 0x00, 0x10, 0x09, 0xa0, 0x00,
    0xe4, 0x00, 0x0f, 0x40, 0x99, 0x00, 0x0e, 0x40,
    0x00, 0xe4, 0x09, 0x90, 0x00, 0xe4, 0x00, 0x0e,
    0x40, 0x9a, 0x22, 0x2e, 0x62, 0x22, 0xe4, 0x08,
    0xee, 0xee, 0xfe, 0xee, 0xee, 0x40, 0x10, 0x00,
    0x0e, 0x40, 0x00, 0x00, 0x4f, 0x00, 0x00, 0xe4,
    0x00, 0x06, 0xd4, 0xf0, 0x00, 0x0e, 0x40, 0x00,
    0x5d, 0x4f, 0x00, 0x00, 0xe4, 0x00, 0x05, 0xd4,
    0xf0, 0x00, 0x0e, 0x40, 0x00, 0x5d, 0x4f, 0xcc,
    0xcc, 0xfd, 0xcc, 0xcd, 0xd1, 0x44, 0x44, 0x44,
    0x44, 0x44, 0x8d, 0x00, 0x00, 0x00, 0x00, 0x00,
    0x05, 0xd0,

    /* U+51FB "击" */
    0x00, 0x00, 0x00, 0x0e, 0x60, 0x00, 0x00, 0x00,
    0x00, 0x00, 0x00, 0x0d, 0x50, 0x00, 0x00, 0x00,
    0x00, 0x32, 0x11, 0x1d, 0x61, 0x11, 0x21, 0x00,
    0x00, 0xff, 0xff, 0xff, 0xff, 0xff, 0xf9, 0x00,
    0x00, 0x00, 0x00, 0x0d, 0x50, 0x00, 0x00, 0x00,
    0x00, 0x00, 0x00, 0x0d, 0x50, 0x00, 0x00, 0x00,
    0x34, 0x44, 0x44, 0x4e, 0x84, 0x44, 0x44, 0x40,
    0x7b, 0xbb, 0xbb, 0xbf, 0xdb, 0xbb, 0xbb, 0xb1,
    0x00, 0x00, 0x00, 0x0d, 0x50, 0x00, 0x00, 0x00,
    0x00, 0x5e, 0x00, 0x0d, 0x50, 0x00, 0xf5, 0x00,
    0x00, 0x5f, 0x00, 0x0d, 0x50, 0x00, 0xf5, 0x00,
    0x00, 0x5f, 0x00, 0x0d, 0x50, 0x00, 0xf5, 0x00,
    0x00, 0x5f, 0x44, 0x4e, 0x84, 0x44, 0xf5, 0x00,
    0x00, 0x4b, 0xbb, 0xbb, 0xbb, 0xbb, 0xf5, 0x00,

    /* U+5206 "分" */
    0x00, 0x00, 0x00, 0x00, 0x00, 0x00, 0x00, 0x00,
    0x00, 0x07, 0x30, 0x1d, 0x20, 0x00, 0x00, 0x00,
    0x02, 0xf6, 0x00, 0xca, 0x00, 0x00, 0x00, 0x00,
    0x9d, 0x00, 0x03, 0xf5, 0x00, 0x00, 0x00, 0x3f,
    0x50, 0x00, 0x09, 0xf2, 0x00, 0x00, 0x0d, 0xa0,
    0x00, 0x00, 0x0c, 0xf4, 0x00, 0x0b, 0xe1, 0x00,
    0x00, 0x00, 0x0b, 0xf9, 0x1a, 0xf7, 0xff, 0xff,
    0xff, 0xff, 0x78, 0xd1, 0x23, 0x14, 0x4f, 0x73,
    0x33, 0xe6, 0x00, 0x00, 0x00, 0x02, 0xf2, 0x00,
    0x0f, 0x40, 0x00, 0x00, 0x00, 0x6e, 0x00, 0x01,
    0xf2, 0x00, 0x00, 0x00, 0x0d, 0x90, 0x00, 0x3f,
    0x00, 0x00, 0x00, 0x0b, 0xe1, 0x00, 0x05, 0xf0,
    0x00, 0x00, 0x4c, 0xe2, 0x00, 0x37, 0xdb, 0x00,
    0x00, 0x3f, 0xb1, 0x00, 0x03, 0xeb, 0x20, 0x00,
    0x00, 0x10, 0x00, 0x00, 0x00, 0x00, 0x00, 0x00,

    /* U+524D "前" */
    0x00, 0x00, 0x04, 0x00, 0x00, 0x04, 0x00, 0x00,
    0x00, 0x00, 0x2f, 0x60, 0x00, 0x4f, 0x30, 0x00,
    0x00, 0x00, 0x07, 0xa0, 0x00, 0xb9, 0x00, 0x00,
    0x2d, 0xcc, 0xcc, 0xcc, 0xcc, 0xfd, 0xcc, 0xc8,
    0x04, 0x33, 0x33, 0x33, 0x33, 0x33, 0x33, 0x43,
    0x00, 0x57, 0x77, 0x77, 0x10, 0x00, 0x2b, 0x00,
    0x00, 0xbc, 0x77, 0x8f, 0x24, 0xd0, 0x2f, 0x00,
    0x00, 0xa8, 0x00, 0x1f, 0x14, 0xe0, 0x2f, 0x00,
    0x00, 0xae, 0xdd, 0xdf, 0x14, 0xe0, 0x2f, 0x00,
    0x00, 0xa9, 0x11, 0x2f, 0x14, 0xe0, 0x2f, 0x00,
    0x00, 0xab, 0x55, 0x6f, 0x14, 0xe0, 0x2f, 0x00,
    0x00, 0xac, 0x99, 0xaf, 0x15, 0xe0, 0x2f, 0x00,
    0x00, 0xa8, 0x00, 0x1f, 0x11, 0x50, 0x2f, 0x00,
    0x00, 0xa8, 0x00, 0x1f, 0x10, 0x00, 0x2f, 0x00,
    0x00, 0xa8, 0x05, 0xbf, 0x10, 0x07, 0xcf, 0x00,
    0x00, 0xb8, 0x03, 0xc8, 0x00, 0x05, 0xc6, 0x00,

    /* U+5269 "剩" */
    0x00, 0x01, 0x24, 0x69, 0x90, 0x00, 0x05, 0xd0,
    0x1d, 0xdc, 0xfa, 0x76, 0x10, 0x00, 0x4c, 0x00,
    0x00, 0x0e, 0x30, 0x00, 0x0e, 0x44, 0xc0, 0xcf,
    0xee, 0xfe, 0xef, 0xe0, 0xe4, 0x4c, 0x01, 0x13,
    0x1e, 0x34, 0x21, 0x0e, 0x44, 0xc0, 0x01, 0xf1,
    0xe3, 0xd5, 0x70, 0xe4, 0x4c, 0x0c, 0xef, 0x1e,
    0x3d, 0xf9, 0x1e, 0x44, 0xc0, 0x03, 0xf1, 0xe3,
    0xd4, 0x31, 0xe4, 0x4c, 0x3c, 0xff, 0x1e, 0x4c,
    0xcf, 0x4e, 0x44, 0xc1, 0x51, 0x69, 0xff, 0x64,
    0x30, 0xe4, 0x4c, 0x00, 0x08, 0xde, 0x7f, 0x60,
    0x00, 0x04, 0xc0, 0x0a, 0xd1, 0xe3, 0x3f, 0x80,
    0x00, 0x4c, 0x0b, 0xc1, 0x0e, 0x30, 0x42, 0x00,
    0x5a, 0xc0, 0x10, 0x00, 0xe3, 0x00, 0x00, 0x0c,
    0xc4, 0x00, 0x00, 0x00, 0x00, 0x00, 0x00, 0x00,
    0x00,

    /* U+529F "功" */
    0x00, 0x00, 0x00, 0x00, 0x05, 0xb0, 0x00, 0x00,
    0x00, 0x00, 0x00, 0x00, 0x05, 0xe0, 0x00, 0x00,
    0x08, 0xcc, 0xcc, 0xc0, 0x05, 0xd0, 0x00, 0x00,
    0x03, 0x48, 0xe4, 0x53, 0x37, 0xe3, 0x33, 0x30,
    0x00, 0x05, 0xe0, 0x0b, 0xde, 0xfd, 0xde, 0xf1,
    0x00, 0x05, 0xe0, 0x00, 0x06, 0xc0, 0x03, 0xf0,
    0x00, 0x05, 0xe0, 0x00, 0x07, 0xb0, 0x04, 0xf0,
    0x00, 0x05, 0xe0, 0x00, 0x08, 0x90, 0x05, 0xe0,
    0x00, 0x05, 0xe0, 0x00, 0x0b, 0x70, 0x06, 0xd0,
    0x00, 0x05, 0xe1, 0x53, 0x1f, 0x30, 0x07, 0xc0,
    0x04, 0x7c, 0xff, 0xc4, 0x8d, 0x00, 0x09, 0xb0,
    0x0c, 0xd9, 0x40, 0x02, 0xf4, 0x00, 0x0a, 0xa0,
    0x00, 0x00, 0x00, 0x2d, 0xa0, 0x03, 0x4e, 0x70,
    0x00, 0x00, 0x03, 0xfb, 0x00, 0x0d, 0xfb, 0x10,
    0x00, 0x00, 0x00, 0x60, 0x00, 0x01, 0x00, 0x00,

    /* U+52A0 "加" */
    0x00, 0x03, 0xd3, 0x00, 0x00, 0x00, 0x00, 0x00,
    0x00, 0x3f, 0x10, 0x00, 0x00, 0x00, 0x00, 0x00,
    0x03, 0xf0, 0x00, 0x08, 0x99, 0x99, 0x20, 0x9e,
    0xef, 0xdd, 0xd4, 0xea, 0x88, 0xf3, 0x02, 0x37,
    0xe3, 0x3e, 0x4e, 0x40, 0x0f, 0x30, 0x00, 0x6d,
    0x00, 0xf3, 0xd4, 0x00, 0xf3, 0x00, 0x07, 0xc0,
    0x0f, 0x2d, 0x40, 0x0f, 0x30, 0x00, 0x99, 0x01,
    0xf1, 0xd4, 0x00, 0xf3, 0x00, 0x0c, 0x70, 0x1f,
    0x0d, 0x40, 0x0f, 0x30, 0x00, 0xf3, 0x02, 0xf0,
    0xd4, 0x00, 0xf3, 0x00, 0x5e, 0x00, 0x3e, 0x0d,
    0x40, 0x0f, 0x30, 0x0d, 0x80, 0x04, 0xd0, 0xdf,
    0xff, 0xf3, 0x07, 0xf1, 0x17, 0xcb, 0x0e, 0x74,
    0x4f, 0x31, 0xe7, 0x00, 0xdb, 0x20, 0xe4, 0x00,
    0xd3, 0x01, 0x00, 0x00, 0x00, 0x00, 0x00, 0x00,
    0x00,

    /* U+52A8 "动" */
    0x00, 0x00, 0x00, 0x00, 0x00, 0x75, 0x00, 0x00,
    0x00, 0x00, 0x00, 0x00, 0x00, 0xb9, 0x00, 0x00,
    0x05, 0xdd, 0xdd, 0xe4, 0x00, 0xb7, 0x00, 0x00,
    0x01, 0x43, 0x33, 0x42, 0x22, 0xb9, 0x22, 0x20,
    0x00, 0x00, 0x00, 0x06, 0xfe, 0xff, 0xee, 0xf2,
    0x14, 0x44, 0x44, 0x44, 0x00, 0xb7, 0x01, 0xf0,
    0x3b, 0xbe, 0xeb, 0xbb, 0x00, 0xc6, 0x02, 0xf0,
    0x00, 0x0d, 0x50, 0x00, 0x00, 0xe4, 0x03, 0xf0,
    0x00, 0x3e, 0x04, 0x80, 0x00, 0xf2, 0x04, 0xe0,
    0x00, 0xa8, 0x02, 0xf3, 0x03, 0xf0, 0x04, 0xe0,
    0x03, 0xf1, 0x14, 0xdc, 0x08, 0xb0, 0x05, 0xd0,
    0x0d, 0xff, 0xfc, 0xaf, 0x5e, 0x50, 0x06, 0xc0,
    0x04, 0x52, 0x00, 0x05, 0xbc, 0x00, 0x08, 0xb0,
    0x00, 0x00, 0x00, 0x0a, 0xf2, 0x08, 0xbf, 0x70,
    0x00, 0x00, 0x00, 0x09, 0x40, 0x05, 0x84, 0x00,

    /* U+5341 "十" */
    0x00, 0x00, 0x00, 0x0e, 0x80, 0x00, 0x00, 0x00,
    0x00, 0x00, 0x00, 0x0d, 0x80, 0x00, 0x00, 0x00,
    0x00, 0x00, 0x00, 0x0d, 0x80, 0x00, 0x00, 0x00,
    0x00, 0x00, 0x00, 0x0d, 0x80, 0x00, 0x00, 0x00,
    0x00, 0x00, 0x00, 0x0d, 0x80, 0x00, 0x00, 0x00,
    0x13, 0x33, 0x33, 0x3e, 0x93, 0x33, 0x33, 0x30,
    0x5f, 0xff, 0xff, 0xff, 0xff, 0xff, 0xff, 0xf1,
    0x00, 0x00, 0x00, 0x0d, 0x80, 0x00, 0x00, 0x00,
    0x00, 0x00, 0x00, 0x0d, 0x80, 0x00, 0x00, 0x00,
    0x00, 0x00, 0x00, 0x0d, 0x80, 0x00, 0x00, 0x00,
    0x00, 0x00, 0x00, 0x0d, 0x80, 0x00, 0x00, 0x00,
    0x00, 0x00, 0x00, 0x0d, 0x80, 0x00, 0x00, 0x00,
    0x00, 0x00, 0x00, 0x0e, 0x80, 0x00, 0x00, 0x00,
    0x00, 0x00, 0x00, 0x0e, 0x90, 0x00, 0x00, 0x00,

    /* U+5355 "单" */
    0x00, 0x00, 0x00, 0x00, 0x00, 0x00, 0x00, 0x00,
    0x00, 0x06, 0x70, 0x00, 0x2d, 0x40, 0x00, 0x00,
    0x00, 0x2f, 0x20, 0x09, 0xe1, 0x00, 0x00, 0x00,
    0x11, 0x94, 0x12, 0xf7, 0x11, 0x00, 0x00, 0x2f,
    0xff, 0xff, 0xff, 0xff, 0xf3, 0x00, 0x02, 0xf1,
    0x00, 0xe4, 0x00, 0x1f, 0x30, 0x00, 0x2f, 0x54,
    0x4e, 0x74, 0x45, 0xf3, 0x00, 0x02, 0xfb, 0xbb,
    0xfc, 0xbb, 0xbf, 0x30, 0x00, 0x2f, 0x10, 0x0e,
    0x40, 0x01, 0xf3, 0x00, 0x02, 0xff, 0xff, 0xff,
    0xff, 0xff, 0x30, 0x00, 0x00, 0x00, 0x0e, 0x50,
    0x00, 0x00, 0x00, 0x43, 0x33, 0x33, 0xe7, 0x33,
    0x33, 0x33, 0x2e, 0xee, 0xee, 0xef, 0xee, 0xee,
    0xee, 0xb0, 0x00, 0x00, 0x00, 0xe4, 0x00, 0x00,
    0x00, 0x00, 0x00, 0x00, 0x0e, 0x40, 0x00, 0x00,
    0x00, 0x00, 0x00, 0x00, 0xf5, 0x00, 0x00, 0x00,

    /* U+5382 "厂" */
    0x00, 0x00, 0x00, 0x00, 0x00, 0x00, 0x00, 0x00,
    0x00, 0x7f, 0xff, 0xff, 0xff, 0xff, 0xff, 0xf2,
    0x00, 0x6f, 0x33, 0x33, 0x33, 0x33, 0x33, 0x40,
    0x00, 0x5f, 0x00, 0x00, 0x00, 0x00, 0x00, 0x00,
    0x00, 0x5f, 0x00, 0x00, 0x00, 0x00, 0x00, 0x00,
    0x00, 0x5f, 0x00, 0x00, 0x00, 0x00, 0x00, 0x00,
    0x00, 0x4f, 0x00, 0x00, 0x00, 0x00, 0x00, 0x00,
    0x00, 0x5f, 0x00, 0x00, 0x00, 0x00, 0x00, 0x00,
    0x00, 0x6e, 0x00, 0x00, 0x00, 0x00, 0x00, 0x00,
    0x00, 0x8c, 0x00, 0x00, 0x00, 0x00, 0x00, 0x00,
    0x00, 0xc9, 0x00, 0x00, 0x00, 0x00, 0x00, 0x00,
    0x02, 0xf5, 0x00, 0x00, 0x00, 0x00, 0x00, 0x00,
    0x08, 0xf1, 0x00, 0x00, 0x00, 0x00, 0x00, 0x00,
    0x1f, 0x90, 0x00, 0x00, 0x00, 0x00, 0x00, 0x00,
    0x03, 0x20, 0x00, 0x00, 0x00, 0x00, 0x00, 0x00,

    /* U+53D6 "取" */
    0x00, 0x00, 0x00, 0x00, 0x00, 0x00, 0x00, 0x00,
    0x2f, 0xff, 0xff, 0xff, 0xae, 0xdd, 0xdd, 0x30,
    0x00, 0xe3, 0x00, 0xe3, 0x1f, 0x52, 0x3f, 0x20,
    0x00, 0xe3, 0x00, 0xe3, 0x0e, 0x40, 0x2f, 0x00,
    0x00, 0xee, 0xdd, 0xf3, 0x0c, 0x50, 0x4e, 0x00,
    0x00, 0xe4, 0x11, 0xe3, 0x0b, 0x60, 0x7c, 0x00,
    0x00, 0xe3, 0x00, 0xe3, 0x09, 0x90, 0xb8, 0x00,
    0x00, 0xe7, 0x44, 0xe3, 0x05, 0xc0, 0xf4, 0x00,
    0x00, 0xec, 0xbb, 0xf3, 0x01, 0xf7, 0xe0, 0x00,
    0x00, 0xe3, 0x00, 0xe3, 0x00, 0xbf, 0x70, 0x00,
    0x00, 0xe3, 0x02, 0xec, 0xb0, 0x8f, 0x40, 0x00,
    0x04, 0xfc, 0xed, 0xf7, 0x12, 0xfc, 0xd1, 0x00,
    0x1f, 0xb6, 0x10, 0xe3, 0x2d, 0xa0, 0xbe, 0x40,
    0x01, 0x00, 0x00, 0xe4, 0xec, 0x00, 0x0c, 0xe1,
    0x00, 0x00, 0x00, 0xf4, 0x20, 0x00, 0x00, 0x20,

    /* U+53D8 "变" */
    0x00, 0x00, 0x00, 0x00, 0x00, 0x00, 0x00, 0x00,
    0x00, 0x00, 0x00, 0x0e, 0x60, 0x00, 0x00, 0x00,
    0x03, 0x32, 0x22, 0x2b, 0xc2, 0x22, 0x23, 0x30,
    0x0d, 0xee, 0xee, 0xfe, 0xef, 0xee, 0xee, 0xe0,
    0x00, 0x05, 0x05, 0xe0, 0x0e, 0x50, 0x10, 0x00,
    0x00, 0x5f, 0x55, 0xe0, 0x0e, 0x58, 0xe2, 0x00,
    0x02, 0xe9, 0x05, 0xe0, 0x0e, 0x50, 0xce, 0x20,
    0x0b, 0xb0, 0x05, 0xf0, 0x0e, 0x60, 0x1d, 0x90,
    0x00, 0x00, 0x03, 0x90, 0x09, 0x40, 0x01, 0x00,
    0x00, 0x7f, 0xff, 0xff, 0xff, 0xff, 0xa0, 0x00,
    0x00, 0x01, 0x6e, 0x20, 0x00, 0xbd, 0x10, 0x00,
    0x00, 0x00, 0x08, 0xc1, 0x09, 0xe2, 0x00, 0x00,
    0x00, 0x00, 0x00, 0x8e, 0xcc, 0x20, 0x00, 0x00,
    0x00, 0x00, 0x15, 0xbe, 0xdd, 0x73, 0x10, 0x00,
    0x07, 0xbe, 0xfc, 0x60, 0x05, 0xbf, 0xff, 0xa0,
    0x04, 0x84, 0x10, 0x00, 0x00, 0x00, 0x46, 0x20,

    /* U+53F7 "号" */
    0x00, 0x07, 0xff, 0xff, 0xff, 0xff, 0x80, 0x00,
    0x00, 0x07, 0xc0, 0x00, 0x00, 0x0b, 0x80, 0x00,
    0x00, 0x07, 0xc0, 0x00, 0x00, 0x0b, 0x80, 0x00,
    0x00, 0x07, 0xff, 0xff, 0xff, 0xff, 0x80, 0x00,
    0x00, 0x00, 0x00, 0x00, 0x00, 0x00, 0x00, 0x00,
    0x0d, 0xcc, 0xcc, 0xcc, 0xcc, 0xcc, 0xcc, 0xd0,
    0x04, 0x33, 0x6f, 0x33, 0x33, 0x33, 0x33, 0x40,
    0x00, 0x00, 0x8c, 0x00, 0x00, 0x00, 0x00, 0x00,
    0x00, 0x00, 0xce, 0xdd, 0xdd, 0xdd, 0xb0, 0x00,
    0x00, 0x00, 0x33, 0x33, 0x33, 0x3b, 0xb0, 0x00,
    0x00, 0x00, 0x00, 0x00, 0x00, 0x0b, 0x90, 0x00,
    0x00, 0x00, 0x00, 0x00, 0x00, 0x0e, 0x70, 0x00,
    0x00, 0x00, 0x00, 0x02, 0x55, 0x8f, 0x30, 0x00,
    0x00, 0x00, 0x00, 0x02, 0xff, 0xc7, 0x00, 0x00,
    0x00, 0x00, 0x00, 0x00, 0x00, 0x00, 0x00, 0x00,

    /* U+540E "后" */
    0x00, 0x00, 0x00, 0x00, 0x00, 0x01, 0x42, 0x00,
    0x01, 0x44, 0x57, 0x8a, 0xce, 0xff, 0xb0, 0x00,
    0x5f, 0xcb, 0xa9, 0x75, 0x42, 0x00, 0x00, 0x05,
    0xf0, 0x00, 0x00, 0x00, 0x00, 0x00, 0x00, 0x5f,
    0x33, 0x33, 0x33, 0x33, 0x34, 0x40, 0x05, 0xfe,
    0xee, 0xee, 0xee, 0xee, 0xee, 0x00, 0x6e, 0x00,
    0x00, 0x00, 0x00, 0x00, 0x00, 0x07, 0xc0, 0x22,
    0x22, 0x22, 0x22, 0x20, 0x00, 0x9b, 0x0e, 0xee,
    0xee, 0xee, 0xfe, 0x00, 0x0c, 0x80, 0xe5, 0x00,
    0x00, 0x05, 0xd0, 0x00, 0xf4, 0x0e, 0x50, 0x00,
    0x00, 0x5d, 0x00, 0x6f, 0x00, 0xe5, 0x00, 0x00,
    0x05, 0xd0, 0x1e, 0x90, 0x0e, 0xff, 0xff, 0xff,
    0xfd, 0x01, 0x61, 0x00, 0xe5, 0x00, 0x00, 0x05,
    0xe0, 0x00, 0x00, 0x01, 0x00, 0x00, 0x00, 0x00,
    0x00,

    /* U+542F "启" */
    0x00, 0x00, 0x00, 0x00, 0x10, 0x00, 0x00, 0x00,
    0x00, 0x00, 0x08, 0xd0, 0x00, 0x00, 0x00, 0x00,
    0x00, 0x03, 0xf6, 0x00, 0x00, 0x00, 0x0e, 0xff,
    0xff, 0xff, 0xff, 0xf6, 0x00, 0x0e, 0x30, 0x00,
    0x00, 0x00, 0xe6, 0x00, 0x0e, 0x30, 0x00, 0x00,
    0x00, 0xe6, 0x00, 0x0e, 0x64, 0x44, 0x44, 0x44,
    0xf6, 0x00, 0x0f, 0xdc, 0xcc, 0xcc, 0xcc, 0xc5,
    0x00, 0x0f, 0x10, 0x00, 0x00, 0x00, 0x00, 0x00,
    0x4f, 0x6d, 0xdd, 0xdd, 0xdd, 0xd8, 0x00, 0x7e,
    0x6e, 0x22, 0x22, 0x22, 0xc9, 0x00, 0xba, 0x6e,
    0x00, 0x00, 0x00, 0xb9, 0x01, 0xf6, 0x6e, 0x00,
    0x00, 0x00, 0xb9, 0x09, 0xf0, 0x6f, 0xff, 0xff,
    0xff, 0xf9, 0x2f, 0x80, 0x6e, 0x11, 0x11, 0x11,
    0xc9, 0x05, 0x10, 0x6d, 0x00, 0x00, 0x00, 0xb9,

    /* U+56DB "四" */
    0x5f, 0xff, 0xff, 0xff, 0xff, 0xff, 0xf5, 0x5e,
    0x00, 0x1f, 0x33, 0xf0, 0x00, 0xe5, 0x5e, 0x00,
    0x0f, 0x13, 0xf0, 0x00, 0xe5, 0x5e, 0x00, 0x2f,
    0x03, 0xf0, 0x00, 0xe5, 0x5e, 0x00, 0x5d, 0x03,
    0xf0, 0x00, 0xe5, 0x5e, 0x00, 0xb9, 0x03, 0xf0,
    0x00, 0xe5, 0x5e, 0x03, 0xf2, 0x03, 0xf1, 0x00,
    0xe5, 0x5e, 0x2e, 0x80, 0x01, 0xff, 0xf6, 0xe5,
    0x5e, 0x49, 0x00, 0x00, 0x12, 0x20, 0xe5, 0x5e,
    0x00, 0x00, 0x00, 0x00, 0x00, 0xe5, 0x5e, 0x11,
    0x11, 0x11, 0x11, 0x11, 0xe5, 0x5f, 0xff, 0xff,
    0xff, 0xff, 0xff, 0xf5, 0x6e, 0x00, 0x00, 0x00,
    0x00, 0x00, 0xe6, 0x01, 0x00, 0x00, 0x00, 0x00,
    0x00, 0x00,

    /* U+56DE "回" */
    0x3f, 0xff, 0xff, 0xff, 0xff, 0xff, 0xf1, 0x3f,
    0x11, 0x11, 0x11, 0x11, 0x12, 0xf1, 0x3f, 0x00,
    0x00, 0x00, 0x00, 0x02, 0xf1, 0x3f, 0x00, 0xef,
    0xff, 0xfe, 0x02, 0xf1, 0x3f, 0x00, 0xe4, 0x00,
    0x4e, 0x02, 0xf1, 0x3f, 0x00, 0xe4, 0x00, 0x4e,
    0x02, 0xf1, 0x3f, 0x00, 0xe4, 0x00, 0x4e, 0x02,
    0xf1, 0x3f, 0x00, 0xed, 0xcc, 0xdf, 0x02, 0xf1,
    0x3f, 0x00, 0x44, 0x44, 0x44, 0x02, 0xf1, 0x3f,
    0x00, 0x00, 0x00, 0x00, 0x02, 0xf1, 0x3f, 0x00,
    0x00, 0x00, 0x00, 0x02, 0xf1, 0x3f, 0xff, 0xff,
    0xff, 0xff, 0xff, 0xf1, 0x3f, 0x00, 0x00, 0x00,
    0x00, 0x02, 0xf1, 0x00, 0x00, 0x00, 0x00, 0x00,
    0x00, 0x10,

    /* U+590D "复" */
    0x00, 0x00, 0x29, 0x00, 0x00, 0x00, 0x00, 0x00,
    0x00, 0x00, 0xcc, 0x44, 0x44, 0x44, 0x44, 0x20,
    0x00, 0x0b, 0xea, 0xaa, 0xaa, 0xaa, 0xab, 0x50,
    0x03, 0xdd, 0x98, 0x88, 0x88, 0x88, 0x81, 0x00,
    0x09, 0x73, 0xf4, 0x44, 0x44, 0x44, 0xf2, 0x00,
    0x00, 0x03, 0xfe, 0xee, 0xee, 0xee, 0xf1, 0x00,
    0x00, 0x03, 0xe0, 0x00, 0x00, 0x00, 0xf1, 0x00,
    0x00, 0x03, 0xff, 0xff, 0xff, 0xff, 0xf2, 0x00,
    0x00, 0x00, 0x1d, 0x70, 0x00, 0x00, 0x00, 0x00,
    0x00, 0x00, 0xaf, 0xff, 0xff, 0xff, 0x80, 0x00,
    0x00, 0x1b, 0xcc, 0x80, 0x00, 0x9d, 0x00, 0x00,
    0x00, 0xba, 0x03, 0xeb, 0x29, 0xc1, 0x00, 0x00,
    0x00, 0x00, 0x00, 0x2e, 0xff, 0x51, 0x00, 0x00,
    0x04, 0x89, 0xbe, 0xd8, 0x48, 0xdf, 0xec, 0xa2,
    0x02, 0x97, 0x51, 0x00, 0x00, 0x01, 0x46, 0x80,

    /* U+5931 "失" */
    0x00, 0x00, 0x00, 0x05, 0x50, 0x00, 0x00, 0x00,
    0x00, 0x02, 0x20, 0x0a, 0xa0, 0x00, 0x00, 0x00,
    0x00, 0x09, 0xc0, 0x0a, 0x90, 0x00, 0x00, 0x00,
    0x00, 0x0e, 0x72, 0x2b, 0xa2, 0x22, 0x32, 0x00,
    0x00, 0x7f, 0xee, 0xef, 0xfe, 0xee, 0xe8, 0x00,
    0x01, 0xe5, 0x00, 0x0b, 0x80, 0x00, 0x00, 0x00,
    0x07, 0xb0, 0x00, 0x0c, 0x70, 0x00, 0x00, 0x00,
    0x04, 0x54, 0x44, 0x4d, 0x94, 0x44, 0x44, 0x30,
    0x0c, 0xcc, 0xcc, 0xcf, 0xfc, 0xcc, 0xcc, 0x80,
    0x00, 0x00, 0x00, 0x6e, 0xe5, 0x00, 0x00, 0x00,
    0x00, 0x00, 0x01, 0xe6, 0x5f, 0x30, 0x00, 0x00,
    0x00, 0x00, 0x2d, 0xa0, 0x08, 0xf7, 0x00, 0x00,
    0x00, 0x07, 0xfa, 0x00, 0x00, 0x6f, 0xe8, 0x30,
    0x08, 0xef, 0x70, 0x00, 0x00, 0x01, 0xaf, 0xb0,
    0x05, 0x81, 0x00, 0x00, 0x00, 0x00, 0x01, 0x10,

    /* U+5B58 "存" */
    0x00, 0x00, 0x00, 0x00, 0x00, 0x00, 0x00, 0x00,
    0x00, 0x00, 0x00, 0x6f, 0x20, 0x00, 0x00, 0x00,
    0x00, 0x00, 0x00, 0xca, 0x00, 0x00, 0x00, 0x00,
    0x01, 0xff, 0xff, 0xff, 0xff, 0xff, 0xff, 0xb0,
    0x00, 0x22, 0x1b, 0xa1, 0x11, 0x11, 0x12, 0x10,
    0x00, 0x01, 0x7f, 0x20, 0x00, 0x00, 0x00, 0x00,
    0x00, 0x05, 0xf7, 0x4f, 0xff, 0xff, 0xff, 0x40,
    0x00, 0x0d, 0xd0, 0x02, 0x11, 0x16, 0xfb, 0x10,
    0x00, 0xbf, 0xb0, 0x00, 0x00, 0xae, 0x50, 0x00,
    0x0a, 0xe7, 0xb1, 0x22, 0x22, 0xf6, 0x22, 0x20,
    0x03, 0x35, 0xb5, 0xff, 0xff, 0xff, 0xff, 0xf2,
    0x00, 0x05, 0xb0, 0x00, 0x00, 0xe5, 0x00, 0x00,
    0x00, 0x05, 0xb0, 0x00, 0x00, 0xe5, 0x00, 0x00,
    0x00, 0x05, 0xb0, 0x00, 0x00, 0xe5, 0x00, 0x00,
    0x00, 0x05, 0xc0, 0x00, 0x36, 0xf4, 0x00, 0x00,
    0x00, 0x00, 0x00, 0x00, 0x6d, 0x90, 0x00, 0x00,

    /* U+5B9E "实" */
    0x00, 0x00, 0x00, 0x00, 0x00, 0x00, 0x00, 0x00,
    0x00, 0x01, 0xe6, 0x00, 0x00, 0x00, 0x00, 0x00,
    0x00, 0xbc, 0x00, 0x00, 0x00, 0x4f, 0xff, 0xff,
    0xff, 0xff, 0xff, 0xf6, 0x4f, 0x10, 0x00, 0x01,
    0x00, 0x00, 0xf6, 0x4e, 0x05, 0x70, 0x03, 0xf3,
    0x00, 0xc5, 0x00, 0x04, 0xdd, 0x43, 0xf1, 0x00,
    0x00, 0x05, 0x91, 0x07, 0x64, 0xf0, 0x00, 0x00,
    0x02, 0xbf, 0x60, 0x05, 0xd0, 0x00, 0x00, 0x00,
    0x05, 0x50, 0x07, 0xb0, 0x00, 0x00, 0xef, 0xff,
    0xff, 0xff, 0xff, 0xff, 0xfe, 0x22, 0x11, 0x11,
    0x6f, 0x32, 0x11, 0x22, 0x00, 0x00, 0x05, 0xf6,
    0x7d, 0x50, 0x00, 0x00, 0x16, 0xcf, 0x50, 0x18,
    0xfc, 0x40, 0x4c, 0xfe, 0x81, 0x00, 0x00, 0x1a,
    0xf7, 0x07, 0x40, 0x00, 0x00, 0x00, 0x00, 0x41,

    /* U+5C0F "小" */
    0x00, 0x00, 0x00, 0x6f, 0x00, 0x00, 0x00, 0x00,
    0x00, 0x00, 0x5e, 0x00, 0x00, 0x00, 0x00, 0x00,
    0x00, 0x5e, 0x00, 0x00, 0x00, 0x00, 0x00, 0x00,
    0x5e, 0x00, 0x00, 0x00, 0x00, 0x2d, 0x30, 0x5e,
    0x00, 0xd3, 0x00, 0x00, 0x7f, 0x00, 0x5e, 0x00,
    0xbc, 0x00, 0x00, 0xca, 0x00, 0x5e, 0x00, 0x3f,
    0x50, 0x02, 0xf4, 0x00, 0x5e, 0x00, 0x0a, 0xd0,
    0x09, 0xe0, 0x00, 0x5e, 0x00, 0x03, 0xf4, 0x1f,
    0x70, 0x00, 0x5e, 0x00, 0x00, 0xcb, 0x3c, 0x10,
    0x00, 0x5e, 0x00, 0x00, 0x32, 0x00, 0x00, 0x00,
    0x5e, 0x00, 0x00, 0x00, 0x00, 0x00, 0x01, 0x7e,
    0x00, 0x00, 0x00, 0x00, 0x00, 0x2f, 0xf9, 0x00,
    0x00, 0x00, 0x00, 0x00, 0x04, 0x20, 0x00, 0x00,
    0x00,

    /* U+5DF2 "已" */
    0x00, 0x00, 0x00, 0x00, 0x00, 0x00, 0x00, 0x7f,
    0xff, 0xff, 0xff, 0xff, 0xff, 0x00, 0x13, 0x22,
    0x22, 0x22, 0x22, 0x6f, 0x00, 0x00, 0x00, 0x00,
    0x00, 0x00, 0x4f, 0x00, 0x0a, 0x60, 0x00, 0x00,
    0x00, 0x4f, 0x00, 0x0e, 0x80, 0x00, 0x00, 0x00,
    0x4f, 0x00, 0x0d, 0xff, 0xff, 0xff, 0xff, 0xff,
    0x00, 0x0d, 0x81, 0x11, 0x11, 0x11, 0x5f, 0x10,
    0x0d, 0x70, 0x00, 0x00, 0x00, 0x01, 0x00, 0x0d,
    0x70, 0x00, 0x00, 0x00, 0x00, 0x00, 0x0d, 0x70,
    0x00, 0x00, 0x00, 0x00, 0x62, 0x0d, 0x70, 0x00,
    0x00, 0x00, 0x00, 0xeb, 0x0c, 0xd4, 0x44, 0x44,
    0x44, 0x48, 0xf6, 0x04, 0xde, 0xff, 0xff, 0xff,
    0xfe, 0xa0,

    /* U+5E38 "常" */
    0x00, 0x70, 0x00, 0xe5, 0x00, 0x72, 0x00, 0x00,
    0xd8, 0x00, 0xe5, 0x02, 0xf3, 0x00, 0x00, 0x5a,
    0x00, 0xd5, 0x0a, 0xa0, 0x00, 0xff, 0xff, 0xff,
    0xff, 0xff, 0xff, 0xf5, 0xe4, 0x00, 0x00, 0x00,
    0x00, 0x00, 0xe5, 0xe4, 0xef, 0xff, 0xff, 0xff,
    0xf3, 0xc4, 0x00, 0xe4, 0x00, 0x00, 0x00, 0xe3,
    0x00, 0x00, 0xee, 0xee, 0xee, 0xee, 0xf3, 0x00,
    0x00, 0x11, 0x11, 0xd6, 0x11, 0x10, 0x00, 0x04,
    0x44, 0x44, 0xe8, 0x44, 0x44, 0x10, 0x0e, 0xbb,
    0xbb, 0xfc, 0xbb, 0xbe, 0x60, 0x0e, 0x10, 0x00,
    0xd5, 0x00, 0x0a, 0x60, 0x0e, 0x10, 0x00, 0xd5,
    0x01, 0x2c, 0x50, 0x0c, 0x10, 0x00, 0xe5, 0x09,
    0xfc, 0x10, 0x00, 0x00, 0x00, 0xe5, 0x00, 0x00,
    0x00,

    /* U+5E94 "应" */
    0x00, 0x00, 0x00, 0x00, 0x00, 0x00, 0x00, 0x00,
    0x00, 0x00, 0x00, 0x3f, 0x20, 0x00, 0x00, 0x00,
    0x00, 0x00, 0x00, 0xf8, 0x00, 0x00, 0x00, 0x06,
    0xff, 0xff, 0xff, 0xff, 0xff, 0xfb, 0x00, 0x6c,
    0x00, 0x00, 0x00, 0x00, 0x00, 0x00, 0x06, 0xc0,
    0x00, 0x13, 0x00, 0x01, 0x00, 0x00, 0x6b, 0x00,
    0x07, 0xd0, 0x00, 0x8e, 0x00, 0x06, 0xb5, 0xa0,
    0x0e, 0x60, 0x0c, 0xa0, 0x00, 0x7a, 0x2f, 0x30,
    0x7d, 0x01, 0xf3, 0x00, 0x08, 0x90, 0x9c, 0x01,
    0xf5, 0x6d, 0x00, 0x00, 0xb7, 0x01, 0xf4, 0x04,
    0x0c, 0x70, 0x00, 0x0d, 0x50, 0x09, 0x80, 0x03,
    0xf1, 0x00, 0x02, 0xf2, 0x00, 0x00, 0x00, 0x9a,
    0x00, 0x00, 0x7e, 0x16, 0x55, 0x55, 0x5f, 0x95,
    0x55, 0x0e, 0x84, 0xed, 0xdd, 0xdd, 0xdd, 0xdd,
    0xc0, 0x61, 0x00, 0x00, 0x00, 0x00, 0x00, 0x00,

    /* U+5F00 "开" */
    0x00, 0x00, 0x00, 0x00, 0x00, 0x00, 0x00, 0x00,
    0x00, 0xef, 0xff, 0xff, 0xff, 0xff, 0xff, 0x60,
    0x00, 0x22, 0x27, 0xe2, 0x22, 0xf7, 0x22, 0x10,
    0x00, 0x00, 0x06, 0xe0, 0x00, 0xf5, 0x00, 0x00,
    0x00, 0x00, 0x06, 0xe0, 0x00, 0xf5, 0x00, 0x00,
    0x00, 0x00, 0x06, 0xe0, 0x00, 0xf5, 0x00, 0x00,
    0x05, 0x44, 0x48, 0xf4, 0x44, 0xf8, 0x44, 0x51,
    0x0e, 0xdd, 0xce, 0xfc, 0xcc, 0xfd, 0xcd, 0xd3,
    0x00, 0x00, 0x09, 0xb0, 0x00, 0xf5, 0x00, 0x00,
    0x00, 0x00, 0x0e, 0x70, 0x00, 0xf5, 0x00, 0x00,
    0x00, 0x00, 0x7f, 0x20, 0x00, 0xf5, 0x00, 0x00,
    0x00, 0x04, 0xf8, 0x00, 0x00, 0xf5, 0x00, 0x00,
    0x01, 0x8f, 0xa0, 0x00, 0x00, 0xf6, 0x00, 0x00,
    0x02, 0xb8, 0x00, 0x00, 0x00, 0xf6, 0x00, 0x00,

    /* U+5F02 "异" */
    0x00, 0x2f, 0xff, 0xff, 0xff, 0xff, 0xc0, 0x00,
    0x00, 0x2f, 0x20, 0x00, 0x00, 0x07, 0xb0, 0x00,
    0x00, 0x2f, 0xff, 0xff, 0xff, 0xff, 0xc0, 0x00,
    0x00, 0x2f, 0x20, 0x00, 0x00, 0x00, 0x04, 0x00,
    0x00, 0x1f, 0x51, 0x11, 0x11, 0x11, 0x1f, 0x50,
    0x00, 0x0b, 0xef, 0xff, 0xff, 0xff, 0xeb, 0x00,
    0x00, 0x00, 0x06, 0x20, 0x00, 0x63, 0x00, 0x00,
    0x00, 0x00, 0x0f, 0x50, 0x00, 0xe6, 0x00, 0x00,
    0x1f, 0xff, 0xff, 0xff, 0xff, 0xff, 0xff, 0xf0,
    0x02, 0x11, 0x5f, 0x21, 0x11, 0xd7, 0x12, 0x20,
    0x00, 0x00, 0xc9, 0x00, 0x00, 0xd6, 0x00, 0x00,
    0x02, 0x6d, 0xc0, 0x00, 0x00, 0xd6, 0x00, 0x00,
    0x06, 0xe6, 0x00, 0x00, 0x00, 0xe7, 0x00, 0x00,
    0x00, 0x00, 0x00, 0x00, 0x00, 0x00, 0x00, 0x00,

    /* U+5F03 "弃" */
    0x00, 0x00, 0x00, 0x00, 0x00, 0x00, 0x00, 0x00,
    0x00, 0x00, 0x00, 0x0b, 0x80, 0x00, 0x00, 0x00,
    0x01, 0x11, 0x11, 0x19, 0xc1, 0x11, 0x11, 0x10,
    0x0f, 0xff, 0xff, 0xff, 0xff, 0xff, 0xff, 0xc0,
    0x00, 0x00, 0x05, 0xe3, 0x00, 0x60, 0x00, 0x00,
    0x00, 0x00, 0x6e, 0x30, 0x00, 0xbb, 0x00, 0x00,
    0x00, 0x1e, 0xfc, 0xab, 0xde, 0xee, 0xc1, 0x00,
    0x00, 0x09, 0x75, 0x32, 0x00, 0x01, 0xa1, 0x00,
    0x00, 0x00, 0x0d, 0x70, 0x00, 0xe5, 0x00, 0x00,
    0x02, 0x22, 0x2e, 0x72, 0x22, 0xe6, 0x22, 0x20,
    0x2f, 0xff, 0xff, 0xff, 0xff, 0xff, 0xff, 0xf1,
    0x00, 0x00, 0x0f, 0x10, 0x00, 0xe5, 0x00, 0x00,
    0x00, 0x00, 0x8d, 0x00, 0x00, 0xe5, 0x00, 0x00,
    0x00, 0x18, 0xf3, 0x00, 0x00, 0xe5, 0x00, 0x00,
    0x01, 0xdc, 0x30, 0x00, 0x00, 0xe5, 0x00, 0x00,
    0x00, 0x10, 0x00, 0x00, 0x00, 0x00, 0x00, 0x00,

    /* U+5F31 "弱" */
    0x00, 0x00, 0x00, 0x00, 0x00, 0x00, 0x00, 0x2f,
    0xff, 0xff, 0x35, 0xff, 0xff, 0xf3, 0x00, 0x00,
    0x0e, 0x30, 0x00, 0x00, 0xd3, 0x0c, 0xee, 0xef,
    0x32, 0xee, 0xee, 0xf3, 0x0f, 0x42, 0x22, 0x02,
    0xf2, 0x22, 0x20, 0x0f, 0x10, 0x00, 0x03, 0xe0,
    0x00, 0x00, 0x1f, 0xff, 0xff, 0x34, 0xff, 0xff,
    0xf5, 0x03, 0x20, 0x0e, 0x30, 0x51, 0x00, 0xd4,
    0x05, 0xe1, 0x0e, 0x30, 0x8c, 0x00, 0xd3, 0x00,
    0x73, 0x6f, 0x20, 0x09, 0x59, 0xf3, 0x03, 0x9e,
    0xbf, 0x24, 0x9d, 0xd7, 0xe2, 0x9f, 0x92, 0x0f,
    0x29, 0xb4, 0x00, 0xe2, 0x11, 0x00, 0x2f, 0x10,
    0x00, 0x01, 0xf1, 0x00, 0x0b, 0xfa, 0x00, 0x00,
    0x9f, 0xc0, 0x00, 0x02, 0x10, 0x00, 0x00, 0x23,
    0x00,

    /* U+5F3A "强" */
    0x00, 0x00, 0x00, 0x00, 0x00, 0x00, 0x00, 0xef,
    0xff, 0x64, 0xff, 0xff, 0xff, 0x50, 0x00, 0x0b,
    0x54, 0xf0, 0x00, 0x0d, 0x50, 0x00, 0x0b, 0x54,
    0xf9, 0x99, 0x9e, 0x50, 0xbf, 0xff, 0x61, 0x44,
    0x6f, 0x44, 0x10, 0xc7, 0x00, 0x00, 0x00, 0x3e,
    0x00, 0x00, 0xd6, 0x00, 0x0d, 0xff, 0xff, 0xff,
    0xe0, 0xda, 0x77, 0x1d, 0x50, 0x3e, 0x05, 0xe0,
    0x67, 0x7f, 0x1d, 0x50, 0x3e, 0x05, 0xe0, 0x00,
    0x1f, 0x0d, 0xff, 0xff, 0xff, 0xe0, 0x00, 0x2f,
    0x0a, 0x30, 0x3e, 0x00, 0x00, 0x00, 0x3e, 0x00,
    0x00, 0x3e, 0x08, 0xa0, 0x00, 0x5d, 0x00, 0x13,
    0x7f, 0x9d, 0xf3, 0x6c, 0xf8, 0x4f, 0xfe, 0xa7,
    0x40, 0x9c, 0x28, 0x40, 0x06, 0x20, 0x00, 0x00,
    0x11,

    /* U+5F53 "当" */
    0x00, 0x00, 0x00, 0x7f, 0x00, 0x00, 0x00, 0x05,
    0xd1, 0x00, 0x6e, 0x00, 0x06, 0xe1, 0x02, 0xfb,
    0x00, 0x6e, 0x00, 0x1e, 0xb0, 0x00, 0x6f, 0x60,
    0x6e, 0x00, 0xcd, 0x10, 0x00, 0x0a, 0x40, 0x6e,
    0x01, 0xc3, 0x00, 0x03, 0x32, 0x22, 0x7e, 0x22,
    0x22, 0x20, 0x0f, 0xee, 0xee, 0xee, 0xee, 0xee,
    0xf2, 0x00, 0x00, 0x00, 0x00, 0x00, 0x03, 0xf1,
    0x01, 0x22, 0x22, 0x22, 0x22, 0x24, 0xf1, 0x0a,
    0xff, 0xff, 0xff, 0xff, 0xff, 0xf1, 0x00, 0x00,
    0x00, 0x00, 0x00, 0x03, 0xf1, 0x00, 0x00, 0x00,
    0x00, 0x00, 0x03, 0xf1, 0x3f, 0xff, 0xff, 0xff,
    0xff, 0xff, 0xf1, 0x02, 0x21, 0x11, 0x11, 0x11,
    0x14, 0xf1, 0x00, 0x00, 0x00, 0x00, 0x00, 0x03,
    0xf2,

    /* U+5F97 "得" */
    0x00, 0x00, 0x50, 0x00, 0x00, 0x00, 0x00, 0x00,
    0x00, 0x08, 0xf2, 0x3f, 0xff, 0xff, 0xfe, 0x00,
    0x00, 0x6f, 0x40, 0x3e, 0x22, 0x22, 0x5e, 0x00,
    0x06, 0xf5, 0x00, 0x3f, 0xcc, 0xcc, 0xde, 0x00,
    0x03, 0x51, 0xe6, 0x3e, 0x00, 0x00, 0x4e, 0x00,
    0x00, 0x0a, 0xe1, 0x3f, 0xff, 0xff, 0xfd, 0x00,
    0x00, 0x6f, 0x40, 0x10, 0x00, 0x00, 0x00, 0x10,
    0x06, 0xff, 0x12, 0xee, 0xee, 0xee, 0xfe, 0xb0,
    0x1e, 0x6f, 0x10, 0x00, 0x00, 0x01, 0xf1, 0x00,
    0x00, 0x1f, 0x3f, 0xff, 0xff, 0xff, 0xff, 0xf3,
    0x00, 0x1f, 0x10, 0x16, 0x00, 0x01, 0xf1, 0x00,
    0x00, 0x1f, 0x10, 0x3f, 0x40, 0x01, 0xf1, 0x00,
    0x00, 0x1f, 0x10, 0x07, 0x80, 0x36, 0xf0, 0x00,
    0x00, 0x1f, 0x10, 0x00, 0x00, 0xce, 0x70, 0x00,
    0x00, 0x00, 0x00, 0x00, 0x00, 0x00, 0x00, 0x00,

    /* U+5FAE "微" */
    0x00, 0x00, 0x00, 0x00, 0x00, 0x01, 0x00, 0x00,
    0x00, 0x4a, 0x00, 0x88, 0x00, 0x0f, 0x30, 0x00,
    0x01, 0xe7, 0x35, 0x77, 0x43, 0x2f, 0x00, 0x00,
    0x0c, 0xa0, 0x69, 0x77, 0x86, 0x6c, 0x00, 0x00,
    0x2a, 0x06, 0x79, 0x77, 0x76, 0xad, 0xaa, 0x90,
    0x00, 0x2f, 0x9d, 0xdd, 0xd6, 0xe6, 0x6d, 0x40,
    0x00, 0xb7, 0x00, 0x00, 0x04, 0xe0, 0x4b, 0x00,
    0x07, 0xf3, 0x9d, 0xdd, 0xdb, 0xf2, 0x5a, 0x00,
    0x4e, 0xe3, 0x00, 0x00, 0x08, 0xb4, 0x79, 0x00,
    0x14, 0xc3, 0x0f, 0xde, 0x50, 0x77, 0xa6, 0x00,
    0x00, 0xc3, 0x1f, 0x09, 0x50, 0x4c, 0xe1, 0x00,
    0x00, 0xc3, 0x3e, 0x09, 0x88, 0x0f, 0xb0, 0x00,
    0x00, 0xc3, 0x7b, 0x0b, 0xe4, 0x7f, 0xe1, 0x00,
    0x00, 0xc4, 0xe4, 0x05, 0x4a, 0xd2, 0x8e, 0x60,
    0x00, 0xd4, 0x20, 0x01, 0xca, 0x10, 0x06, 0x70,
    0x00, 0x00, 0x00, 0x00, 0x00, 0x00, 0x00, 0x00,

    /* U+5FC3 "心" */
    0x00, 0x00, 0x00, 0x00, 0x00, 0x00, 0x00, 0x00,
    0x00, 0x00, 0x00, 0x6d, 0x00, 0x00, 0x00, 0x00,
    0x00, 0x00, 0x00, 0x1f, 0x80, 0x00, 0x00, 0x00,
    0x00, 0x00, 0x00, 0x07, 0xf3, 0x00, 0x00, 0x00,
    0x00, 0x00, 0x00, 0x00, 0xb3, 0x00, 0x00, 0x00,
    0x00, 0x00, 0x09, 0x50, 0x00, 0x00, 0x10, 0x00,
    0x02, 0xf5, 0x0e, 0x80, 0x00, 0x05, 0xf2, 0x00,
    0x05, 0xf2, 0x0d, 0x80, 0x00, 0x00, 0xdc, 0x00,
    0x08, 0xf0, 0x0d, 0x80, 0x00, 0x00, 0x3f, 0x70,
    0x0b, 0xb0, 0x0d, 0x80, 0x00, 0x00, 0x0a, 0xf1,
    0x0f, 0x80, 0x0d, 0x80, 0x00, 0x00, 0x01, 0x30,
    0x3e, 0x40, 0x0d, 0x80, 0x00, 0x02, 0x00, 0x00,
    0x00, 0x00, 0x0d, 0x80, 0x00, 0x0a, 0xb0, 0x00,
    0x00, 0x00, 0x0d, 0xc4, 0x44, 0x4e, 0x80, 0x00,
    0x00, 0x00, 0x08, 0xff, 0xff, 0xfe, 0x20, 0x00,
    0x00, 0x00, 0x00, 0x00, 0x00, 0x00, 0x00, 0x00,

    /* U+5FEB "快" */
    0x00, 0x01, 0x00, 0x00, 0x00, 0x00, 0x00, 0x00,
    0x00, 0x1f, 0x10, 0x00, 0x1f, 0x20, 0x00, 0x00,
    0x00, 0x1f, 0x10, 0x00, 0x1f, 0x10, 0x00, 0x00,
    0x00, 0x1f, 0x10, 0x00, 0x1f, 0x10, 0x00, 0x00,
    0x05, 0x3f, 0x87, 0xaf, 0xff, 0xff, 0xf3, 0x00,
    0x0c, 0x7f, 0x4e, 0x00, 0x1f, 0x10, 0xe3, 0x00,
    0x0f, 0x4f, 0x1e, 0x40, 0x1f, 0x10, 0xe3, 0x00,
    0x2f, 0x1f, 0x12, 0x00, 0x1f, 0x10, 0xe3, 0x00,
    0x39, 0x1f, 0x15, 0xdc, 0xcf, 0xcc, 0xfd, 0xc0,
    0x00, 0x1f, 0x11, 0x32, 0x7f, 0xe2, 0x23, 0x30,
    0x00, 0x1f, 0x10, 0x00, 0x98, 0xc5, 0x00, 0x00,
    0x00, 0x1f, 0x10, 0x01, 0xf2, 0x4e, 0x10, 0x00,
    0x00, 0x1f, 0x10, 0x0b, 0xa0, 0x0b, 0xa0, 0x00,
    0x00, 0x1f, 0x10, 0x8e, 0x10, 0x01, 0xe9, 0x00,
    0x00, 0x1f, 0x2a, 0xf3, 0x00, 0x00, 0x4f, 0xb0,
    0x00, 0x1f, 0x2b, 0x40, 0x00, 0x00, 0x04, 0x90,

    /* U+6062 "恢" */
    0x00, 0x00, 0x00, 0x00, 0x22, 0x00, 0x00, 0x00,
    0x00, 0x0e, 0x40, 0x00, 0xb8, 0x00, 0x00, 0x00,
    0x00, 0x0e, 0x41, 0xed, 0xfe, 0xdd, 0xdd, 0xc0,
    0x07, 0x4e, 0x78, 0x35, 0xe2, 0x22, 0x23, 0x30,
    0x0d, 0x6e, 0x6f, 0x27, 0xa0, 0x6a, 0x00, 0x00,
    0x0f, 0x3e, 0x4b, 0x6d, 0x50, 0x7c, 0x03, 0x20,
    0x1f, 0x0e, 0x40, 0x4e, 0x7b, 0x8b, 0x0c, 0x80,
    0x3a, 0x0e, 0x40, 0xb8, 0xb8, 0x9b, 0x2f, 0x10,
    0x00, 0x0e, 0x46, 0xe3, 0xf2, 0xdc, 0x8a, 0x00,
    0x00, 0x0e, 0x6f, 0x60, 0x23, 0xfe, 0x20, 0x00,
    0x00, 0x0e, 0xab, 0x00, 0x0c, 0x98, 0xb0, 0x00,
    0x00, 0x0e, 0x40, 0x00, 0xad, 0x00, 0xe9, 0x00,
    0x00, 0x0e, 0x40, 0x6d, 0xc1, 0x00, 0x2e, 0xc2,
    0x00, 0x0e, 0x42, 0xe7, 0x00, 0x00, 0x02, 0x90,
    0x00, 0x00, 0x00, 0x00, 0x00, 0x00, 0x00, 0x00,

    /* U+611F "感" */
    0x00, 0x00, 0x00, 0x00, 0x59, 0x1c, 0x20, 0x00,
    0x00, 0x00, 0x00, 0x00, 0x7c, 0x07, 0x61, 0x00,
    0x00, 0xcf, 0xff, 0xff, 0xff, 0xff, 0xff, 0x90,
    0x00, 0xc4, 0x00, 0x00, 0x2e, 0x00, 0x20, 0x00,
    0x00, 0xc5, 0xff, 0xff, 0x0f, 0x12, 0xf2, 0x00,
    0x00, 0xc4, 0x00, 0x00, 0x0c, 0x47, 0xb0, 0x00,
    0x00, 0xe4, 0xfe, 0xef, 0x17, 0xad, 0x40, 0x00,
    0x01, 0xf2, 0xd0, 0x0e, 0x10, 0xfc, 0x00, 0x10,
    0x08, 0xc1, 0xfe, 0xef, 0x17, 0xef, 0x65, 0xe0,
    0x1e, 0x40, 0x00, 0x03, 0x7b, 0x14, 0xef, 0x90,
    0x00, 0x41, 0x37, 0x2f, 0x40, 0x00, 0x26, 0x00,
    0x00, 0xe5, 0x5c, 0x06, 0x90, 0x10, 0x9d, 0x10,
    0x06, 0xe0, 0x4d, 0x00, 0x00, 0x9c, 0x0d, 0xa0,
    0x04, 0x50, 0x1e, 0xff, 0xff, 0xf6, 0x03, 0x30,

    /* U+6210 "成" */
    0x00, 0x00, 0x00, 0x00, 0x00, 0x00, 0x00, 0x00,
    0x00, 0x00, 0x00, 0x00, 0x5f, 0x0a, 0x80, 0x00,
    0x00, 0x00, 0x00, 0x00, 0x5f, 0x03, 0xe9, 0x00,
    0x00, 0x00, 0x00, 0x00, 0x4f, 0x00, 0x47, 0x00,
    0x00, 0xcf, 0xff, 0xff, 0xff, 0xff, 0xff, 0xa0,
    0x00, 0xc8, 0x11, 0x11, 0x2f, 0x21, 0x11, 0x10,
    0x00, 0xb7, 0x00, 0x00, 0x0f, 0x20, 0x79, 0x00,
    0x00, 0xbf, 0xff, 0xf7, 0x0d, 0x40, 0xda, 0x00,
    0x00, 0xc8, 0x22, 0xd6, 0x0b, 0x84, 0xf2, 0x00,
    0x00, 0xc6, 0x00, 0xd5, 0x08, 0xbd, 0x90, 0x00,
    0x00, 0xe5, 0x00, 0xe3, 0x03, 0xfe, 0x10, 0x00,
    0x01, 0xf3, 0x00, 0xf2, 0x04, 0xf9, 0x00, 0x30,
    0x05, 0xf0, 0x9d, 0xf0, 0x4f, 0xaf, 0x21, 0xf3,
    0x0c, 0xa0, 0x68, 0x48, 0xf6, 0x0a, 0xe8, 0xf1,
    0x3f, 0x20, 0x00, 0xcd, 0x30, 0x01, 0xcf, 0xc0,
    0x00, 0x00, 0x00, 0x20, 0x00, 0x00, 0x03, 0x10,

    /* U+62CD "拍" */
    0x00, 0x00, 0x00, 0x00, 0x00, 0x00, 0x00, 0x00,
    0x00, 0x4f, 0x00, 0x00, 0x0c, 0xa0, 0x00, 0x00,
    0x03, 0xf0, 0x00, 0x00, 0xf5, 0x00, 0x00, 0x00,
    0x3f, 0x00, 0x15, 0x6f, 0x65, 0x55, 0x02, 0x25,
    0xf2, 0x33, 0xfc, 0xcc, 0xcd, 0xf0, 0x9d, 0xef,
    0xde, 0x3e, 0x00, 0x00, 0x3f, 0x00, 0x03, 0xf0,
    0x03, 0xe0, 0x00, 0x03, 0xe0, 0x00, 0x3f, 0x02,
    0x3e, 0x00, 0x00, 0x3e, 0x00, 0x05, 0xfe, 0x83,
    0xff, 0xff, 0xff, 0xe1, 0x9d, 0xff, 0x10, 0x3e,
    0x00, 0x00, 0x3e, 0x0a, 0x64, 0xf0, 0x03, 0xe0,
    0x00, 0x03, 0xe0, 0x00, 0x3f, 0x00, 0x3e, 0x00,
    0x00, 0x3e, 0x00, 0x03, 0xf0, 0x03, 0xf3, 0x33,
    0x36, 0xe0, 0x00, 0x3f, 0x00, 0x3f, 0xdd, 0xdd,
    0xee, 0x00, 0xae, 0xe0, 0x03, 0xe0, 0x00, 0x03,
    0xf0, 0x09, 0xd6, 0x00, 0x4e, 0x00, 0x00, 0x00,
    0x00, 0x00, 0x00, 0x00, 0x00, 0x00, 0x00, 0x00,

    /* U+62E9 "择" */
    0x00, 0x3f, 0x10, 0x00, 0x00, 0x00, 0x00, 0x00,
    0x00, 0x3f, 0x10, 0x5f, 0xff, 0xff, 0xfd, 0x00,
    0x01, 0x4f, 0x21, 0x04, 0xd0, 0x01, 0xe3, 0x00,
    0x2f, 0xff, 0xfe, 0x00, 0xab, 0x4d, 0x60, 0x00,
    0x00, 0x3f, 0x10, 0x00, 0x1e, 0xf9, 0x00, 0x00,
    0x00, 0x3f, 0x11, 0x69, 0xea, 0x6e, 0xea, 0x81,
    0x00, 0x3f, 0xb5, 0xa8, 0x25, 0x80, 0x59, 0xa0,
    0x29, 0xef, 0x81, 0x11, 0x18, 0xd1, 0x11, 0x00,
    0x2d, 0x8f, 0x10, 0x8f, 0xff, 0xff, 0xfc, 0x00,
    0x00, 0x3f, 0x10, 0x00, 0x07, 0xd0, 0x00, 0x00,
    0x00, 0x3f, 0x12, 0x21, 0x17, 0xd1, 0x22, 0x20,
    0x00, 0x3f, 0x1c, 0xee, 0xef, 0xfe, 0xee, 0xf0,
    0x03, 0x7f, 0x00, 0x00, 0x07, 0xd0, 0x00, 0x00,
    0x09, 0xfc, 0x00, 0x00, 0x07, 0xd0, 0x00, 0x00,
    0x03, 0x50, 0x00, 0x00, 0x08, 0xd0, 0x00, 0x00,

    /* U+6309 "按" */
    0x00, 0x00, 0x00, 0x00, 0x01, 0x10, 0x00, 0x00,
    0x00, 0x0f, 0x20, 0x00, 0x0b, 0xa0, 0x00, 0x00,
    0x00, 0x0f, 0x20, 0x00, 0x02, 0xe1, 0x00, 0x00,
    0x00, 0x0f, 0x20, 0x8c, 0xcc, 0xcc, 0xcc, 0x70,
    0x3d, 0xcf, 0xd5, 0xa9, 0x33, 0x33, 0x3a, 0x90,
    0x02, 0x2f, 0x41, 0xa8, 0x0a, 0x90, 0x08, 0x90,
    0x00, 0x0f, 0x20, 0x33, 0x0f, 0x50, 0x02, 0x30,
    0x00, 0x0f, 0x22, 0x22, 0x6e, 0x22, 0x22, 0x20,
    0x00, 0x1f, 0xd8, 0xcd, 0xfe, 0xdd, 0xfe, 0xd1,
    0x2a, 0xff, 0x40, 0x04, 0xe1, 0x01, 0xf2, 0x00,
    0x09, 0x2f, 0x20, 0x0d, 0x70, 0x08, 0xb0, 0x00,
    0x00, 0x0f, 0x20, 0x1b, 0xe7, 0x3f, 0x30, 0x00,
    0x00, 0x0f, 0x20, 0x00, 0x2c, 0xfd, 0x00, 0x00,
    0x00, 0x0f, 0x10, 0x02, 0x8f, 0x8c, 0xe6, 0x00,
    0x06, 0xef, 0x07, 0xdf, 0xa2, 0x00, 0x7f, 0xa0,
    0x01, 0x61, 0x02, 0x51, 0x00, 0x00, 0x02, 0x20,

    /* U+63A7 "控" */
    0x00, 0x00, 0x00, 0x00, 0x00, 0x00, 0x00, 0x00,
    0x00, 0x5f, 0x00, 0x00, 0x09, 0xc0, 0x00, 0x00,
    0x00, 0x4f, 0x00, 0x22, 0x27, 0xf2, 0x22, 0x20,
    0x00, 0x4f, 0x00, 0xff, 0xff, 0xff, 0xff, 0xf1,
    0x02, 0x5f, 0x21, 0xf4, 0x11, 0x11, 0x13, 0xf1,
    0x2d, 0xef, 0xd5, 0xc2, 0x96, 0x05, 0x81, 0xc1,
    0x00, 0x4f, 0x00, 0x07, 0xf4, 0x02, 0xe8, 0x00,
    0x00, 0x4f, 0x01, 0x7f, 0x50, 0x00, 0x3f, 0x60,
    0x00, 0x6f, 0xe4, 0x56, 0x11, 0x11, 0x16, 0x20,
    0x3e, 0xff, 0x20, 0x8f, 0xff, 0xff, 0xff, 0x20,
    0x17, 0x4f, 0x00, 0x00, 0x03, 0xf0, 0x00, 0x00,
    0x00, 0x4f, 0x00, 0x00, 0x03, 0xf0, 0x00, 0x00,
    0x00, 0x4f, 0x00, 0x00, 0x03, 0xf0, 0x00, 0x00,
    0x00, 0x4e, 0x00, 0x21, 0x14, 0xf1, 0x12, 0x31,
    0x07, 0xec, 0x03, 0xee, 0xee, 0xee, 0xee, 0xe4,
    0x03, 0x72, 0x00, 0x00, 0x00, 0x00, 0x00, 0x00,

    /* U+64AD "播" */
    0x00, 0x1f, 0x10, 0x00, 0x02, 0x35, 0x8a, 0x00,
    0x00, 0x1f, 0x00, 0xdf, 0xff, 0xfc, 0xb9, 0x30,
    0x00, 0x1f, 0x00, 0x1b, 0x14, 0xe0, 0x7b, 0x00,
    0x3b, 0xbf, 0xb3, 0x09, 0x74, 0xe0, 0xd4, 0x00,
    0x14, 0x4f, 0x37, 0xee, 0xee, 0xfe, 0xfe, 0xe5,
    0x00, 0x1f, 0x00, 0x11, 0xdb, 0xf9, 0xb0, 0x10,
    0x00, 0x1f, 0x73, 0x1c, 0xb3, 0xf1, 0xea, 0x00,
    0x02, 0x9f, 0xd7, 0xdc, 0x03, 0xc0, 0x3f, 0xe4,
    0x4f, 0xaf, 0x1e, 0xdf, 0xff, 0xff, 0xfe, 0xa1,
    0x02, 0x1f, 0x01, 0x4d, 0x03, 0xd0, 0x3e, 0x00,
    0x00, 0x1f, 0x00, 0x4f, 0xee, 0xfe, 0xee, 0x00,
    0x00, 0x1f, 0x00, 0x4d, 0x14, 0xd1, 0x4e, 0x00,
    0x00, 0x1f, 0x00, 0x4d, 0x25, 0xe2, 0x5e, 0x00,
    0x06, 0xbf, 0x00, 0x4f, 0xcc, 0xcc, 0xde, 0x00,
    0x06, 0xd6, 0x00, 0x5d, 0x00, 0x00, 0x3f, 0x00,

    /* U+6572 "敲" */
    0x00, 0x00, 0xa6, 0x00, 0x00, 0x3f, 0x00, 0x00,
    0x0a, 0xaa, 0xde, 0xaa, 0x80, 0x3e, 0x00, 0x00,
    0x04, 0x33, 0x33, 0x34, 0x30, 0x3f, 0xcc, 0xb0,
    0x00, 0xcf, 0xff, 0xf9, 0x00, 0x3e, 0x22, 0x20,
    0x00, 0xc5, 0x00, 0x89, 0x00, 0x3e, 0x00, 0x00,
    0x00, 0xce, 0xdd, 0xea, 0x39, 0xaf, 0x99, 0x10,
    0x00, 0x22, 0x22, 0x21, 0x2d, 0x96, 0x7f, 0x00,
    0x0b, 0xff, 0xff, 0xff, 0x79, 0x70, 0x4e, 0x00,
    0x0b, 0x50, 0x00, 0x0b, 0x66, 0xb0, 0x6b, 0x00,
    0x0b, 0x5d, 0xee, 0x8b, 0x61, 0xf1, 0xc6, 0x00,
    0x0b, 0x5d, 0x37, 0x8b, 0x60, 0xac, 0xe0, 0x00,
    0x0b, 0x5d, 0xee, 0x8b, 0x60, 0x4f, 0xa0, 0x00,
    0x0b, 0x50, 0x00, 0x2c, 0x64, 0xea, 0xea, 0x20,
    0x0b, 0x50, 0x00, 0x8b, 0x6e, 0x40, 0x2b, 0xf2,
    0x00, 0x00, 0x00, 0x00, 0x00, 0x00, 0x00, 0x10,

    /* U+65B0 "新" */
    0x00, 0x00, 0xc5, 0x00, 0x00, 0x02, 0x48, 0x90,
    0x03, 0x43, 0xda, 0x44, 0x15, 0xfd, 0xba, 0x91,
    0x0c, 0xee, 0xee, 0xee, 0x45, 0xd0, 0x00, 0x00,
    0x00, 0x74, 0x01, 0xb1, 0x05, 0xd0, 0x00, 0x00,
    0x00, 0x6a, 0x07, 0xa0, 0x05, 0xe3, 0x33, 0x31,
    0x2e, 0xdd, 0xdf, 0xed, 0x85, 0xfc, 0xdf, 0xc5,
    0x15, 0x44, 0xd9, 0x44, 0x35, 0xd0, 0x4e, 0x00,
    0x00, 0x00, 0xc6, 0x00, 0x05, 0xc0, 0x4e, 0x00,
    0x0e, 0xff, 0xff, 0xff, 0x76, 0xb0, 0x4e, 0x00,
    0x03, 0x53, 0xd7, 0x33, 0x18, 0xa0, 0x4e, 0x00,
    0x00, 0xe8, 0xc6, 0xe3, 0x0b, 0x70, 0x4e, 0x00,
    0x08, 0xe1, 0xc6, 0x8d, 0x0f, 0x40, 0x4e, 0x00,
    0x3f, 0x30, 0xc6, 0x17, 0x5f, 0x00, 0x4e, 0x00,
    0x04, 0x29, 0xf5, 0x00, 0xd9, 0x00, 0x4f, 0x00,
    0x00, 0x0c, 0xa0, 0x03, 0xd2, 0x00, 0x5f, 0x00,
    0x00, 0x00, 0x00, 0x00, 0x00, 0x00, 0x00, 0x00,

    /* U+65E0 "无" */
    0x00, 0x00, 0x00, 0x00, 0x00, 0x00, 0x00, 0x00,
    0x00, 0x5f, 0xff, 0xff, 0xff, 0xff, 0xf4, 0x00,
    0x00, 0x02, 0x21, 0x6e, 0x11, 0x11, 0x20, 0x00,
    0x00, 0x00, 0x00, 0x5e, 0x00, 0x00, 0x00, 0x00,
    0x00, 0x00, 0x00, 0x5e, 0x00, 0x00, 0x00, 0x00,
    0x00, 0x00, 0x00, 0x5d, 0x00, 0x00, 0x00, 0x00,
    0x08, 0xff, 0xff, 0xff, 0xff, 0xff, 0xff, 0xb0,
    0x00, 0x11, 0x11, 0xa9, 0x4e, 0x11, 0x11, 0x10,
    0x00, 0x00, 0x00, 0xe5, 0x4e, 0x00, 0x00, 0x00,
    0x00, 0x00, 0x04, 0xf0, 0x4e, 0x00, 0x00, 0x00,
    0x00, 0x00, 0x1d, 0x80, 0x4e, 0x00, 0x00, 0x00,
    0x00, 0x01, 0xcd, 0x00, 0x4e, 0x00, 0x05, 0xb0,
    0x00, 0x3d, 0xe2, 0x00, 0x3f, 0x42, 0x2a, 0xd0,
    0x09, 0xfc, 0x10, 0x00, 0x0b, 0xff, 0xfe, 0x50,
    0x02, 0x60, 0x00, 0x00, 0x00, 0x00, 0x00, 0x00,

    /* U+65F6 "时" */
    0x00, 0x00, 0x00, 0x00, 0x00, 0x0f, 0x60, 0x03,
    0x33, 0x33, 0x00, 0x00, 0x00, 0xf5, 0x00, 0xee,
    0xdd, 0xf3, 0x00, 0x00, 0x0f, 0x50, 0x0e, 0x60,
    0x1f, 0x36, 0x55, 0x55, 0xf9, 0x62, 0xe6, 0x01,
    0xf4, 0xcc, 0xbb, 0xbf, 0xdc, 0x4d, 0x83, 0x4f,
    0x20, 0x00, 0x00, 0xe5, 0x00, 0xde, 0xdd, 0xf2,
    0x06, 0x00, 0x0e, 0x50, 0x0d, 0x60, 0x1f, 0x22,
    0xf6, 0x00, 0xe5, 0x00, 0xd6, 0x01, 0xf2, 0x08,
    0xe0, 0x0e, 0x50, 0x0e, 0x71, 0x3f, 0x20, 0x18,
    0x10, 0xe5, 0x00, 0xef, 0xff, 0xf2, 0x00, 0x00,
    0x0e, 0x50, 0x0e, 0x60, 0x1f, 0x20, 0x00, 0x00,
    0xe5, 0x00, 0xe6, 0x00, 0x30, 0x00, 0x00, 0x0f,
    0x50, 0x01, 0x00, 0x00, 0x00, 0x00, 0x8c, 0xf3,
    0x00, 0x00, 0x00, 0x00, 0x00, 0x04, 0x84, 0x00,
    0x00,

    /* U+6682 "暂" */
    0x00, 0x0d, 0x20, 0x00, 0x00, 0x25, 0x70, 0x23,
    0x7e, 0x33, 0x42, 0xff, 0xfe, 0xd1, 0x7b, 0xfb,
    0xaa, 0xb2, 0xf3, 0x00, 0x00, 0x08, 0xa1, 0xc0,
    0x01, 0xf8, 0x77, 0x75, 0x2f, 0xed, 0xfd, 0xc2,
    0xf6, 0x9d, 0x64, 0x02, 0x02, 0xf1, 0x25, 0xf0,
    0x5c, 0x00, 0x8b, 0xcd, 0xfe, 0xaa, 0xa0, 0x5c,
    0x00, 0x44, 0x33, 0xf0, 0x2f, 0x30, 0x5d, 0x00,
    0x00, 0x22, 0x62, 0x23, 0x22, 0x34, 0x00, 0x00,
    0xfd, 0xcc, 0xcc, 0xcc, 0xdf, 0x00, 0x00, 0xf5,
    0x11, 0x11, 0x11, 0x5e, 0x00, 0x00, 0xfc, 0xbb,
    0xbb, 0xbb, 0xce, 0x00, 0x00, 0xf4, 0x00, 0x00,
    0x00, 0x4f, 0x00, 0x00, 0xfd, 0xcc, 0xcc, 0xcc,
    0xdf, 0x00,

    /* U+6697 "暗" */
    0x00, 0x00, 0x00, 0x00, 0x10, 0x00, 0x00, 0x00,
    0x00, 0x00, 0x00, 0x1f, 0x30, 0x00, 0x00, 0x67,
    0x77, 0x10, 0x00, 0x79, 0x00, 0x00, 0x0e, 0xa8,
    0xf3, 0xbf, 0xee, 0xee, 0xef, 0x10, 0xe4, 0x0e,
    0x30, 0x37, 0x00, 0x59, 0x00, 0x0d, 0x40, 0xe3,
    0x03, 0xf1, 0x0b, 0xa0, 0x00, 0xd4, 0x0e, 0x30,
    0x0b, 0x30, 0xf3, 0x00, 0x0d, 0xcb, 0xf9, 0xff,
    0xff, 0xff, 0xff, 0xf0, 0xd8, 0x5f, 0x31, 0x22,
    0x22, 0x22, 0x11, 0x0d, 0x40, 0xe3, 0x2f, 0xdd,
    0xdd, 0xea, 0x00, 0xd4, 0x0e, 0x31, 0xf0, 0x00,
    0x08, 0xa0, 0x0d, 0x40, 0xe3, 0x1f, 0x99, 0x99,
    0xda, 0x00, 0xee, 0xdf, 0x31, 0xf5, 0x55, 0x5b,
    0xa0, 0x0d, 0x30, 0xb3, 0x1f, 0x11, 0x11, 0x9a,
    0x00, 0x00, 0x00, 0x02, 0xfd, 0xdd, 0xde, 0xa0,
    0x00, 0x00, 0x00, 0x2f, 0x00, 0x00, 0x00, 0x00,

    /* U+672C "本" */
    0x00, 0x00, 0x00, 0x0e, 0x70, 0x00, 0x00, 0x00,
    0x00, 0x00, 0x00, 0xd6, 0x00, 0x00, 0x00, 0x00,
    0x00, 0x00, 0x0d, 0x60, 0x00, 0x00, 0x00, 0xcf,
    0xff, 0xff, 0xff, 0xff, 0xff, 0xf6, 0x02, 0x21,
    0x13, 0xff, 0xf9, 0x11, 0x12, 0x10, 0x00, 0x00,
    0x7c, 0xda, 0xe0, 0x00, 0x00, 0x00, 0x00, 0x0e,
    0x5d, 0x6e, 0x50, 0x00, 0x00, 0x00, 0x08, 0xd0,
    0xd6, 0x6d, 0x00, 0x00, 0x00, 0x02, 0xf5, 0x0d,
    0x60, 0xd9, 0x00, 0x00, 0x01, 0xdb, 0x00, 0xd6,
    0x03, 0xf8, 0x00, 0x01, 0xcd, 0x44, 0x4e, 0x94,
    0x56, 0xfb, 0x13, 0xee, 0x28, 0xcc, 0xfd, 0xcd,
    0x34, 0xf9, 0x09, 0x20, 0x00, 0x0d, 0x60, 0x00,
    0x02, 0x00, 0x00, 0x00, 0x00, 0xe7, 0x00, 0x00,
    0x00, 0x00, 0x00, 0x00, 0x0e, 0x70, 0x00, 0x00,
    0x00,

    /* U+6837 "样" */
    0x00, 0x00, 0x00, 0x00, 0x00, 0x00, 0x00, 0x00,
    0x00, 0x0f, 0x50, 0x02, 0xe0, 0x05, 0xe0, 0x00,
    0x00, 0x0e, 0x40, 0x00, 0xd6, 0x0b, 0x90, 0x00,
    0x00, 0x0e, 0x40, 0x00, 0x43, 0x2f, 0x20, 0x00,
    0x13, 0x2e, 0x63, 0x5f, 0xee, 0xff, 0xef, 0xa0,
    0x4e, 0xef, 0xed, 0x12, 0x22, 0xf4, 0x22, 0x20,
    0x00, 0x5f, 0x40, 0x00, 0x00, 0xf2, 0x00, 0x00,
    0x00, 0xaf, 0xb4, 0x0e, 0xdd, 0xfd, 0xde, 0x40,
    0x01, 0xee, 0xae, 0x13, 0x22, 0xf4, 0x22, 0x00,
    0x09, 0x8e, 0x4d, 0x50, 0x00, 0xf2, 0x00, 0x00,
    0x4f, 0x1e, 0x40, 0x21, 0x01, 0xf3, 0x01, 0x10,
    0x68, 0x0e, 0x40, 0xdf, 0xff, 0xff, 0xff, 0xf0,
    0x00, 0x0e, 0x40, 0x00, 0x00, 0xf2, 0x00, 0x00,
    0x00, 0x0e, 0x40, 0x00, 0x00, 0xf2, 0x00, 0x00,
    0x00, 0x0f, 0x40, 0x00, 0x00, 0xf2, 0x00, 0x00,
    0x00, 0x0e, 0x40, 0x00, 0x00, 0xf3, 0x00, 0x00,

    /* U+6B62 "止" */
    0x00, 0x00, 0x00, 0x05, 0xf0, 0x00, 0x00, 0x00,
    0x00, 0x00, 0x00, 0x5f, 0x00, 0x00, 0x00, 0x00,
    0x06, 0x30, 0x04, 0xf0, 0x00, 0x00, 0x00, 0x00,
    0xe7, 0x00, 0x4f, 0x22, 0x22, 0x20, 0x00, 0x0d,
    0x70, 0x04, 0xff, 0xff, 0xfd, 0x00, 0x00, 0xd7,
    0x00, 0x4f, 0x00, 0x00, 0x00, 0x00, 0x0d, 0x70,
    0x04, 0xf0, 0x00, 0x00, 0x00, 0x00, 0xd7, 0x00,
    0x4f, 0x00, 0x00, 0x00, 0x00, 0x0d, 0x70, 0x04,
    0xf0, 0x00, 0x00, 0x00, 0x00, 0xd7, 0x00, 0x4f,
    0x00, 0x00, 0x00, 0x00, 0x0d, 0x70, 0x04, 0xf0,
    0x00, 0x00, 0x05, 0xdd, 0xfe, 0xdd, 0xef, 0xdd,
    0xdd, 0xdd, 0x15, 0x44, 0x44, 0x44, 0x44, 0x44,
    0x44, 0x50,

    /* U+6BCF "每" */
    0x00, 0x00, 0x95, 0x00, 0x00, 0x00, 0x00, 0x00,
    0x00, 0x3f, 0x84, 0x44, 0x44, 0x44, 0x51, 0x00,
    0x0d, 0xdb, 0xbb, 0xbb, 0xbb, 0xbc, 0x30, 0x0b,
    0xd1, 0x00, 0x00, 0x00, 0x00, 0x00, 0x0b, 0xe2,
    0xdf, 0xff, 0xff, 0xff, 0xd0, 0x00, 0x52, 0x0e,
    0x11, 0xd2, 0x00, 0x5b, 0x00, 0x00, 0x00, 0xf0,
    0x0a, 0xe1, 0x06, 0xa0, 0x00, 0x34, 0x4f, 0x44,
    0x4d, 0x44, 0x9b, 0x45, 0x07, 0xbc, 0xfb, 0xbd,
    0xbb, 0xbd, 0xdb, 0xc0, 0x00, 0x3d, 0x03, 0xe6,
    0x00, 0x88, 0x00, 0x00, 0x04, 0xb0, 0x03, 0xc2,
    0x09, 0x70, 0x00, 0x00, 0x6f, 0xdd, 0xdd, 0xdd,
    0xfe, 0xe0, 0x00, 0x01, 0x22, 0x22, 0x22, 0x2e,
    0x63, 0x00, 0x00, 0x00, 0x00, 0x00, 0x6f, 0xe1,
    0x00, 0x00, 0x00, 0x00, 0x00, 0x01, 0x40, 0x00,
    0x00,

    /* U+6D4B "测" */
    0x02, 0x30, 0x00, 0x00, 0x00, 0x00, 0x03, 0x90,
    0x7f, 0x72, 0xbb, 0xbb, 0xb0, 0x00, 0x4e, 0x00,
    0x5c, 0x3f, 0x44, 0x5f, 0x09, 0x24, 0xe0, 0x00,
    0x02, 0xe0, 0x52, 0xf0, 0xe3, 0x4e, 0x07, 0x10,
    0x2e, 0x1f, 0x3f, 0x0e, 0x34, 0xe0, 0xbe, 0x32,
    0xe0, 0xf2, 0xf0, 0xe3, 0x4e, 0x00, 0xa6, 0x2e,
    0x0f, 0x2f, 0x0e, 0x34, 0xe0, 0x00, 0x02, 0xe1,
    0xf1, 0xf0, 0xe3, 0x4e, 0x00, 0x1b, 0x3e, 0x3e,
    0x1f, 0x1e, 0x34, 0xe0, 0x07, 0xe2, 0xa6, 0xc0,
    0xa0, 0xe3, 0x4e, 0x00, 0xd7, 0x00, 0xb8, 0x50,
    0x0e, 0x34, 0xe0, 0x6e, 0x00, 0x3f, 0x5f, 0x60,
    0x00, 0x4e, 0x1e, 0x80, 0x0c, 0xb0, 0x5f, 0x20,
    0x04, 0xe2, 0xc1, 0x09, 0xf2, 0x00, 0xb6, 0x0c,
    0xec, 0x00, 0x00, 0x23, 0x00, 0x00, 0x00, 0x65,
    0x10,

    /* U+6D88 "消" */
    0x00, 0x40, 0x00, 0x20, 0x06, 0xf0, 0x01, 0x10,
    0x04, 0xf8, 0x05, 0xf3, 0x06, 0xf0, 0x0b, 0xd0,
    0x00, 0x6f, 0x70, 0xcc, 0x06, 0xf0, 0x4f, 0x30,
    0x00, 0x05, 0x00, 0x3b, 0x16, 0xf0, 0x88, 0x00,
    0x01, 0x00, 0x00, 0x22, 0x27, 0xf2, 0x22, 0x10,
    0x2f, 0xa2, 0x00, 0xef, 0xee, 0xee, 0xef, 0x70,
    0x02, 0xab, 0x00, 0xe6, 0x00, 0x00, 0x0e, 0x60,
    0x00, 0x00, 0x00, 0xee, 0xdd, 0xdd, 0xdf, 0x60,
    0x00, 0x09, 0x00, 0xe8, 0x44, 0x44, 0x4e, 0x60,
    0x00, 0x3f, 0x20, 0xe6, 0x00, 0x00, 0x0e, 0x60,
    0x00, 0x8c, 0x00, 0xef, 0xff, 0xff, 0xff, 0x60,
    0x00, 0xe7, 0x00, 0xe7, 0x11, 0x11, 0x1e, 0x60,
    0x05, 0xf2, 0x00, 0xe6, 0x00, 0x00, 0x0e, 0x60,
    0x0e, 0xe0, 0x00, 0xe6, 0x00, 0x02, 0x9f, 0x60,
    0x04, 0x80, 0x00, 0xe6, 0x00, 0x00, 0xdc, 0x10,
    0x00, 0x00, 0x00, 0x00, 0x00, 0x00, 0x00, 0x00,

    /* U+70B9 "点" */
    0x00, 0x00, 0x00, 0x1f, 0x40, 0x00, 0x00, 0x00,
    0x00, 0x00, 0x00, 0x1f, 0x40, 0x00, 0x00, 0x00,
    0x00, 0x00, 0x00, 0x1f, 0xff, 0xff, 0xff, 0x50,
    0x00, 0x00, 0x00, 0x1f, 0x51, 0x11, 0x12, 0x00,
    0x00, 0x01, 0x11, 0x1f, 0x41, 0x11, 0x10, 0x00,
    0x00, 0x0f, 0xff, 0xff, 0xff, 0xff, 0xf0, 0x00,
    0x00, 0x0f, 0x50, 0x00, 0x00, 0x04, 0xf0, 0x00,
    0x00, 0x0f, 0x50, 0x00, 0x00, 0x04, 0xf0, 0x00,
    0x00, 0x0f, 0x50, 0x00, 0x00, 0x04, 0xf0, 0x00,
    0x00, 0x0f, 0xff, 0xff, 0xff, 0xff, 0xf0, 0x00,
    0x00, 0x21, 0x11, 0x11, 0x11, 0x11, 0x10, 0x00,
    0x00, 0xe8, 0x0a, 0x30, 0x3c, 0x00, 0x7b, 0x00,
    0x05, 0xf1, 0x0b, 0xa0, 0x1e, 0x70, 0x3f, 0x50,
    0x0d, 0x90, 0x05, 0xf1, 0x08, 0xe0, 0x09, 0xe0,
    0x04, 0x10, 0x00, 0x30, 0x01, 0x20, 0x01, 0x30,

    /* U+70BC "炼" */
    0x00, 0x00, 0x00, 0x00, 0x01, 0x00, 0x00, 0x00,
    0x00, 0x0f, 0x30, 0x00, 0x09, 0xb0, 0x00, 0x00,
    0x00, 0x0f, 0x30, 0x00, 0x0d, 0x60, 0x00, 0x00,
    0x00, 0x0e, 0x20, 0xcc, 0xcf, 0xdc, 0xcc, 0x70,
    0x06, 0x2e, 0x5d, 0x33, 0x8c, 0x22, 0x22, 0x10,
    0x0e, 0x4e, 0xd8, 0x00, 0xb6, 0x00, 0x00, 0x00,
    0x0f, 0x3f, 0xb0, 0xef, 0xff, 0xfa, 0x00, 0x00,
    0x0f, 0x1f, 0x20, 0x29, 0xa1, 0x8a, 0x00, 0x00,
    0x2d, 0x2f, 0x00, 0x2f, 0x20, 0x7a, 0x00, 0x00,
    0x00, 0x3f, 0x00, 0x9f, 0xff, 0xff, 0xff, 0x90,
    0x00, 0x6f, 0xa0, 0x12, 0x00, 0x8a, 0x01, 0x00,
    0x00, 0xb9, 0xcb, 0x03, 0x90, 0x7a, 0x89, 0x00,
    0x01, 0xf2, 0x0c, 0x5e, 0x80, 0x7a, 0x2f, 0x60,
    0x09, 0xb0, 0x02, 0xe9, 0x00, 0x8a, 0x05, 0xf2,
    0x3f, 0x20, 0x0b, 0x90, 0x0a, 0xf8, 0x00, 0x81,
    0x03, 0x00, 0x00, 0x00, 0x05, 0x60, 0x00, 0x00,

    /* U+7248 "版" */
    0x00, 0xe2, 0x3f, 0x02, 0xdd, 0xdc, 0xcb, 0x50,
    0x00, 0xf1, 0x2e, 0x02, 0xf2, 0x10, 0x00, 0x00,
    0x00, 0xf1, 0x2e, 0x02, 0xf0, 0x00, 0x00, 0x00,
    0x00, 0xf1, 0x2e, 0x02, 0xf5, 0x55, 0x55, 0x10,
    0x00, 0xff, 0xff, 0xf5, 0xfd, 0xca, 0xaf, 0x10,
    0x00, 0xf1, 0x00, 0x02, 0xe9, 0x70, 0x3e, 0x00,
    0x00, 0xf1, 0x00, 0x03, 0xd7, 0xa0, 0x5c, 0x00,
    0x00, 0xff, 0xff, 0x44, 0xc4, 0xd0, 0x99, 0x00,
    0x01, 0xf0, 0x0d, 0x36, 0xa0, 0xf2, 0xd4, 0x00,
    0x03, 0xe0, 0x0d, 0x39, 0x80, 0x9b, 0xe0, 0x00,
    0x07, 0xb0, 0x0d, 0x3e, 0x40, 0x3f, 0x80, 0x00,
    0x0b, 0x80, 0x0e, 0x8e, 0x02, 0xed, 0xf6, 0x00,
    0x1e, 0x20, 0x0e, 0x65, 0x8f, 0x90, 0x4e, 0xd0,
    0x00, 0x00, 0x00, 0x00, 0x24, 0x00, 0x01, 0x30,

    /* U+7528 "用" */
    0x00, 0x5f, 0xff, 0xff, 0xff, 0xff, 0xff, 0x00,
    0x4e, 0x00, 0x05, 0xe0, 0x00, 0x5f, 0x00, 0x4e,
    0x00, 0x05, 0xe0, 0x00, 0x5e, 0x00, 0x4f, 0xee,
    0xee, 0xfe, 0xee, 0xee, 0x00, 0x4e, 0x00, 0x05,
    0xe0, 0x00, 0x5e, 0x00, 0x4e, 0x00, 0x05, 0xe0,
    0x00, 0x5e, 0x00, 0x4e, 0x00, 0x05, 0xe0, 0x00,
    0x5e, 0x00, 0x5f, 0xff, 0xff, 0xff, 0xff, 0xfe,
    0x00, 0x6d, 0x00, 0x05, 0xe0, 0x00, 0x5e, 0x00,
    0x8a, 0x00, 0x05, 0xe0, 0x00, 0x5e, 0x00, 0xd6,
    0x00, 0x05, 0xe0, 0x00, 0x5e, 0x03, 0xf1, 0x00,
    0x05, 0xf0, 0x03, 0x8d, 0x0c, 0xa0, 0x00, 0x05,
    0xd0, 0x0b, 0xf6, 0x01, 0x10, 0x00, 0x00, 0x00,
    0x01, 0x00,

    /* U+7535 "电" */
    0x00, 0x00, 0x05, 0xf0, 0x00, 0x00, 0x00, 0x00,
    0x00, 0x00, 0x5f, 0x00, 0x00, 0x00, 0x00, 0x02,
    0x22, 0x26, 0xf2, 0x22, 0x22, 0x00, 0x05, 0xfe,
    0xee, 0xef, 0xee, 0xee, 0xf0, 0x00, 0x5f, 0x10,
    0x05, 0xf0, 0x00, 0x4f, 0x00, 0x05, 0xf1, 0x00,
    0x5f, 0x00, 0x04, 0xf0, 0x00, 0x5f, 0xff, 0xff,
    0xff, 0xff, 0xff, 0x00, 0x05, 0xf1, 0x00, 0x5f,
    0x00, 0x04, 0xf0, 0x00, 0x5f, 0x10, 0x05, 0xf0,
    0x00, 0x4f, 0x00, 0x05, 0xf5, 0x44, 0x8f, 0x44,
    0x47, 0xf0, 0x00, 0x5f, 0xcc, 0xcd, 0xfc, 0xcc,
    0xcc, 0x00, 0x05, 0xf0, 0x00, 0x5f, 0x00, 0x00,
    0x00, 0x00, 0x00, 0x00, 0x05, 0xf0, 0x00, 0x00,
    0x1e, 0x30, 0x00, 0x00, 0x3f, 0x52, 0x22, 0x28,
    0xf1, 0x00, 0x00, 0x00, 0xbe, 0xff, 0xff, 0xe8,
    0x00,

    /* U+767E "百" */
    0x00, 0x00, 0x00, 0x00, 0x00, 0x00, 0x00, 0xff,
    0xff, 0xff, 0xff, 0xff, 0xff, 0xfe, 0x00, 0x00,
    0x00, 0xf4, 0x00, 0x00, 0x00, 0x00, 0x00, 0x04,
    0xe0, 0x00, 0x00, 0x00, 0x02, 0xdd, 0xde, 0xfd,
    0xdd, 0xdd, 0x30, 0x02, 0xf3, 0x22, 0x22, 0x22,
    0x2f, 0x30, 0x02, 0xf1, 0x00, 0x00, 0x00, 0x0f,
    0x30, 0x02, 0xf1, 0x00, 0x00, 0x00, 0x0f, 0x30,
    0x02, 0xff, 0xff, 0xff, 0xff, 0xff, 0x30, 0x02,
    0xf2, 0x11, 0x11, 0x11, 0x1f, 0x30, 0x02, 0xf1,
    0x00, 0x00, 0x00, 0x0f, 0x30, 0x02, 0xf1, 0x00,
    0x00, 0x00, 0x0f, 0x30, 0x02, 0xff, 0xff, 0xff,
    0xff, 0xff, 0x30, 0x02, 0xf1, 0x11, 0x11, 0x11,
    0x1f, 0x30, 0x02, 0xf1, 0x00, 0x00, 0x00, 0x00,
    0x00,

    /* U+786E "确" */
    0x00, 0x00, 0x00, 0x00, 0x32, 0x00, 0x00, 0x00,
    0x00, 0x00, 0x00, 0x0c, 0xa0, 0x00, 0x00, 0x0b,
    0xcc, 0xcc, 0x44, 0xfb, 0xaa, 0xa1, 0x00, 0x34,
    0xf5, 0x32, 0xe7, 0x33, 0xf8, 0x00, 0x00, 0x4f,
    0x00, 0xba, 0x00, 0x6e, 0x00, 0x00, 0x08, 0xa0,
    0x06, 0xac, 0xcf, 0xec, 0xca, 0x00, 0xea, 0x77,
    0x0b, 0x61, 0xe3, 0x16, 0xd0, 0x8f, 0x98, 0xf1,
    0xb5, 0x0e, 0x20, 0x5d, 0x4f, 0xf2, 0x0f, 0x0b,
    0xee, 0xfe, 0xee, 0xd3, 0x9e, 0x20, 0xf0, 0xc5,
    0x0e, 0x20, 0x5d, 0x00, 0xe2, 0x0f, 0x0c, 0x62,
    0xe4, 0x26, 0xd0, 0x0e, 0x53, 0xf0, 0xed, 0xcf,
    0xcc, 0xdd, 0x00, 0xec, 0xbf, 0x2f, 0x20, 0xe2,
    0x05, 0xd0, 0x0e, 0x20, 0xb9, 0xd0, 0x0e, 0x20,
    0x5d, 0x00, 0x81, 0x01, 0xe4, 0x00, 0xb1, 0x6e,
    0xb0, 0x00, 0x00, 0x01, 0x00, 0x00, 0x02, 0x40,

    /* U+79D2 "秒" */
    0x00, 0x00, 0x03, 0x10, 0x00, 0xe4, 0x00, 0x00,
    0x02, 0x58, 0xcf, 0x80, 0x00, 0xe4, 0x00, 0x00,
    0x07, 0xb9, 0xe0, 0x00, 0x00, 0xd4, 0x00, 0x00,
    0x00, 0x03, 0xe0, 0x00, 0xd3, 0xd4, 0xaa, 0x00,
    0x03, 0x35, 0xe2, 0x23, 0xf1, 0xd4, 0x3f, 0x60,
    0x1f, 0xef, 0xfe, 0xb5, 0xd0, 0xd4, 0x07, 0xf2,
    0x00, 0x0a, 0xe0, 0x09, 0xa0, 0xd4, 0x00, 0x50,
    0x00, 0x0e, 0xe5, 0x5d, 0x70, 0xd4, 0x09, 0x20,
    0x00, 0x6f, 0xe6, 0xe1, 0x00, 0xe4, 0x5f, 0x40,
    0x01, 0xeb, 0xe0, 0xc3, 0x00, 0x93, 0xca, 0x00,
    0x0b, 0xe4, 0xe0, 0x00, 0x00, 0x08, 0xf2, 0x00,
    0x1e, 0x54, 0xe0, 0x00, 0x00, 0x5f, 0x50, 0x00,
    0x01, 0x04, 0xe0, 0x00, 0x19, 0xf6, 0x00, 0x00,
    0x00, 0x04, 0xe0, 0x9c, 0xfc, 0x30, 0x00, 0x00,
    0x00, 0x05, 0xf0, 0x8a, 0x40, 0x00, 0x00, 0x00,

    /* U+7A0D "稍" */
    0x00, 0x00, 0x45, 0x01, 0x00, 0xe5, 0x02, 0x10,
    0x07, 0xbe, 0xf9, 0x2f, 0x10, 0xe5, 0x0c, 0xb0,
    0x09, 0x7e, 0x50, 0x0c, 0x90, 0xd5, 0x6e, 0x10,
    0x00, 0x0d, 0x50, 0x04, 0x80, 0xd5, 0x74, 0x00,
    0x14, 0x3e, 0x73, 0x01, 0x11, 0xd6, 0x11, 0x00,
    0x4e, 0xdf, 0xee, 0x2d, 0xff, 0xff, 0xff, 0x50,
    0x00, 0x4f, 0x50, 0x0d, 0x60, 0x00, 0x0e, 0x50,
    0x00, 0xaf, 0xb7, 0x0d, 0xfe, 0xee, 0xef, 0x50,
    0x03, 0xee, 0x9f, 0x2d, 0x73, 0x33, 0x3f, 0x50,
    0x0c, 0x7d, 0x5a, 0x3d, 0x61, 0x11, 0x1e, 0x50,
    0x6e, 0x0d, 0x50, 0x0d, 0xff, 0xff, 0xff, 0x50,
    0x03, 0x0d, 0x50, 0x0d, 0x61, 0x11, 0x1e, 0x50,
    0x00, 0x0e, 0x50, 0x0d, 0x50, 0x00, 0x0e, 0x50,
    0x00, 0x0e, 0x50, 0x0d, 0x50, 0x03, 0x9f, 0x50,
    0x00, 0x0c, 0x50, 0x0e, 0x50, 0x01, 0xfb, 0x10,
    0x00, 0x00, 0x00, 0x00, 0x00, 0x00, 0x00, 0x00,

    /* U+7B26 "符" */
    0x00, 0x03, 0x00, 0x00, 0x01, 0x20, 0x00, 0x00,
    0x00, 0x1f, 0x60, 0x00, 0x07, 0xe1, 0x00, 0x00,
    0x00, 0x8f, 0xcc, 0xcc, 0x4d, 0xfd, 0xdd, 0xe4,
    0x02, 0xf6, 0x4f, 0x63, 0x6f, 0x37, 0xe2, 0x31,
    0x1d, 0xb0, 0x0c, 0xa0, 0xd9, 0x00, 0xe6, 0x00,
    0x0b, 0x20, 0x46, 0x81, 0xb1, 0x00, 0x75, 0x00,
    0x00, 0x03, 0xf7, 0x00, 0x00, 0x06, 0xb0, 0x00,
    0x00, 0x0c, 0xc1, 0x32, 0x22, 0x28, 0xd2, 0x30,
    0x00, 0x8f, 0x56, 0xee, 0xee, 0xee, 0xfe, 0xe2,
    0x06, 0xff, 0x50, 0x00, 0x00, 0x06, 0xc0, 0x00,
    0x4f, 0x6d, 0x50, 0x0c, 0x50, 0x06, 0xc0, 0x00,
    0x03, 0x0d, 0x50, 0x09, 0xe0, 0x06, 0xc0, 0x00,
    0x00, 0x0d, 0x50, 0x01, 0xd2, 0x06, 0xc0, 0x00,
    0x00, 0x0d, 0x50, 0x00, 0x00, 0x06, 0xc0, 0x00,
    0x00, 0x0e, 0x50, 0x00, 0x02, 0x6c, 0xb0, 0x00,
    0x00, 0x0e, 0x60, 0x00, 0x02, 0xfc, 0x30, 0x00,
    0x00, 0x00, 0x00, 0x00, 0x00, 0x00, 0x00, 0x00,

    /* U+7B2C "第" */
    0x00, 0x01, 0x10, 0x00, 0x00, 0x10, 0x00, 0x00,
    0x00, 0x0a, 0xd1, 0x00, 0x02, 0xf5, 0x00, 0x00,
    0x00, 0x2f, 0xec, 0xcc, 0x79, 0xfd, 0xdd, 0xd6,
    0x00, 0xd9, 0x4f, 0x63, 0x5f, 0x54, 0xf5, 0x21,
    0x0c, 0xc0, 0x07, 0x60, 0x88, 0x00, 0x87, 0x00,
    0x02, 0x6f, 0xff, 0xff, 0xff, 0xff, 0xfd, 0x00,
    0x00, 0x01, 0x10, 0x05, 0xe0, 0x00, 0x5e, 0x00,
    0x00, 0x00, 0x00, 0x05, 0xe0, 0x00, 0x5e, 0x00,
    0x00, 0x5f, 0xff, 0xff, 0xff, 0xff, 0xfe, 0x00,
    0x00, 0x6d, 0x00, 0x04, 0xe0, 0x00, 0x00, 0x00,
    0x00, 0x7d, 0x44, 0x47, 0xe4, 0x44, 0x44, 0x40,
    0x00, 0x6b, 0xbb, 0xdf, 0xfb, 0xbb, 0xbd, 0xd0,
    0x00, 0x00, 0x04, 0xeb, 0xe0, 0x00, 0x06, 0xc0,
    0x00, 0x03, 0xae, 0x54, 0xe0, 0x03, 0x4c, 0x90,
    0x06, 0xcf, 0x91, 0x04, 0xe0, 0x0a, 0xfc, 0x20,
    0x03, 0x92, 0x00, 0x05, 0xf0, 0x01, 0x00, 0x00,

    /* U+7EA7 "级" */
    0x00, 0x08, 0x40, 0x00, 0x00, 0x00, 0x00, 0x00,
    0x00, 0x0f, 0x50, 0xaf, 0xff, 0xff, 0xf3, 0x00,
    0x00, 0x6c, 0x01, 0x12, 0xf0, 0x04, 0xf0, 0x00,
    0x01, 0xe3, 0x0e, 0x51, 0xf0, 0x06, 0xc0, 0x00,
    0x0b, 0x90, 0x6e, 0x01, 0xf0, 0x09, 0x80, 0x00,
    0x1f, 0xff, 0xf5, 0x01, 0xf0, 0x0d, 0x73, 0x10,
    0x04, 0x17, 0xb0, 0x03, 0xf1, 0x1c, 0xcf, 0x40,
    0x00, 0x3e, 0x10, 0x04, 0xf8, 0x00, 0x2f, 0x00,
    0x02, 0xe7, 0x46, 0x07, 0xdf, 0x10, 0x7b, 0x00,
    0x0d, 0xfe, 0xc8, 0x0b, 0x79, 0xa0, 0xd6, 0x00,
    0x02, 0x20, 0x02, 0x2f, 0x11, 0xea, 0xe0, 0x00,
    0x03, 0x7a, 0xec, 0xaa, 0x00, 0x6f, 0x70, 0x00,
    0x0d, 0xc7, 0x37, 0xe1, 0x03, 0xed, 0xe3, 0x00,
    0x00, 0x00, 0x6f, 0x42, 0x9f, 0x60, 0x8f, 0x91,
    0x00, 0x00, 0x02, 0x0a, 0xa2, 0x00, 0x04, 0xa0,

    /* U+7EC3 "练" */
    0x00, 0x00, 0x00, 0x00, 0x00, 0x00, 0x00, 0x00,
    0x00, 0x07, 0x20, 0x00, 0x06, 0xc0, 0x00, 0x00,
    0x00, 0x1f, 0x40, 0x00, 0x0b, 0x80, 0x00, 0x00,
    0x00, 0x8b, 0x00, 0xdc, 0xcf, 0xdc, 0xcc, 0x90,
    0x00, 0xe2, 0x0b, 0x63, 0x8d, 0x33, 0x33, 0x30,
    0x07, 0xa0, 0x5e, 0x10, 0xb7, 0x00, 0x00, 0x00,
    0x2f, 0x86, 0xd5, 0xdf, 0xff, 0xfa, 0x00, 0x00,
    0x0b, 0x8c, 0xc0, 0x06, 0xb0, 0x8a, 0x00, 0x00,
    0x00, 0x1e, 0x20, 0x1e, 0x30, 0x8a, 0x00, 0x00,
    0x00, 0xb7, 0x00, 0x7f, 0xff, 0xff, 0xff, 0x80,
    0x09, 0xf8, 0xbd, 0x02, 0x00, 0x8a, 0x01, 0x00,
    0x09, 0xb8, 0x52, 0x02, 0xc1, 0x8a, 0x79, 0x00,
    0x00, 0x00, 0x49, 0x1d, 0xa0, 0x8a, 0x2f, 0x50,
    0x18, 0xbf, 0xc8, 0xcb, 0x00, 0x89, 0x07, 0xe1,
    0x0d, 0x81, 0x05, 0xc0, 0x2c, 0xf7, 0x00, 0xa2,
    0x00, 0x00, 0x00, 0x00, 0x07, 0x40, 0x00, 0x00,

    /* U+7EC6 "细" */
    0x00, 0x05, 0x50, 0x00, 0x00, 0x00, 0x00, 0x00,
    0x00, 0xd8, 0x00, 0x00, 0x00, 0x00, 0x00, 0x00,
    0x5e, 0x00, 0x0e, 0xff, 0xff, 0xff, 0xf0, 0x0d,
    0x50, 0xb3, 0xe4, 0x0e, 0x30, 0x4e, 0x08, 0xc0,
    0x6f, 0x1e, 0x40, 0xe3, 0x04, 0xe0, 0xff, 0xff,
    0x70, 0xe4, 0x0e, 0x30, 0x4e, 0x04, 0x17, 0xd0,
    0x0e, 0x40, 0xe3, 0x04, 0xe0, 0x02, 0xf3, 0x00,
    0xee, 0xef, 0xee, 0xee, 0x01, 0xd8, 0x01, 0x0e,
    0x40, 0xe3, 0x04, 0xe0, 0x9f, 0xff, 0xe1, 0xe4,
    0x0e, 0x30, 0x4e, 0x01, 0x31, 0x00, 0x0e, 0x40,
    0xe3, 0x04, 0xe0, 0x00, 0x03, 0x64, 0xe4, 0x0e,
    0x40, 0x4e, 0x0a, 0xdf, 0xeb, 0x4e, 0xff, 0xff,
    0xff, 0xe0, 0x75, 0x10, 0x00, 0xe4, 0x00, 0x00,
    0x4f, 0x00, 0x00, 0x00, 0x01, 0x00, 0x00, 0x00,
    0x00,

    /* U+7F6E "置" */
    0x0d, 0xed, 0xde, 0xdd, 0xfd, 0xde, 0xc0, 0x00,
    0xc6, 0x04, 0xa0, 0x0d, 0x20, 0x7c, 0x00, 0x0a,
    0xcc, 0xcc, 0xde, 0xcc, 0xcc, 0xa0, 0x03, 0x66,
    0x66, 0x6c, 0xd6, 0x66, 0x66, 0x00, 0x48, 0x77,
    0x77, 0xea, 0x77, 0x77, 0x80, 0x00, 0x06, 0xbb,
    0xbf, 0xcb, 0xbb, 0x40, 0x00, 0x00, 0x89, 0x22,
    0x22, 0x22, 0xb5, 0x00, 0x00, 0x07, 0xed, 0xdd,
    0xdd, 0xdf, 0x50, 0x00, 0x00, 0x78, 0x11, 0x11,
    0x11, 0xb5, 0x00, 0x00, 0x07, 0xff, 0xff, 0xff,
    0xff, 0x50, 0x00, 0x00, 0x7b, 0x77, 0x77, 0x77,
    0xd5, 0x00, 0x00, 0x07, 0xb5, 0x55, 0x55, 0x5c,
    0x50, 0x00, 0xed, 0xee, 0xdd, 0xdd, 0xdd, 0xed,
    0xde, 0x00,

    /* U+81EA "自" */
    0x00, 0x00, 0x20, 0x00, 0x00, 0x00, 0x00, 0x00,
    0xbb, 0x00, 0x00, 0x00, 0x00, 0x00, 0xd6, 0x00,
    0x00, 0x00, 0x3c, 0xcc, 0xfd, 0xcc, 0xcc, 0xc3,
    0x4f, 0x44, 0x44, 0x44, 0x44, 0xf4, 0x4e, 0x00,
    0x00, 0x00, 0x00, 0xe4, 0x4f, 0x33, 0x33, 0x33,
    0x33, 0xf4, 0x4f, 0xcc, 0xcc, 0xcc, 0xcc, 0xf4,
    0x4e, 0x00, 0x00, 0x00, 0x00, 0xe4, 0x4f, 0x33,
    0x33, 0x33, 0x33, 0xf4, 0x4f, 0xcc, 0xcc, 0xcc,
    0xcc, 0xf4, 0x4e, 0x00, 0x00, 0x00, 0x00, 0xe4,
    0x4e, 0x00, 0x00, 0x00, 0x00, 0xe4, 0x4f, 0xff,
    0xff, 0xff, 0xff, 0xf4, 0x5e, 0x00, 0x00, 0x00,
    0x00, 0xe5,

    /* U+8282 "节" */
    0x00, 0x00, 0x1f, 0x30, 0x08, 0xd0, 0x00, 0x00,
    0x00, 0x00, 0x1f, 0x30, 0x08, 0xd0, 0x00, 0x00,
    0x2f, 0xff, 0xff, 0xff, 0xff, 0xff, 0xff, 0xf1,
    0x03, 0x21, 0x2f, 0x41, 0x19, 0xd1, 0x12, 0x20,
    0x00, 0x00, 0x1f, 0x30, 0x08, 0xd0, 0x00, 0x00,
    0x01, 0x21, 0x25, 0x21, 0x13, 0x41, 0x11, 0x00,
    0x09, 0xff, 0xff, 0xff, 0xff, 0xff, 0xff, 0x20,
    0x00, 0x00, 0x00, 0xf5, 0x00, 0x00, 0x4f, 0x10,
    0x00, 0x00, 0x00, 0xf5, 0x00, 0x00, 0x5f, 0x00,
    0x00, 0x00, 0x00, 0xf5, 0x00, 0x00, 0x5f, 0x00,
    0x00, 0x00, 0x00, 0xf5, 0x00, 0x00, 0x7e, 0x00,
    0x00, 0x00, 0x00, 0xf5, 0x00, 0x9b, 0xfa, 0x00,
    0x00, 0x00, 0x00, 0xf5, 0x00, 0x9c, 0x81, 0x00,
    0x00, 0x00, 0x00, 0xf5, 0x00, 0x00, 0x00, 0x00,
    0x00, 0x00, 0x00, 0xf5, 0x00, 0x00, 0x00, 0x00,

    /* U+83DC "菜" */
    0x00, 0x00, 0x00, 0x00, 0x00, 0x10, 0x00, 0x00,
    0x00, 0x00, 0x0d, 0x70, 0x03, 0xf0, 0x00, 0x00,
    0x05, 0x44, 0x4d, 0x94, 0x46, 0xf4, 0x44, 0x41,
    0x1d, 0xcc, 0xcf, 0xdc, 0xcd, 0xfc, 0xcc, 0xc3,
    0x00, 0x00, 0x0b, 0x50, 0x03, 0xe2, 0x31, 0x00,
    0x01, 0xcd, 0xdd, 0xef, 0xfe, 0xdc, 0xc9, 0x00,
    0x00, 0x38, 0x21, 0x1a, 0x60, 0x01, 0xc3, 0x00,
    0x00, 0x1e, 0x80, 0x08, 0xe0, 0x08, 0xd0, 0x00,
    0x00, 0x05, 0xf1, 0x04, 0xc0, 0x1e, 0x40, 0x00,
    0x02, 0x22, 0x32, 0x26, 0xe2, 0x22, 0x22, 0x20,
    0x2f, 0xff, 0xff, 0xff, 0xff, 0xff, 0xff, 0xf3,
    0x00, 0x00, 0x0b, 0xd5, 0xd7, 0xd1, 0x00, 0x00,
    0x00, 0x00, 0xae, 0x24, 0xd0, 0xae, 0x40, 0x00,
    0x00, 0x3d, 0xd2, 0x04, 0xd0, 0x09, 0xfb, 0x40,
    0x0a, 0xfa, 0x00, 0x04, 0xd0, 0x00, 0x5e, 0xc1,
    0x04, 0x50, 0x00, 0x05, 0xe0, 0x00, 0x00, 0x10,

    /* U+884C "行" */
    0x00, 0x00, 0x00, 0x00, 0x00, 0x00, 0x00, 0x00,
    0x00, 0x09, 0xb0, 0x00, 0x00, 0x00, 0x00, 0x00,
    0x00, 0x3f, 0x30, 0x0d, 0xff, 0xff, 0xff, 0x20,
    0x02, 0xe7, 0x00, 0x01, 0x11, 0x11, 0x11, 0x00,
    0x0d, 0xb0, 0x30, 0x00, 0x00, 0x00, 0x00, 0x00,
    0x06, 0x03, 0xf5, 0x00, 0x00, 0x00, 0x00, 0x00,
    0x00, 0x0d, 0xa0, 0x9f, 0xff, 0xff, 0xff, 0xf7,
    0x00, 0x8f, 0x20, 0x23, 0x22, 0x3f, 0x52, 0x31,
    0x05, 0xff, 0x20, 0x00, 0x00, 0x0f, 0x30, 0x00,
    0x2f, 0x8f, 0x20, 0x00, 0x00, 0x0f, 0x30, 0x00,
    0x06, 0x1f, 0x20, 0x00, 0x00, 0x0f, 0x30, 0x00,
    0x00, 0x1f, 0x20, 0x00, 0x00, 0x0f, 0x30, 0x00,
    0x00, 0x1f, 0x20, 0x00, 0x00, 0x0f, 0x30, 0x00,
    0x00, 0x1f, 0x20, 0x00, 0x00, 0x0f, 0x30, 0x00,
    0x00, 0x1f, 0x20, 0x00, 0x07, 0x9f, 0x30, 0x00,
    0x00, 0x1f, 0x20, 0x00, 0x07, 0xd9, 0x00, 0x00,

    /* U+89E6 "触" */
    0x00, 0x00, 0x00, 0x00, 0x00, 0x00, 0x00, 0x00,
    0x00, 0x0a, 0x50, 0x00, 0x00, 0x2f, 0x00, 0x00,
    0x00, 0x5f, 0x31, 0x10, 0x00, 0x1e, 0x00, 0x00,
    0x01, 0xee, 0xdf, 0x60, 0x00, 0x1e, 0x00, 0x00,
    0x1d, 0x90, 0x5c, 0x00, 0xbc, 0xcf, 0xbd, 0x20,
    0x1a, 0xff, 0xff, 0xf4, 0xc3, 0x1e, 0x0e, 0x20,
    0x01, 0xf0, 0xe1, 0xc3, 0xc3, 0x1e, 0x0e, 0x20,
    0x01, 0xf2, 0xe3, 0xd3, 0xc3, 0x1e, 0x0e, 0x20,
    0x01, 0xfc, 0xfc, 0xf3, 0xc4, 0x2e, 0x1e, 0x20,
    0x01, 0xf0, 0xe1, 0xc3, 0xcc, 0xbf, 0xbf, 0x30,
    0x03, 0xff, 0xff, 0xf3, 0xd3, 0x1e, 0x06, 0x00,
    0x05, 0xd0, 0xe1, 0xc3, 0x00, 0x1e, 0x0e, 0x10,
    0x07, 0xa0, 0xe1, 0xc3, 0x00, 0x1e, 0x0b, 0x70,
    0x0c, 0x70, 0xb1, 0xc6, 0x8a, 0xcf, 0xdc, 0xc0,
    0x2f, 0x10, 0x09, 0xf3, 0xb6, 0x30, 0x01, 0xe0,
    0x00, 0x00, 0x01, 0x10, 0x00, 0x00, 0x00, 0x00,

    /* U+8BA1 "计" */
    0x00, 0x82, 0x00, 0x00, 0x04, 0xf0, 0x00, 0x00,
    0x00, 0xae, 0x20, 0x00, 0x04, 0xe0, 0x00, 0x00,
    0x00, 0x0b, 0xe1, 0x00, 0x04, 0xe0, 0x00, 0x00,
    0x00, 0x00, 0x70, 0x00, 0x04, 0xe0, 0x00, 0x00,
    0x01, 0x11, 0x00, 0x00, 0x04, 0xe0, 0x00, 0x00,
    0x6f, 0xff, 0x49, 0xff, 0xff, 0xff, 0xff, 0xf1,
    0x00, 0x0e, 0x41, 0x21, 0x15, 0xe1, 0x11, 0x20,
    0x00, 0x0e, 0x40, 0x00, 0x04, 0xe0, 0x00, 0x00,
    0x00, 0x0e, 0x40, 0x00, 0x04, 0xe0, 0x00, 0x00,
    0x00, 0x0e, 0x44, 0x30, 0x04, 0xe0, 0x00, 0x00,
    0x00, 0x0e, 0x7e, 0x70, 0x04, 0xe0, 0x00, 0x00,
    0x00, 0x0f, 0xf8, 0x00, 0x04, 0xe0, 0x00, 0x00,
    0x00, 0x2f, 0x80, 0x00, 0x04, 0xe0, 0x00, 0x00,
    0x00, 0x03, 0x00, 0x00, 0x04, 0xf0, 0x00, 0x00,

    /* U+8BA4 "认" */
    0x00, 0x00, 0x00, 0x00, 0x00, 0x00, 0x00, 0x00,
    0x00, 0x2b, 0x10, 0x00, 0x0d, 0xa0, 0x00, 0x00,
    0x00, 0x1d, 0xc0, 0x00, 0x0d, 0x80, 0x00, 0x00,
    0x00, 0x01, 0xe7, 0x00, 0x0c, 0x80, 0x00, 0x00,
    0x00, 0x00, 0x20, 0x00, 0x0d, 0x80, 0x00, 0x00,
    0x00, 0x00, 0x00, 0x00, 0x0d, 0x90, 0x00, 0x00,
    0x3f, 0xff, 0x30, 0x00, 0x0e, 0xb0, 0x00, 0x00,
    0x01, 0x2f, 0x30, 0x00, 0x1f, 0xe0, 0x00, 0x00,
    0x00, 0x1f, 0x30, 0x00, 0x4e, 0xf2, 0x00, 0x00,
    0x00, 0x1f, 0x30, 0x00, 0xaa, 0xb8, 0x00, 0x00,
    0x00, 0x1f, 0x39, 0x91, 0xf4, 0x6e, 0x00, 0x00,
    0x00, 0x1f, 0xbe, 0x3a, 0xd0, 0x0e, 0x70, 0x00,
    0x00, 0x1f, 0xf3, 0x5f, 0x40, 0x07, 0xf3, 0x00,
    0x00, 0x4f, 0x44, 0xf8, 0x00, 0x00, 0xce, 0x20,
    0x00, 0x02, 0x3f, 0xa0, 0x00, 0x00, 0x1d, 0xd1,
    0x00, 0x00, 0x04, 0x00, 0x00, 0x00, 0x01, 0x20,

    /* U+8BAD "训" */
    0x00, 0x91, 0x00, 0x00, 0x00, 0x00, 0x00, 0x00,
    0x0a, 0xd1, 0x00, 0x83, 0x00, 0x00, 0x3a, 0x00,
    0x0a, 0xd0, 0x0d, 0x50, 0xc3, 0x03, 0xd0, 0x00,
    0x05, 0x00, 0xc5, 0x0d, 0x40, 0x3d, 0x14, 0x44,
    0x00, 0x0c, 0x50, 0xd4, 0x03, 0xd3, 0xdd, 0xf1,
    0x00, 0xc5, 0x0d, 0x40, 0x3d, 0x00, 0x2f, 0x10,
    0x0d, 0x50, 0xd4, 0x03, 0xd0, 0x02, 0xf1, 0x00,
    0xe4, 0x0d, 0x40, 0x3d, 0x00, 0x2f, 0x10, 0x0f,
    0x20, 0xd4, 0x03, 0xd0, 0x02, 0xf1, 0x03, 0xf0,
    0x0d, 0x40, 0x3d, 0x00, 0x2f, 0x78, 0x8b, 0x00,
    0xd4, 0x03, 0xd0, 0x02, 0xff, 0x4e, 0x50, 0x0d,
    0x40, 0x3d, 0x00, 0x5f, 0x78, 0xd0, 0x00, 0x82,
    0x03, 0xd0, 0x04, 0xa0, 0xa4, 0x00, 0x00, 0x00,
    0x4e, 0x00, 0x00, 0x00, 0x00, 0x00, 0x00, 0x00,
    0x00,

    /* U+8BBE "设" */
    0x00, 0x50, 0x00, 0x00, 0x00, 0x00, 0x00, 0x00,
    0x00, 0xdb, 0x00, 0x0f, 0xff, 0xff, 0x30, 0x00,
    0x00, 0x1e, 0x90, 0x0f, 0x20, 0x1f, 0x30, 0x00,
    0x00, 0x03, 0x50, 0x2f, 0x10, 0x1f, 0x30, 0x00,
    0x00, 0x00, 0x00, 0x8c, 0x00, 0x1f, 0x30, 0x00,
    0x4d, 0xdd, 0x15, 0xf4, 0x00, 0x0f, 0xed, 0xd0,
    0x13, 0x5f, 0x14, 0x60, 0x00, 0x02, 0x54, 0x40,
    0x00, 0x2f, 0x14, 0xff, 0xff, 0xff, 0xf5, 0x00,
    0x00, 0x2f, 0x10, 0x1f, 0x10, 0x07, 0xe0, 0x00,
    0x00, 0x2f, 0x10, 0x0b, 0x80, 0x0e, 0x70, 0x00,
    0x00, 0x2f, 0x39, 0x02, 0xf3, 0x9d, 0x00, 0x00,
    0x00, 0x2f, 0xec, 0x00, 0x7f, 0xf3, 0x00, 0x00,
    0x00, 0x4f, 0xb0, 0x01, 0xaf, 0xf8, 0x10, 0x00,
    0x00, 0x4d, 0x14, 0xaf, 0x91, 0x3b, 0xfc, 0x91,
    0x00, 0x00, 0x1b, 0x71, 0x00, 0x00, 0x26, 0x90,

    /* U+8BEF "误" */
    0x00, 0x50, 0x00, 0x00, 0x00, 0x00, 0x00, 0x00,
    0x00, 0xdb, 0x00, 0xdf, 0xff, 0xff, 0xf8, 0x00,
    0x00, 0x0c, 0x80, 0xd4, 0x00, 0x00, 0x98, 0x00,
    0x00, 0x01, 0x10, 0xd4, 0x00, 0x00, 0x98, 0x00,
    0x01, 0x11, 0x00, 0xce, 0xee, 0xee, 0xe7, 0x00,
    0x0c, 0xdf, 0x00, 0x00, 0x00, 0x00, 0x00, 0x00,
    0x00, 0x4e, 0x07, 0xff, 0xff, 0xff, 0xff, 0x70,
    0x00, 0x4e, 0x00, 0x00, 0x0e, 0x50, 0x00, 0x00,
    0x00, 0x4e, 0x02, 0x21, 0x1f, 0x51, 0x12, 0x20,
    0x00, 0x4e, 0x0d, 0xee, 0xef, 0xfe, 0xee, 0xf4,
    0x00, 0x4e, 0x51, 0x00, 0x9d, 0xe1, 0x00, 0x00,
    0x00, 0x4f, 0xf4, 0x05, 0xf3, 0xbb, 0x00, 0x00,
    0x00, 0x8f, 0x40, 0x6f, 0x70, 0x1d, 0xc4, 0x00,
    0x00, 0x26, 0x4d, 0xf6, 0x00, 0x01, 0xaf, 0xd1,
    0x00, 0x00, 0x08, 0x10, 0x00, 0x00, 0x02, 0x40,

    /* U+8BF7 "请" */
    0x00, 0x41, 0x00, 0x00, 0x03, 0xf0, 0x00, 0x00,
    0x00, 0xad, 0x10, 0xbb, 0xbc, 0xfb, 0xbb, 0xa0,
    0x00, 0x0b, 0xc0, 0x33, 0x35, 0xf3, 0x33, 0x30,
    0x00, 0x01, 0x30, 0x8d, 0xdd, 0xfd, 0xdd, 0x70,
    0x00, 0x00, 0x00, 0x00, 0x03, 0xf0, 0x00, 0x00,
    0x2e, 0xdd, 0x06, 0xdc, 0xcd, 0xfc, 0xcc, 0xd6,
    0x03, 0x6e, 0x01, 0x22, 0x22, 0x22, 0x22, 0x21,
    0x00, 0x3e, 0x00, 0x3f, 0xff, 0xff, 0xff, 0x00,
    0x00, 0x3e, 0x00, 0x2f, 0x00, 0x00, 0x3f, 0x00,
    0x00, 0x3e, 0x00, 0x2f, 0xee, 0xee, 0xef, 0x00,
    0x00, 0x3e, 0x1a, 0x2f, 0x00, 0x00, 0x3f, 0x00,
    0x00, 0x4f, 0xe7, 0x2f, 0xee, 0xee, 0xef, 0x00,
    0x00, 0x9e, 0x30, 0x2f, 0x00, 0x00, 0x3f, 0x00,
    0x00, 0x12, 0x00, 0x3f, 0x00, 0x01, 0xec, 0x00,
    0x00, 0x00, 0x00, 0x00, 0x00, 0x00, 0x00, 0x00,

    /* U+8C03 "调" */
    0x00, 0x01, 0x00, 0x00, 0x00, 0x00, 0x00, 0x00,
    0x08, 0xd1, 0x04, 0xff, 0xff, 0xff, 0xff, 0x00,
    0x0d, 0xb0, 0x3e, 0x00, 0xb2, 0x03, 0xe0, 0x00,
    0x22, 0x03, 0xe2, 0x3e, 0x53, 0x3e, 0x01, 0x11,
    0x00, 0x3e, 0x7c, 0xfc, 0xa3, 0xe3, 0xff, 0xf1,
    0x03, 0xe0, 0x0e, 0x30, 0x3e, 0x00, 0x1f, 0x10,
    0x3e, 0x7b, 0xfc, 0xc4, 0xe0, 0x01, 0xf1, 0x03,
    0xe2, 0x33, 0x33, 0x3e, 0x00, 0x1f, 0x10, 0x4e,
    0x5c, 0xcc, 0x93, 0xe0, 0x01, 0xf4, 0xd6, 0xc6,
    0xb1, 0x6c, 0x3e, 0x00, 0x1f, 0xf8, 0x9a, 0x6b,
    0x05, 0xc3, 0xe0, 0x03, 0xf9, 0x0e, 0x76, 0xee,
    0xeb, 0x3e, 0x00, 0x29, 0x06, 0xf1, 0x00, 0x00,
    0x05, 0xe0, 0x00, 0x02, 0xf8, 0x00, 0x00, 0x1e,
    0xfb, 0x00, 0x00, 0x04, 0x00, 0x00, 0x00, 0x75,
    0x00,

    /* U+8D25 "败" */
    0x00, 0x00, 0x00, 0x00, 0x00, 0x00, 0x00, 0x00,
    0x00, 0x00, 0x00, 0x00, 0x00, 0xb7, 0x00, 0x00,
    0x03, 0xcc, 0xcc, 0xcb, 0x00, 0xf4, 0x00, 0x00,
    0x03, 0xe3, 0x33, 0x4f, 0x03, 0xe0, 0x00, 0x00,
    0x03, 0xe0, 0x72, 0x2e, 0x08, 0xff, 0xff, 0xf6,
    0x03, 0xe0, 0xe4, 0x2e, 0x0e, 0x40, 0x2e, 0x00,
    0x03, 0xe0, 0xe3, 0x2e, 0x5f, 0x50, 0x4c, 0x00,
    0x03, 0xe0, 0xe2, 0x2e, 0xac, 0x70, 0x5a, 0x00,
    0x03, 0xe0, 0xe2, 0x2e, 0x04, 0xb0, 0x88, 0x00,
    0x03, 0xe0, 0xf0, 0x2f, 0x00, 0xe0, 0xb5, 0x00,
    0x03, 0xe2, 0xe0, 0x2f, 0x00, 0xb7, 0xf1, 0x00,
    0x00, 0x07, 0x96, 0x20, 0x00, 0x4f, 0xa0, 0x00,
    0x00, 0x2e, 0x39, 0xe2, 0x00, 0x5f, 0x80, 0x00,
    0x02, 0xe8, 0x00, 0x9e, 0x07, 0xe6, 0xe8, 0x00,
    0x0d, 0x90, 0x00, 0x06, 0xdd, 0x20, 0x2d, 0xd3,
    0x01, 0x00, 0x00, 0x01, 0x70, 0x00, 0x00, 0x60,

    /* U+8D70 "走" */
    0x00, 0x00, 0x00, 0x0e, 0x60, 0x00, 0x00, 0x00,
    0x00, 0x00, 0x00, 0x0d, 0x50, 0x00, 0x00, 0x00,
    0x00, 0x5f, 0xee, 0xef, 0xfe, 0xee, 0xf4, 0x00,
    0x00, 0x13, 0x22, 0x2d, 0x72, 0x22, 0x30, 0x00,
    0x00, 0x00, 0x00, 0x0d, 0x50, 0x00, 0x00, 0x00,
    0x03, 0x32, 0x22, 0x2d, 0x72, 0x22, 0x33, 0x10,
    0x3e, 0xee, 0xee, 0xef, 0xee, 0xee, 0xee, 0x50,
    0x00, 0x00, 0x00, 0x0d, 0x50, 0x00, 0x00, 0x00,
    0x00, 0x07, 0xe0, 0x0d, 0x72, 0x23, 0x30, 0x00,
    0x00, 0x08, 0xa0, 0x0d, 0xee, 0xee, 0xe3, 0x00,
    0x00, 0x0b, 0xc0, 0x0d, 0x50, 0x00, 0x00, 0x00,
    0x00, 0x1f, 0xdb, 0x1d, 0x50, 0x00, 0x00, 0x00,
    0x00, 0xaa, 0x0a, 0xff, 0x84, 0x33, 0x45, 0x50,
    0x0b, 0xd1, 0x00, 0x39, 0xdf, 0xff, 0xff, 0x80,
    0x04, 0x10, 0x00, 0x00, 0x00, 0x00, 0x00, 0x00,

    /* U+8D85 "超" */
    0x00, 0x00, 0xf3, 0x00, 0x00, 0x00, 0x00, 0x00,
    0x00, 0x00, 0xf3, 0x01, 0xff, 0xff, 0xff, 0x60,
    0x07, 0xff, 0xff, 0xf5, 0x05, 0xf0, 0x0e, 0x50,
    0x01, 0x22, 0xf4, 0x20, 0x09, 0xc0, 0x0f, 0x40,
    0x00, 0x00, 0xf3, 0x00, 0x3f, 0x50, 0x1f, 0x30,
    0x0c, 0xff, 0xff, 0xfd, 0xfa, 0x08, 0xfd, 0x00,
    0x01, 0x10, 0xa8, 0x11, 0x53, 0x35, 0x73, 0x10,
    0x01, 0x92, 0xa8, 0x00, 0x3f, 0xdd, 0xdf, 0x40,
    0x02, 0xf2, 0xae, 0xd7, 0x3f, 0x00, 0x0d, 0x40,
    0x04, 0xf0, 0xa9, 0x42, 0x3f, 0x00, 0x0d, 0x40,
    0x07, 0xf3, 0xa8, 0x00, 0x3f, 0x11, 0x1d, 0x40,
    0x0b, 0xde, 0xc8, 0x00, 0x3f, 0xff, 0xff, 0x40,
    0x2f, 0x53, 0xdd, 0x97, 0x55, 0x55, 0x55, 0x60,
    0x2a, 0x00, 0x05, 0x9c, 0xef, 0xff, 0xff, 0xb0,

    /* U+8DDF "跟" */
    0x03, 0xff, 0xff, 0xe8, 0xff, 0xff, 0xff, 0x10,
    0x02, 0xe0, 0x03, 0xe7, 0xa0, 0x00, 0x1f, 0x00,
    0x02, 0xe0, 0x03, 0xe7, 0xff, 0xff, 0xff, 0x00,
    0x02, 0xf8, 0x89, 0xe7, 0xa0, 0x00, 0x1f, 0x00,
    0x01, 0x88, 0xfa, 0x77, 0xa0, 0x00, 0x2f, 0x00,
    0x00, 0x00, 0xe4, 0x07, 0xff, 0xff, 0xff, 0x10,
    0x03, 0xe0, 0xe6, 0x37, 0xa0, 0xd3, 0x02, 0x00,
    0x02, 0xe0, 0xec, 0x97, 0xa0, 0xb6, 0x1d, 0x90,
    0x02, 0xe0, 0xe4, 0x07, 0xa0, 0x7b, 0xca, 0x00,
    0x02, 0xe0, 0xe4, 0x07, 0xa0, 0x1f, 0xa0, 0x00,
    0x02, 0xe0, 0xe7, 0x77, 0xa0, 0x1a, 0xc1, 0x00,
    0x06, 0xfb, 0xfb, 0x57, 0xbc, 0x91, 0xdd, 0x30,
    0x0d, 0x94, 0x00, 0x09, 0xf9, 0x00, 0x1b, 0xf5,
    0x00, 0x00, 0x00, 0x04, 0x50, 0x00, 0x00, 0x50,

    /* U+8F7D "载" */
    0x00, 0x00, 0x00, 0x00, 0x00, 0x00, 0x00, 0x00,
    0x00, 0x00, 0xc7, 0x00, 0x0f, 0x23, 0x70, 0x00,
    0x06, 0xbb, 0xed, 0xbb, 0x1f, 0x21, 0xe8, 0x00,
    0x02, 0x33, 0xc8, 0x34, 0x0f, 0x10, 0x33, 0x00,
    0x13, 0x33, 0xc8, 0x33, 0x3e, 0x53, 0x33, 0x40,
    0x4c, 0xbb, 0xdb, 0xbb, 0xbf, 0xcb, 0xbb, 0xc0,
    0x00, 0x04, 0xf3, 0x00, 0x0c, 0x40, 0x31, 0x00,
    0x0e, 0xff, 0xff, 0xff, 0x5a, 0x60, 0xc9, 0x00,
    0x01, 0x8c, 0x36, 0x01, 0x08, 0x80, 0xf3, 0x00,
    0x04, 0xe1, 0x5d, 0x00, 0x05, 0xb5, 0xc0, 0x00,
    0x07, 0xff, 0xff, 0xff, 0x21, 0xfd, 0x50, 0x00,
    0x00, 0x00, 0x5d, 0x00, 0x00, 0xcd, 0x00, 0x00,
    0x04, 0x57, 0xaf, 0xdf, 0x31, 0xee, 0x00, 0x30,
    0x0f, 0xeb, 0xbd, 0x20, 0x1d, 0x9b, 0x95, 0xe0,
    0x01, 0x00, 0x5d, 0x02, 0xdb, 0x01, 0xef, 0x80,
    0x00, 0x00, 0x5d, 0x05, 0xa0, 0x00, 0x28, 0x00,

    /* U+8FD0 "运" */
    0x00, 0x70, 0x00, 0x00, 0x00, 0x00, 0x00, 0x00,
    0x1e, 0x80, 0x0e, 0xff, 0xff, 0xff, 0x40, 0x00,
    0x3f, 0x30, 0x22, 0x11, 0x11, 0x20, 0x00, 0x00,
    0x30, 0x00, 0x00, 0x00, 0x00, 0x00, 0x00, 0x00,
    0x04, 0x44, 0x44, 0x44, 0x44, 0x10, 0x65, 0x54,
    0xfe, 0xef, 0xfe, 0xee, 0xf5, 0x0c, 0xbf, 0x40,
    0x01, 0xf3, 0x00, 0x00, 0x00, 0x00, 0xd4, 0x00,
    0x6c, 0x01, 0xa0, 0x00, 0x00, 0x0d, 0x40, 0x0e,
    0x30, 0x0c, 0x90, 0x00, 0x00, 0xd4, 0x0a, 0xc3,
    0x46, 0x9f, 0x50, 0x00, 0x0d, 0x41, 0xfe, 0xca,
    0x86, 0x9d, 0x00, 0x03, 0xea, 0x01, 0x00, 0x00,
    0x00, 0x10, 0x1a, 0xf7, 0xbe, 0x85, 0x43, 0x33,
    0x45, 0x50, 0xc3, 0x00, 0x4a, 0xde, 0xff, 0xff,
    0xf7, 0x00, 0x00, 0x00, 0x00, 0x00, 0x00, 0x00,
    0x00,

    /* U+8FD4 "返" */
    0x00, 0x53, 0x00, 0x00, 0x00, 0x01, 0x45, 0x00,
    0x00, 0xba, 0x00, 0x5b, 0xbd, 0xff, 0xff, 0x30,
    0x00, 0x5f, 0x10, 0x7d, 0x54, 0x32, 0x10, 0x00,
    0x00, 0x09, 0x10, 0x6c, 0x00, 0x00, 0x00, 0x00,
    0x00, 0x00, 0x00, 0x6e, 0xaa, 0xaa, 0xa8, 0x00,
    0x03, 0x33, 0x00, 0x6d, 0x55, 0x55, 0xca, 0x00,
    0x0c, 0xdf, 0x10, 0x7b, 0x06, 0x00, 0xd6, 0x00,
    0x00, 0x3f, 0x10, 0x9a, 0x3e, 0xc4, 0xf1, 0x00,
    0x00, 0x3f, 0x10, 0xd7, 0x01, 0xbf, 0xb0, 0x00,
    0x00, 0x3f, 0x13, 0xf2, 0x00, 0x8f, 0xf6, 0x00,
    0x00, 0x3f, 0x1d, 0xb0, 0x3b, 0xe3, 0x7f, 0x60,
    0x00, 0x4f, 0x58, 0x21, 0xd9, 0x10, 0x06, 0x10,
    0x05, 0xfa, 0xcc, 0x85, 0x43, 0x33, 0x45, 0x63,
    0x0c, 0x70, 0x03, 0x8b, 0xdf, 0xff, 0xff, 0xf2,
    0x00, 0x00, 0x00, 0x00, 0x00, 0x00, 0x00, 0x00,

    /* U+8FDB "进" */
    0x00, 0x61, 0x00, 0x04, 0xe0, 0x0f, 0x40, 0x00,
    0x00, 0xd9, 0x00, 0x03, 0xf0, 0x0f, 0x30, 0x00,
    0x00, 0x6f, 0x02, 0x35, 0xf2, 0x2f, 0x53, 0x20,
    0x00, 0x09, 0x1b, 0xfe, 0xfe, 0xef, 0xee, 0xc0,
    0x00, 0x00, 0x00, 0x04, 0xe0, 0x0f, 0x30, 0x00,
    0x0b, 0xaa, 0x00, 0x05, 0xd0, 0x0f, 0x30, 0x00,
    0x08, 0x9f, 0x04, 0x38, 0xc3, 0x3f, 0x63, 0x40,
    0x00, 0x4e, 0x0e, 0xde, 0xfd, 0xdf, 0xed, 0xe1,
    0x00, 0x4e, 0x00, 0x0a, 0x80, 0x0f, 0x30, 0x00,
    0x00, 0x4e, 0x00, 0x0e, 0x40, 0x0f, 0x30, 0x00,
    0x00, 0x4e, 0x00, 0x6e, 0x00, 0x0f, 0x30, 0x00,
    0x00, 0x5f, 0x24, 0xf6, 0x00, 0x0f, 0x40, 0x00,
    0x19, 0xd8, 0xcd, 0xe5, 0x43, 0x3c, 0x63, 0x41,
    0x09, 0x00, 0x03, 0x7b, 0xdf, 0xff, 0xff, 0xf2,
    0x00, 0x00, 0x00, 0x00, 0x00, 0x00, 0x00, 0x00,

    /* U+8FDE "连" */
    0x00, 0x20, 0x00, 0x00, 0x5b, 0x00, 0x00, 0x00,
    0x06, 0xe1, 0x00, 0x00, 0xb9, 0x00, 0x00, 0x00,
    0x00, 0xcb, 0x0e, 0xee, 0xfe, 0xee, 0xee, 0xa0,
    0x00, 0x2f, 0x32, 0x2c, 0x93, 0x62, 0x22, 0x20,
    0x00, 0x01, 0x00, 0x3f, 0x13, 0xf0, 0x00, 0x00,
    0x02, 0x11, 0x01, 0xd8, 0x14, 0xe1, 0x11, 0x00,
    0x0f, 0xff, 0x04, 0xfe, 0xee, 0xfe, 0xef, 0x30,
    0x00, 0x4f, 0x00, 0x00, 0x03, 0xe0, 0x00, 0x00,
    0x00, 0x4f, 0x01, 0x10, 0x03, 0xe0, 0x00, 0x10,
    0x00, 0x4f, 0x0f, 0xff, 0xff, 0xff, 0xff, 0xf0,
    0x00, 0x4f, 0x00, 0x00, 0x03, 0xe0, 0x00, 0x00,
    0x00, 0x4f, 0x00, 0x00, 0x03, 0xf0, 0x00, 0x00,
    0x05, 0xc7, 0xba, 0x64, 0x37, 0xf2, 0x22, 0x10,
    0x0b, 0x30, 0x04, 0x8b, 0xde, 0xff, 0xff, 0xf4,

    /* U+9000 "退" */
    0x00, 0xb7, 0x00, 0xff, 0xff, 0xff, 0xfe, 0x00,
    0x00, 0x9c, 0x00, 0xe6, 0x11, 0x11, 0x5e, 0x00,
    0x00, 0x4f, 0x20, 0xe6, 0x11, 0x11, 0x5e, 0x00,
    0x00, 0x0b, 0x20, 0xef, 0xff, 0xff, 0xfe, 0x00,
    0x00, 0x00, 0x00, 0xe5, 0x00, 0x00, 0x4e, 0x00,
    0x05, 0x44, 0x00, 0xec, 0xaa, 0xaa, 0xce, 0x00,
    0x0e, 0xef, 0x00, 0xea, 0x77, 0x77, 0x78, 0x00,
    0x00, 0x4e, 0x00, 0xe5, 0x4a, 0x20, 0x3f, 0x60,
    0x00, 0x4e, 0x00, 0xe5, 0x1b, 0xf8, 0xe6, 0x00,
    0x00, 0x4e, 0x00, 0xe5, 0x25, 0x5e, 0xd3, 0x00,
    0x00, 0x4e, 0x01, 0xfd, 0xfa, 0x01, 0xbf, 0x80,
    0x00, 0x6f, 0x62, 0xf9, 0x20, 0x00, 0x07, 0x50,
    0x09, 0xfb, 0xde, 0xa6, 0x54, 0x45, 0x57, 0x86,
    0x1d, 0x40, 0x04, 0x9c, 0xdf, 0xff, 0xfe, 0xd5,
    0x00, 0x00, 0x00, 0x00, 0x00, 0x00, 0x00, 0x00,

    /* U+9009 "选" */
    0x00, 0x00, 0x00, 0x45, 0x0b, 0xd0, 0x00, 0x00,
    0x00, 0xc9, 0x00, 0xb9, 0x0b, 0xc0, 0x00, 0x00,
    0x00, 0x5f, 0x00, 0xfd, 0xce, 0xfc, 0xd9, 0x00,
    0x00, 0x0c, 0x27, 0xd2, 0x2b, 0xd2, 0x22, 0x00,
    0x00, 0x00, 0x05, 0x60, 0x0b, 0xc0, 0x00, 0x00,
    0x02, 0x11, 0x06, 0x66, 0x6c, 0xd6, 0x66, 0x50,
    0x0f, 0xef, 0x28, 0xaa, 0xfb, 0xbf, 0xaa, 0x80,
    0x00, 0x1f, 0x20, 0x00, 0xf2, 0x4e, 0x00, 0x00,
    0x00, 0x1f, 0x20, 0x02, 0xf0, 0x4e, 0x00, 0x00,
    0x00, 0x1f, 0x20, 0x08, 0xa0, 0x4e, 0x04, 0x50,
    0x00, 0x1f, 0x20, 0x4f, 0x20, 0x4f, 0x4b, 0xf0,
    0x00, 0x1f, 0x32, 0xf5, 0x00, 0x1c, 0xff, 0x80,
    0x03, 0xd9, 0xbb, 0x85, 0x33, 0x22, 0x23, 0x42,
    0x0a, 0x70, 0x02, 0x7a, 0xce, 0xef, 0xff, 0xe1,
    0x00, 0x00, 0x00, 0x00, 0x00, 0x00, 0x00, 0x00,

    /* U+901F "速" */
    0x00, 0x10, 0x00, 0x00, 0x04, 0xd0, 0x00, 0x00,
    0x00, 0xf5, 0x05, 0x44, 0x47, 0xd4, 0x44, 0x40,
    0x00, 0xac, 0x0b, 0xbb, 0xbc, 0xfb, 0xbb, 0xa0,
    0x00, 0x5e, 0x10, 0x11, 0x15, 0xd1, 0x11, 0x00,
    0x00, 0x00, 0x03, 0xfe, 0xee, 0xfe, 0xef, 0x40,
    0x00, 0x00, 0x03, 0xe0, 0x04, 0xd0, 0x0e, 0x40,
    0x1f, 0xfe, 0x03, 0xf3, 0x36, 0xd3, 0x3f, 0x40,
    0x02, 0x5e, 0x02, 0xbb, 0xdf, 0xfb, 0xbb, 0x30,
    0x00, 0x4e, 0x00, 0x00, 0xdd, 0xd8, 0x30, 0x00,
    0x00, 0x4e, 0x00, 0x0a, 0xc4, 0xd7, 0xf4, 0x00,
    0x00, 0x4e, 0x01, 0xcd, 0x14, 0xd0, 0x6f, 0x60,
    0x00, 0x4e, 0x0b, 0xc1, 0x04, 0xd0, 0x06, 0x50,
    0x03, 0xba, 0xca, 0x75, 0x57, 0xd4, 0x44, 0x42,
    0x0c, 0x40, 0x04, 0x9c, 0xde, 0xef, 0xff, 0xf3,
    0x00, 0x00, 0x00, 0x00, 0x00, 0x00, 0x00, 0x00,

    /* U+906E "遮" */
    0x00, 0x00, 0x00, 0x00, 0x08, 0x80, 0x00, 0x00,
    0x05, 0xd0, 0x00, 0x33, 0x39, 0xe3, 0x34, 0x10,
    0x00, 0xca, 0x04, 0xfd, 0xdd, 0xdd, 0xde, 0x60,
    0x00, 0x2d, 0x13, 0xe0, 0x27, 0x02, 0x60, 0x00,
    0x00, 0x00, 0x03, 0xf3, 0x6f, 0x36, 0xe3, 0x20,
    0x13, 0x22, 0x03, 0xfd, 0xef, 0xde, 0xfd, 0x70,
    0x4c, 0xbf, 0x23, 0xe0, 0x4f, 0x14, 0xe0, 0x00,
    0x00, 0x0f, 0x23, 0xd0, 0x4f, 0xff, 0xe0, 0x00,
    0x00, 0x0f, 0x25, 0xc0, 0x00, 0x00, 0x00, 0x00,
    0x00, 0x0f, 0x28, 0x93, 0x21, 0x04, 0x2c, 0x00,
    0x00, 0x0f, 0x2d, 0x5b, 0x59, 0x5d, 0x3b, 0x70,
    0x00, 0x0f, 0x4a, 0x2f, 0x16, 0x67, 0x43, 0x50,
    0x01, 0xbf, 0xd3, 0x01, 0x00, 0x00, 0x00, 0x00,
    0x3d, 0xe6, 0x9f, 0xc7, 0x54, 0x33, 0x34, 0x52,
    0x2d, 0x20, 0x02, 0x7b, 0xde, 0xff, 0xff, 0xf1,
    0x00, 0x00, 0x00, 0x00, 0x00, 0x00, 0x00, 0x00,

    /* U+91C7 "采" */
    0x00, 0x00, 0x00, 0x00, 0x00, 0x00, 0x00, 0x00,
    0x00, 0x00, 0x00, 0x12, 0x46, 0x8b, 0xf5, 0x00,
    0x04, 0xde, 0xef, 0xff, 0xdc, 0xa9, 0x85, 0x00,
    0x00, 0x66, 0x32, 0x57, 0x00, 0x01, 0xd3, 0x00,
    0x00, 0x8d, 0x00, 0x5f, 0x10, 0x0a, 0xe1, 0x00,
    0x00, 0x1e, 0x90, 0x0e, 0x70, 0x4f, 0x40, 0x00,
    0x00, 0x07, 0xc0, 0x0a, 0x30, 0x79, 0x00, 0x00,
    0x00, 0x00, 0x00, 0x0e, 0x50, 0x00, 0x00, 0x00,
    0x5e, 0xdd, 0xdd, 0xdf, 0xed, 0xdd, 0xdd, 0xe1,
    0x15, 0x44, 0x49, 0xff, 0xde, 0x44, 0x44, 0x50,
    0x00, 0x00, 0x1e, 0x9e, 0x6f, 0x70, 0x00, 0x00,
    0x00, 0x01, 0xdd, 0x0e, 0x56, 0xf5, 0x00, 0x00,
    0x00, 0x2d, 0xe2, 0x0e, 0x50, 0xaf, 0x90, 0x00,
    0x06, 0xfd, 0x20, 0x0e, 0x50, 0x09, 0xfe, 0x80,
    0x4f, 0xa1, 0x00, 0x0f, 0x50, 0x00, 0x5e, 0x70,
    0x02, 0x00, 0x00, 0x0f, 0x60, 0x00, 0x00, 0x00,

    /* U+91CD "重" */
    0x00, 0x00, 0x00, 0x00, 0x02, 0x47, 0x60, 0x00,
    0x09, 0xbc, 0xde, 0xff, 0xdc, 0xb9, 0x00, 0x00,
    0x23, 0x21, 0x0e, 0x50, 0x00, 0x00, 0x03, 0xdc,
    0xcc, 0xcc, 0xfd, 0xcc, 0xcc, 0xca, 0x02, 0x22,
    0x22, 0x2e, 0x62, 0x22, 0x22, 0x20, 0x00, 0xcd,
    0xdd, 0xfe, 0xdd, 0xdd, 0x00, 0x00, 0x0e, 0x62,
    0x2e, 0x62, 0x26, 0xe0, 0x00, 0x00, 0xde, 0xee,
    0xfe, 0xee, 0xee, 0x00, 0x00, 0x0e, 0x72, 0x2e,
    0x72, 0x27, 0xe0, 0x00, 0x00, 0xef, 0xff, 0xff,
    0xff, 0xff, 0x00, 0x00, 0x00, 0x00, 0x0e, 0x50,
    0x00, 0x00, 0x00, 0x0d, 0xee, 0xee, 0xfe, 0xee,
    0xef, 0x80, 0x00, 0x00, 0x00, 0x0e, 0x50, 0x00,
    0x00, 0x01, 0xff, 0xff, 0xff, 0xff, 0xff, 0xff,
    0xfb,

    /* U+91CF "量" */
    0x00, 0x0f, 0xcc, 0xcc, 0xcc, 0xcc, 0xf0, 0x00,
    0x00, 0xfd, 0xdd, 0xdd, 0xdd, 0xdf, 0x00, 0x00,
    0x0f, 0x64, 0x44, 0x44, 0x46, 0xf0, 0x00, 0x00,
    0x66, 0x66, 0x66, 0x66, 0x66, 0x00, 0x2f, 0xed,
    0xdd, 0xdd, 0xdd, 0xdd, 0xde, 0xf0, 0x00, 0x66,
    0x66, 0x66, 0x66, 0x66, 0x00, 0x00, 0x1f, 0x87,
    0x7c, 0xc7, 0x78, 0xf1, 0x00, 0x01, 0xfd, 0xdd,
    0xee, 0xdd, 0xdf, 0x10, 0x00, 0x1f, 0x65, 0x5b,
    0xb5, 0x56, 0xf1, 0x00, 0x00, 0x77, 0x77, 0xcc,
    0x77, 0x77, 0x00, 0x00, 0x7c, 0xcc, 0xce, 0xec,
    0xcc, 0xd5, 0x00, 0x01, 0x10, 0x00, 0x99, 0x00,
    0x01, 0x00, 0x0b, 0xdd, 0xdd, 0xde, 0xed, 0xdd,
    0xdd, 0xb0,

    /* U+949F "钟" */
    0x00, 0x1d, 0x40, 0x00, 0x00, 0xf4, 0x00, 0x00,
    0x06, 0xf3, 0x00, 0x00, 0x0f, 0x40, 0x00, 0x00,
    0xdd, 0x34, 0x00, 0x00, 0xf4, 0x00, 0x00, 0x9f,
    0xcc, 0xd3, 0x77, 0x7f, 0x97, 0x72, 0x5f, 0x60,
    0x00, 0x1f, 0x76, 0xf8, 0x6f, 0x42, 0x6d, 0xff,
    0xd0, 0xf2, 0x0f, 0x40, 0xe4, 0x00, 0x0e, 0x40,
    0x0f, 0x20, 0xf4, 0x0e, 0x40, 0x00, 0xe4, 0x00,
    0xf2, 0x0f, 0x40, 0xe4, 0x0b, 0xff, 0xff, 0x4f,
    0x53, 0xf6, 0x3f, 0x40, 0x22, 0xe6, 0x31, 0xfc,
    0xcf, 0xdc, 0xf4, 0x00, 0x0e, 0x41, 0x1b, 0x10,
    0xf4, 0x0a, 0x30, 0x00, 0xe7, 0xe1, 0x00, 0x0f,
    0x40, 0x00, 0x00, 0x1f, 0xf9, 0x00, 0x00, 0xf4,
    0x00, 0x00, 0x05, 0xf8, 0x00, 0x00, 0x0f, 0x40,
    0x00, 0x00, 0x05, 0x00, 0x00, 0x00, 0xf5, 0x00,
    0x00,

    /* U+953B "锻" */
    0x00, 0x14, 0x00, 0x00, 0x32, 0x00, 0x00, 0x00,
    0x00, 0x5c, 0x00, 0x3f, 0xfd, 0x5f, 0xff, 0x10,
    0x00, 0xce, 0xe5, 0x3e, 0x00, 0x5b, 0x0f, 0x10,
    0x06, 0xb0, 0x10, 0x3e, 0x43, 0x6b, 0x0f, 0x10,
    0x1f, 0x62, 0x21, 0x3f, 0xdb, 0xa8, 0x0f, 0x94,
    0x04, 0xdf, 0xd4, 0x3e, 0x00, 0xe2, 0x08, 0xb4,
    0x00, 0x3d, 0x00, 0x3e, 0x00, 0x76, 0x66, 0x50,
    0x03, 0x6e, 0x31, 0x3f, 0xd9, 0xcc, 0x9b, 0xc0,
    0x09, 0xbf, 0xa3, 0x3e, 0x11, 0x59, 0x07, 0x90,
    0x00, 0x3d, 0x00, 0x3e, 0x00, 0x2c, 0x0b, 0x40,
    0x00, 0x3d, 0x00, 0x3e, 0x58, 0x0e, 0x4e, 0x00,
    0x00, 0x3d, 0xc6, 0xbf, 0xb4, 0x08, 0xe8, 0x00,
    0x00, 0x4f, 0xa3, 0xae, 0x00, 0x09, 0xf9, 0x00,
    0x00, 0x6b, 0x00, 0x3e, 0x07, 0xdc, 0x3d, 0xd4,
    0x00, 0x00, 0x00, 0x3e, 0x0b, 0x70, 0x00, 0x93,

    /* U+957F "长" */
    0x00, 0x00, 0xe7, 0x00, 0x00, 0x96, 0x00, 0x00,
    0x00, 0x0d, 0x60, 0x00, 0x5f, 0x80, 0x00, 0x00,
    0x00, 0xd6, 0x00, 0x4f, 0x80, 0x00, 0x00, 0x00,
    0x0d, 0x60, 0x4f, 0x80, 0x00, 0x00, 0x00, 0x00,
    0xd6, 0x4f, 0x80, 0x00, 0x00, 0x00, 0x00, 0x0d,
    0x60, 0x70, 0x00, 0x00, 0x00, 0x4f, 0xff, 0xff,
    0xff, 0xff, 0xff, 0xff, 0xb0, 0x22, 0x2d, 0x72,
    0x4f, 0x32, 0x22, 0x22, 0x00, 0x00, 0xd6, 0x00,
    0xd9, 0x00, 0x00, 0x00, 0x00, 0x0d, 0x60, 0x04,
    0xf3, 0x00, 0x00, 0x00, 0x00, 0xd6, 0x05, 0x0a,
    0xe3, 0x00, 0x00, 0x00, 0x0d, 0x7a, 0xf7, 0x0c,
    0xf6, 0x00, 0x00, 0x00, 0xff, 0xe4, 0x00, 0x09,
    0xfd, 0x30, 0x00, 0x2f, 0xa0, 0x00, 0x00, 0x04,
    0x90, 0x00, 0x00, 0x20, 0x00, 0x00, 0x00, 0x00,
    0x00,

    /* U+95F4 "间" */
    0x00, 0x00, 0x00, 0x00, 0x00, 0x00, 0x00, 0x00,
    0xc6, 0x00, 0x00, 0x00, 0x00, 0x00, 0x00, 0x5f,
    0x36, 0xff, 0xff, 0xff, 0xf6, 0x25, 0x06, 0x30,
    0x11, 0x11, 0x11, 0xd6, 0x6f, 0x00, 0x00, 0x00,
    0x00, 0x00, 0xd6, 0x5e, 0x00, 0xff, 0xff, 0xff,
    0x40, 0xd6, 0x5e, 0x00, 0xf4, 0x00, 0x0f, 0x30,
    0xd6, 0x5e, 0x00, 0xf3, 0x00, 0x0f, 0x30, 0xd6,
    0x5e, 0x00, 0xff, 0xff, 0xff, 0x30, 0xd6, 0x5e,
    0x00, 0xf4, 0x00, 0x0f, 0x30, 0xd6, 0x5e, 0x00,
    0xf3, 0x00, 0x0f, 0x30, 0xd6, 0x5e, 0x00, 0xfd,
    0xcc, 0xcf, 0x40, 0xd6, 0x5e, 0x00, 0x33, 0x33,
    0x33, 0x10, 0xd6, 0x6f, 0x00, 0x00, 0x00, 0x00,
    0x14, 0xf5, 0x6f, 0x00, 0x00, 0x00, 0x00, 0x4f,
    0xd1, 0x00, 0x00, 0x00, 0x00, 0x00, 0x01, 0x00,

    /* U+9632 "防" */
    0x00, 0x00, 0x00, 0x00, 0x00, 0x00, 0x00, 0x00,
    0x00, 0x00, 0x00, 0x03, 0xd0, 0x00, 0x00, 0x3b,
    0xbb, 0xb5, 0x00, 0x1f, 0x70, 0x00, 0x04, 0xe4,
    0x4e, 0x52, 0x11, 0x63, 0x11, 0x20, 0x4d, 0x03,
    0xea, 0xef, 0xff, 0xff, 0xff, 0x34, 0xd0, 0x98,
    0x00, 0xd5, 0x00, 0x00, 0x00, 0x4d, 0x0f, 0x30,
    0x0d, 0x50, 0x00, 0x00, 0x04, 0xd0, 0xe5, 0x00,
    0xdf, 0xff, 0xff, 0x20, 0x4d, 0x04, 0xe0, 0x0e,
    0x51, 0x14, 0xf0, 0x04, 0xd0, 0x0d, 0x50, 0xf2,
    0x00, 0x4e, 0x00, 0x4d, 0x00, 0xa7, 0x2f, 0x00,
    0x06, 0xd0, 0x04, 0xd4, 0x9f, 0x56, 0xb0, 0x00,
    0x7b, 0x00, 0x4d, 0x2b, 0x60, 0xd5, 0x00, 0x09,
    0x90, 0x04, 0xd0, 0x00, 0x8e, 0x00, 0x00, 0xd7,
    0x00, 0x4d, 0x00, 0x5f, 0x50, 0x5d, 0xef, 0x20,
    0x05, 0xd0, 0x08, 0x90, 0x02, 0xa7, 0x20, 0x00,
    0x00, 0x00, 0x00, 0x00, 0x00, 0x00, 0x00, 0x00,

    /* U+9694 "隔" */
    0x00, 0x00, 0x00, 0x00, 0x00, 0x00, 0x00, 0x0f,
    0xff, 0xf8, 0xbf, 0xff, 0xff, 0xff, 0xf1, 0xf4,
    0x0f, 0x20, 0x22, 0x22, 0x22, 0x20, 0x0f, 0x44,
    0xd0, 0x0f, 0xdc, 0xcc, 0xdf, 0x00, 0xf4, 0xa8,
    0x00, 0xf6, 0x00, 0x04, 0xe0, 0x0f, 0x4d, 0x60,
    0x0f, 0xff, 0xff, 0xfe, 0x00, 0xf4, 0x4e, 0x10,
    0x00, 0x00, 0x00, 0x00, 0x0f, 0x40, 0xc7, 0xef,
    0xff, 0xff, 0xff, 0xf1, 0xf4, 0x08, 0xad, 0x54,
    0x70, 0x87, 0x2f, 0x0f, 0x56, 0xd9, 0xd5, 0x2e,
    0x1d, 0x42, 0xf0, 0xf4, 0xd9, 0x1d, 0x5d, 0xed,
    0xfe, 0x5f, 0x0f, 0x40, 0x00, 0xd5, 0x24, 0xf3,
    0x23, 0xf0, 0xf4, 0x00, 0x0e, 0x50, 0x2f, 0x12,
    0x6f, 0x0f, 0x40, 0x00, 0xc4, 0x01, 0x60, 0x7d,
    0x70,

    /* U+96F6 "零" */
    0x00, 0x8e, 0xee, 0xee, 0xee, 0xee, 0xf0, 0x00,
    0x00, 0x10, 0x00, 0xe3, 0x00, 0x01, 0x00, 0x0b,
    0xdd, 0xdd, 0xdf, 0xdd, 0xdd, 0xdd, 0x40, 0xe7,
    0x44, 0x44, 0xf6, 0x44, 0x44, 0xe4, 0x0c, 0x6e,
    0xed, 0x0e, 0x3c, 0xee, 0x59, 0x40, 0x00, 0x22,
    0x20, 0xe3, 0x22, 0x20, 0x00, 0x00, 0x2b, 0xba,
    0x6f, 0x3a, 0xbb, 0x40, 0x00, 0x00, 0x00, 0x7f,
    0xbd, 0x40, 0x00, 0x00, 0x00, 0x05, 0xdd, 0x77,
    0x5e, 0xc5, 0x10, 0x01, 0xae, 0xe7, 0x02, 0xc0,
    0x07, 0xef, 0xd7, 0x08, 0x5a, 0xff, 0xff, 0xff,
    0xd1, 0x38, 0x30, 0x00, 0x01, 0x20, 0x06, 0xe2,
    0x00, 0x00, 0x00, 0x00, 0x0d, 0xea, 0xf3, 0x00,
    0x00, 0x00, 0x00, 0x00, 0x04, 0xaf, 0xd4, 0x00,
    0x00, 0x00, 0x00, 0x00, 0x00, 0x18, 0x20, 0x00,
    0x00,

    /* U+9759 "静" */
    0x00, 0x00, 0x00, 0x00, 0x01, 0x00, 0x00, 0x00,
    0x00, 0x0e, 0x40, 0x00, 0x3f, 0x20, 0x00, 0x00,
    0x23, 0x2e, 0x62, 0x30, 0x8d, 0x00, 0x00, 0x00,
    0x7b, 0xbf, 0xcb, 0xc1, 0xdd, 0xdf, 0xe0, 0x00,
    0x04, 0x4e, 0x74, 0x45, 0xc0, 0x0e, 0x60, 0x00,
    0x08, 0x9f, 0xb9, 0x8e, 0x74, 0x8f, 0x33, 0x00,
    0x56, 0x6e, 0x96, 0x74, 0xaa, 0xfb, 0xaf, 0x20,
    0x45, 0x55, 0x55, 0x50, 0x00, 0xe2, 0x0e, 0x20,
    0x0c, 0xee, 0xee, 0xba, 0xee, 0xfe, 0xef, 0xf4,
    0x0d, 0x30, 0x05, 0xd0, 0x00, 0xe2, 0x0e, 0x20,
    0x0d, 0xee, 0xee, 0xd1, 0x44, 0xf5, 0x4f, 0x20,
    0x0d, 0x30, 0x05, 0xd3, 0xaa, 0xfa, 0xaf, 0x20,
    0x0d, 0xee, 0xee, 0xd0, 0x00, 0xe2, 0x03, 0x00,
    0x0d, 0x30, 0x05, 0xc0, 0x00, 0xf2, 0x00, 0x00,
    0x0e, 0x30, 0xae, 0x60, 0x8f, 0xc0, 0x00, 0x00,
    0x00, 0x00, 0x00, 0x00, 0x11, 0x00, 0x00, 0x00,

    /* U+97F3 "音" */
    0x00, 0x00, 0x01, 0xd4, 0x00, 0x00, 0x00, 0x02,
    0x11, 0x11, 0xd9, 0x11, 0x11, 0x20, 0x3e, 0xdd,
    0xdd, 0xdd, 0xdd, 0xdd, 0xd0, 0x00, 0x07, 0x70,
    0x00, 0x09, 0x50, 0x00, 0x00, 0x05, 0xf2, 0x00,
    0x1f, 0x40, 0x00, 0x43, 0x33, 0xe6, 0x33, 0x9d,
    0x33, 0x34, 0xbb, 0xbb, 0xbb, 0xbb, 0xbb, 0xbb,
    0xbc, 0x00, 0x00, 0x00, 0x00, 0x00, 0x00, 0x00,
    0x00, 0xbf, 0xff, 0xff, 0xff, 0xfb, 0x00, 0x00,
    0xb9, 0x00, 0x00, 0x00, 0xab, 0x00, 0x00, 0xbf,
    0xff, 0xff, 0xff, 0xfb, 0x00, 0x00, 0xb9, 0x00,
    0x00, 0x00, 0xab, 0x00, 0x00, 0xb9, 0x11, 0x11,
    0x11, 0xab, 0x00, 0x00, 0xbe, 0xdd, 0xdd, 0xdd,
    0xfb, 0x00, 0x00, 0xb9, 0x00, 0x00, 0x00, 0xab,
    0x00, 0x00, 0x00, 0x00, 0x00, 0x00, 0x00, 0x00,

    /* U+9ED8 "默" */
    0x00, 0x00, 0x00, 0x00, 0x00, 0x00, 0x00, 0x00,
    0x0e, 0xdd, 0xfd, 0xdf, 0x00, 0x5c, 0x20, 0x00,
    0x0d, 0x51, 0xf1, 0x5e, 0x00, 0x5c, 0x8b, 0x00,
    0x0d, 0x8a, 0xf7, 0x9e, 0x00, 0x4c, 0x0a, 0x60,
    0x0d, 0x33, 0xf4, 0x2e, 0x34, 0x7d, 0x44, 0x40,
    0x0d, 0xdd, 0xfd, 0xde, 0x7a, 0xcf, 0xaa, 0x80,
    0x00, 0x00, 0xf0, 0x00, 0x00, 0x7e, 0x00, 0x00,
    0x09, 0xdd, 0xfd, 0xd8, 0x00, 0x9f, 0x20, 0x00,
    0x00, 0x00, 0xf0, 0x13, 0x00, 0xdd, 0x60, 0x00,
    0x1a, 0xbd, 0xfd, 0xba, 0x02, 0xe4, 0xb0, 0x00,
    0x08, 0x42, 0x03, 0x37, 0x09, 0x80, 0xe3, 0x00,
    0x0b, 0x5e, 0x2e, 0x2e, 0x3e, 0x10, 0x7c, 0x00,
    0x0e, 0x1b, 0x48, 0x45, 0xd6, 0x00, 0x0d, 0x70,
    0x18, 0x04, 0x10, 0x0d, 0xa0, 0x00, 0x04, 0xf2,
    0x00, 0x00, 0x00, 0x04, 0x00, 0x00, 0x00, 0x20,

    /* U+FF01 "！" */
    0x07, 0x50, 0xfb, 0x0f, 0xa0, 0xf9, 0x0e, 0x80,
    0xd7, 0x0c, 0x60, 0xb5, 0x00, 0x00, 0x00, 0x1e,
    0x91, 0xfb,

    /* U+FF08 "（" */
    0x00, 0x00, 0x70, 0x00, 0x0b, 0xb0, 0x00, 0x9a,
    0x00, 0x04, 0xd0, 0x00, 0x0b, 0x60, 0x00, 0x0f,
    0x00, 0x00, 0x2e, 0x00, 0x00, 0x1e, 0x00, 0x00,
    0x0f, 0x00, 0x00, 0x0b, 0x60, 0x00, 0x04, 0xd0,
    0x00, 0x00, 0xaa, 0x00, 0x00, 0x0c, 0xb0, 0x00,
    0x00, 0x60,

    /* U+FF09 "）" */
    0x07, 0x00, 0x00, 0x0a, 0xc0, 0x00, 0x00, 0xaa,
    0x00, 0x00, 0x0d, 0x40, 0x00, 0x05, 0xc0, 0x00,
    0x00, 0xf0, 0x00, 0x00, 0xd3, 0x00, 0x00, 0xd2,
    0x00, 0x00, 0xf1, 0x00, 0x05, 0xc0, 0x00, 0x0d,
    0x50, 0x00, 0xab, 0x00, 0x0a, 0xc1, 0x00, 0x06,
    0x00, 0x00,

    /* U+FF0C "，" */
    0x06, 0x61, 0x0f, 0xf3, 0x0f, 0xf3, 0x00, 0xe2,
    0x08, 0xa0, 0x03, 0x00,

    /* U+FF1A "：" */
    0x11, 0x0f, 0xf1, 0xff, 0x10, 0x00, 0x11, 0x0f,
    0xf1, 0xff, 0x10,

    /* U+FF1B "；" */
    0x01, 0x10, 0x0f, 0xf1, 0x0f, 0xf1, 0x00, 0x00,
    0x02, 0x20, 0x0f, 0xf1, 0x0f, 0xf1, 0x01, 0xf0,
    0x0b, 0x80, 0x03, 0x00,

    /* U+FF1F "？" */
    0x01, 0x67, 0x10, 0x02, 0xfc, 0xce, 0x10, 0x9a,
    0x00, 0xc8, 0x06, 0x50, 0x0a, 0x80, 0x00, 0x01,
    0xf4, 0x00, 0x00, 0xda, 0x00, 0x00, 0x8c, 0x00,
    0x00, 0x0e, 0x40, 0x00, 0x00, 0xe1, 0x00, 0x00,
    0x00, 0x00, 0x00, 0x04, 0xd5, 0x00, 0x00, 0x5f,
    0x60, 0x00
};

/*---------------------
 *  GLYPH DESCRIPTION
 *--------------------*/

static const lv_font_fmt_txt_glyph_dsc_t glyph_dsc[] = {
    {.bitmap_index = 0, .adv_w = 0, .box_w = 0, .box_h = 0, .ofs_x = 0, .ofs_y = 0} /* id = 0 reserved */,
    {.bitmap_index = 0, .adv_w = 128, .box_w = 0, .box_h = 0, .ofs_x = 0, .ofs_y = 0},
    {.bitmap_index = 0, .adv_w = 128, .box_w = 2, .box_h = 12, .ofs_x = 3, .ofs_y = 0},
    {.bitmap_index = 12, .adv_w = 128, .box_w = 4, .box_h = 4, .ofs_x = 2, .ofs_y = 8},
    {.bitmap_index = 20, .adv_w = 128, .box_w = 8, .box_h = 12, .ofs_x = 0, .ofs_y = 0},
    {.bitmap_index = 68, .adv_w = 128, .box_w = 7, .box_h = 15, .ofs_x = 0, .ofs_y = -2},
    {.bitmap_index = 121, .adv_w = 128, .box_w = 8, .box_h = 12, .ofs_x = 0, .ofs_y = 0},
    {.bitmap_index = 169, .adv_w = 128, .box_w = 8, .box_h = 12, .ofs_x = 0, .ofs_y = 0},
    {.bitmap_index = 217, .adv_w = 128, .box_w = 3, .box_h = 4, .ofs_x = 2, .ofs_y = 8},
    {.bitmap_index = 223, .adv_w = 128, .box_w = 5, .box_h = 16, .ofs_x = 3, .ofs_y = -2},
    {.bitmap_index = 263, .adv_w = 128, .box_w = 5, .box_h = 16, .ofs_x = 0, .ofs_y = -2},
    {.bitmap_index = 303, .adv_w = 128, .box_w = 8, .box_h = 9, .ofs_x = 0, .ofs_y = 3},
    {.bitmap_index = 339, .adv_w = 128, .box_w = 8, .box_h = 8, .ofs_x = 0, .ofs_y = 2},
    {.bitmap_index = 371, .adv_w = 128, .box_w = 2, .box_h = 4, .ofs_x = 1, .ofs_y = -2},
    {.bitmap_index = 375, .adv_w = 128, .box_w = 8, .box_h = 2, .ofs_x = 0, .ofs_y = 5},
    {.bitmap_index = 383, .adv_w = 128, .box_w = 2, .box_h = 2, .ofs_x = 1, .ofs_y = 0},
    {.bitmap_index = 385, .adv_w = 128, .box_w = 8, .box_h = 14, .ofs_x = 0, .ofs_y = -1},
    {.bitmap_index = 441, .adv_w = 128, .box_w = 8, .box_h = 13, .ofs_x = 0, .ofs_y = -1},
    {.bitmap_index = 493, .adv_w = 128, .box_w = 4, .box_h = 12, .ofs_x = 1, .ofs_y = 0},
    {.bitmap_index = 517, .adv_w = 128, .box_w = 8, .box_h = 13, .ofs_x = 0, .ofs_y = 0},
    {.bitmap_index = 569, .adv_w = 128, .box_w = 8, .box_h = 12, .ofs_x = 0, .ofs_y = 0},
    {.bitmap_index = 617, .adv_w = 128, .box_w = 8, .box_h = 12, .ofs_x = 0, .ofs_y = 0},
    {.bitmap_index = 665, .adv_w = 128, .box_w = 8, .box_h = 12, .ofs_x = 0, .ofs_y = 0},
    {.bitmap_index = 713, .adv_w = 128, .box_w = 8, .box_h = 12, .ofs_x = 0, .ofs_y = 0},
    {.bitmap_index = 761, .adv_w = 128, .box_w = 8, .box_h = 12, .ofs_x = 0, .ofs_y = 0},
    {.bitmap_index = 809, .adv_w = 128, .box_w = 8, .box_h = 12, .ofs_x = 0, .ofs_y = 0},
    {.bitmap_index = 857, .adv_w = 128, .box_w = 8, .box_h = 12, .ofs_x = 0, .ofs_y = 0},
    {.bitmap_index = 905, .adv_w = 128, .box_w = 2, .box_h = 8, .ofs_x = 3, .ofs_y = 0},
    {.bitmap_index = 913, .adv_w = 128, .box_w = 2, .box_h = 10, .ofs_x = 3, .ofs_y = -2},
    {.bitmap_index = 923, .adv_w = 128, .box_w = 8, .box_h = 14, .ofs_x = 0, .ofs_y = -1},
    {.bitmap_index = 979, .adv_w = 128, .box_w = 8, .box_h = 6, .ofs_x = 0, .ofs_y = 3},
    {.bitmap_index = 1003, .adv_w = 128, .box_w = 8, .box_h = 14, .ofs_x = 0, .ofs_y = -1},
    {.bitmap_index = 1059, .adv_w = 128, .box_w = 7, .box_h = 12, .ofs_x = 0, .ofs_y = 0},
    {.bitmap_index = 1101, .adv_w = 128, .box_w = 8, .box_h = 12, .ofs_x = 0, .ofs_y = 0},
    {.bitmap_index = 1149, .adv_w = 128, .box_w = 8, .box_h = 12, .ofs_x = 0, .ofs_y = 0},
    {.bitmap_index = 1197, .adv_w = 128, .box_w = 8, .box_h = 12, .ofs_x = 0, .ofs_y = 0},
    {.bitmap_index = 1245, .adv_w = 128, .box_w = 8, .box_h = 12, .ofs_x = 0, .ofs_y = 0},
    {.bitmap_index = 1293, .adv_w = 128, .box_w = 8, .box_h = 12, .ofs_x = 0, .ofs_y = 0},
    {.bitmap_index = 1341, .adv_w = 128, .box_w = 8, .box_h = 12, .ofs_x = 0, .ofs_y = 0},
    {.bitmap_index = 1389, .adv_w = 128, .box_w = 8, .box_h = 12, .ofs_x = 0, .ofs_y = 0},
    {.bitmap_index = 1437, .adv_w = 128, .box_w = 8, .box_h = 12, .ofs_x = 0, .ofs_y = 0},
    {.bitmap_index = 1485, .adv_w = 128, .box_w = 8, .box_h = 12, .ofs_x = 0, .ofs_y = 0},
    {.bitmap_index = 1533, .adv_w = 128, .box_w = 2, .box_h = 12, .ofs_x = 3, .ofs_y = 0},
    {.bitmap_index = 1545, .adv_w = 128, .box_w = 7, .box_h = 12, .ofs_x = 0, .ofs_y = 0},
    {.bitmap_index = 1587, .adv_w = 128, .box_w = 8, .box_h = 12, .ofs_x = 0, .ofs_y = 0},
    {.bitmap_index = 1635, .adv_w = 128, .box_w = 8, .box_h = 12, .ofs_x = 0, .ofs_y = 0},
    {.bitmap_index = 1683, .adv_w = 128, .box_w = 8, .box_h = 12, .ofs_x = 0, .ofs_y = 0},
    {.bitmap_index = 1731, .adv_w = 128, .box_w = 8, .box_h = 12, .ofs_x = 0, .ofs_y = 0},
    {.bitmap_index = 1779, .adv_w = 128, .box_w = 8, .box_h = 12, .ofs_x = 0, .ofs_y = 0},
    {.bitmap_index = 1827, .adv_w = 128, .box_w = 8, .box_h = 12, .ofs_x = 0, .ofs_y = 0},
    {.bitmap_index = 1875, .adv_w = 128, .box_w = 8, .box_h = 13, .ofs_x = 0, .ofs_y = -1},
    {.bitmap_index = 1927, .adv_w = 128, .box_w = 8, .box_h = 12, .ofs_x = 0, .ofs_y = 0},
    {.bitmap_index = 1975, .adv_w = 128, .box_w = 8, .box_h = 12, .ofs_x = 0, .ofs_y = 0},
    {.bitmap_index = 2023, .adv_w = 128, .box_w = 8, .box_h = 12, .ofs_x = 0, .ofs_y = 0},
    {.bitmap_index = 2071, .adv_w = 128, .box_w = 8, .box_h = 12, .ofs_x = 0, .ofs_y = 0},
    {.bitmap_index = 2119, .adv_w = 128, .box_w = 8, .box_h = 12, .ofs_x = 0, .ofs_y = 0},
    {.bitmap_index = 2167, .adv_w = 128, .box_w = 8, .box_h = 12, .ofs_x = 0, .ofs_y = 0},
    {.bitmap_index = 2215, .adv_w = 128, .box_w = 8, .box_h = 12, .ofs_x = 0, .ofs_y = 0},
    {.bitmap_index = 2263, .adv_w = 128, .box_w = 8, .box_h = 12, .ofs_x = 0, .ofs_y = 0},
    {.bitmap_index = 2311, .adv_w = 128, .box_w = 8, .box_h = 12, .ofs_x = 0, .ofs_y = 0},
    {.bitmap_index = 2359, .adv_w = 128, .box_w = 5, .box_h = 16, .ofs_x = 3, .ofs_y = -2},
    {.bitmap_index = 2399, .adv_w = 128, .box_w = 8, .box_h = 14, .ofs_x = 0, .ofs_y = -2},
    {.bitmap_index = 2455, .adv_w = 128, .box_w = 5, .box_h = 16, .ofs_x = 0, .ofs_y = -2},
    {.bitmap_index = 2495, .adv_w = 128, .box_w = 7, .box_h = 3, .ofs_x = 0, .ofs_y = 11},
    {.bitmap_index = 2506, .adv_w = 128, .box_w = 8, .box_h = 1, .ofs_x = 0, .ofs_y = -2},
    {.bitmap_index = 2510, .adv_w = 128, .box_w = 4, .box_h = 3, .ofs_x = 2, .ofs_y = 11},
    {.bitmap_index = 2516, .adv_w = 128, .box_w = 8, .box_h = 8, .ofs_x = 0, .ofs_y = 0},
    {.bitmap_index = 2548, .adv_w = 128, .box_w = 8, .box_h = 12, .ofs_x = 0, .ofs_y = 0},
    {.bitmap_index = 2596, .adv_w = 128, .box_w = 8, .box_h = 8, .ofs_x = 0, .ofs_y = 0},
    {.bitmap_index = 2628, .adv_w = 128, .box_w = 7, .box_h = 12, .ofs_x = 0, .ofs_y = 0},
    {.bitmap_index = 2670, .adv_w = 128, .box_w = 8, .box_h = 8, .ofs_x = 0, .ofs_y = 0},
    {.bitmap_index = 2702, .adv_w = 128, .box_w = 8, .box_h = 12, .ofs_x = 0, .ofs_y = 0},
    {.bitmap_index = 2750, .adv_w = 128, .box_w = 8, .box_h = 11, .ofs_x = 0, .ofs_y = -2},
    {.bitmap_index = 2794, .adv_w = 128, .box_w = 7, .box_h = 12, .ofs_x = 0, .ofs_y = 0},
    {.bitmap_index = 2836, .adv_w = 128, .box_w = 2, .box_h = 12, .ofs_x = 3, .ofs_y = 0},
    {.bitmap_index = 2848, .adv_w = 128, .box_w = 5, .box_h = 14, .ofs_x = 1, .ofs_y = -2},
    {.bitmap_index = 2883, .adv_w = 128, .box_w = 8, .box_h = 12, .ofs_x = 0, .ofs_y = 0},
    {.bitmap_index = 2931, .adv_w = 128, .box_w = 2, .box_h = 12, .ofs_x = 3, .ofs_y = 0},
    {.bitmap_index = 2943, .adv_w = 128, .box_w = 8, .box_h = 8, .ofs_x = 0, .ofs_y = 0},
    {.bitmap_index = 2975, .adv_w = 128, .box_w = 7, .box_h = 8, .ofs_x = 0, .ofs_y = 0},
    {.bitmap_index = 3003, .adv_w = 128, .box_w = 8, .box_h = 8, .ofs_x = 0, .ofs_y = 0},
    {.bitmap_index = 3035, .adv_w = 128, .box_w = 8, .box_h = 10, .ofs_x = 0, .ofs_y = -2},
    {.bitmap_index = 3075, .adv_w = 128, .box_w = 7, .box_h = 10, .ofs_x = 0, .ofs_y = -2},
    {.bitmap_index = 3110, .adv_w = 128, .box_w = 6, .box_h = 8, .ofs_x = 1, .ofs_y = 0},
    {.bitmap_index = 3134, .adv_w = 128, .box_w = 6, .box_h = 8, .ofs_x = 1, .ofs_y = 0},
    {.bitmap_index = 3158, .adv_w = 128, .box_w = 7, .box_h = 11, .ofs_x = 0, .ofs_y = 0},
    {.bitmap_index = 3197, .adv_w = 128, .box_w = 7, .box_h = 8, .ofs_x = 0, .ofs_y = 0},
    {.bitmap_index = 3225, .adv_w = 128, .box_w = 8, .box_h = 8, .ofs_x = 0, .ofs_y = 0},
    {.bitmap_index = 3257, .adv_w = 128, .box_w = 8, .box_h = 8, .ofs_x = 0, .ofs_y = 0},
    {.bitmap_index = 3289, .adv_w = 128, .box_w = 8, .box_h = 8, .ofs_x = 0, .ofs_y = 0},
    {.bitmap_index = 3321, .adv_w = 128, .box_w = 8, .box_h = 10, .ofs_x = 0, .ofs_y = -2},
    {.bitmap_index = 3361, .adv_w = 128, .box_w = 7, .box_h = 8, .ofs_x = 0, .ofs_y = 0},
    {.bitmap_index = 3389, .adv_w = 128, .box_w = 4, .box_h = 15, .ofs_x = 3, .ofs_y = -2},
    {.bitmap_index = 3419, .adv_w = 128, .box_w = 2, .box_h = 17, .ofs_x = 3, .ofs_y = -2},
    {.bitmap_index = 3436, .adv_w = 128, .box_w = 5, .box_h = 15, .ofs_x = 0, .ofs_y = -2},
    {.bitmap_index = 3474, .adv_w = 128, .box_w = 8, .box_h = 5, .ofs_x = 0, .ofs_y = 11},
    {.bitmap_index = 3494, .adv_w = 256, .box_w = 12, .box_h = 14, .ofs_x = 2, .ofs_y = 0},
    {.bitmap_index = 3578, .adv_w = 256, .box_w = 4, .box_h = 3, .ofs_x = 6, .ofs_y = 5},
    {.bitmap_index = 3584, .adv_w = 256, .box_w = 10, .box_h = 12, .ofs_x = 3, .ofs_y = 0},
    {.bitmap_index = 3644, .adv_w = 256, .box_w = 12, .box_h = 12, .ofs_x = 2, .ofs_y = 0},
    {.bitmap_index = 3716, .adv_w = 256, .box_w = 16, .box_h = 1, .ofs_x = 0, .ofs_y = 6},
    {.bitmap_index = 3724, .adv_w = 256, .box_w = 14, .box_h = 3, .ofs_x = 1, .ofs_y = 5},
    {.bitmap_index = 3745, .adv_w = 256, .box_w = 9, .box_h = 13, .ofs_x = 4, .ofs_y = -1},
    {.bitmap_index = 3804, .adv_w = 256, .box_w = 14, .box_h = 14, .ofs_x = 1, .ofs_y = -1},
    {.bitmap_index = 3902, .adv_w = 221, .box_w = 12, .box_h = 13, .ofs_x = 1, .ofs_y = -1},
    {.bitmap_index = 3980, .adv_w = 256, .box_w = 14, .box_h = 11, .ofs_x = 1, .ofs_y = 1},
    {.bitmap_index = 4057, .adv_w = 221, .box_w = 12, .box_h = 13, .ofs_x = 1, .ofs_y = -1},
    {.bitmap_index = 4135, .adv_w = 256, .box_w = 16, .box_h = 15, .ofs_x = 0, .ofs_y = -2},
    {.bitmap_index = 4255, .adv_w = 256, .box_w = 16, .box_h = 16, .ofs_x = 0, .ofs_y = -2},
    {.bitmap_index = 4383, .adv_w = 100, .box_w = 4, .box_h = 13, .ofs_x = 1, .ofs_y = -1},
    {.bitmap_index = 4409, .adv_w = 136, .box_w = 7, .box_h = 13, .ofs_x = 1, .ofs_y = -1},
    {.bitmap_index = 4455, .adv_w = 256, .box_w = 4, .box_h = 6, .ofs_x = 2, .ofs_y = -1},
    {.bitmap_index = 4467, .adv_w = 256, .box_w = 4, .box_h = 5, .ofs_x = 2, .ofs_y = -1},
    {.bitmap_index = 4477, .adv_w = 256, .box_w = 8, .box_h = 16, .ofs_x = 7, .ofs_y = -2},
    {.bitmap_index = 4541, .adv_w = 256, .box_w = 7, .box_h = 16, .ofs_x = 1, .ofs_y = -2},
    {.bitmap_index = 4597, .adv_w = 256, .box_w = 7, .box_h = 14, .ofs_x = 7, .ofs_y = -2},
    {.bitmap_index = 4646, .adv_w = 256, .box_w = 6, .box_h = 14, .ofs_x = 2, .ofs_y = -2},
    {.bitmap_index = 4688, .adv_w = 256, .box_w = 16, .box_h = 2, .ofs_x = 0, .ofs_y = 5},
    {.bitmap_index = 4704, .adv_w = 256, .box_w = 16, .box_h = 13, .ofs_x = 0, .ofs_y = -1},
    {.bitmap_index = 4808, .adv_w = 256, .box_w = 15, .box_h = 13, .ofs_x = 0, .ofs_y = -1},
    {.bitmap_index = 4906, .adv_w = 256, .box_w = 16, .box_h = 14, .ofs_x = 0, .ofs_y = -1},
    {.bitmap_index = 5018, .adv_w = 256, .box_w = 15, .box_h = 15, .ofs_x = 1, .ofs_y = -2},
    {.bitmap_index = 5131, .adv_w = 256, .box_w = 13, .box_h = 15, .ofs_x = 1, .ofs_y = -2},
    {.bitmap_index = 5229, .adv_w = 256, .box_w = 15, .box_h = 16, .ofs_x = 1, .ofs_y = -2},
    {.bitmap_index = 5349, .adv_w = 256, .box_w = 12, .box_h = 15, .ofs_x = 2, .ofs_y = -2},
    {.bitmap_index = 5439, .adv_w = 256, .box_w = 16, .box_h = 11, .ofs_x = 0, .ofs_y = 0},
    {.bitmap_index = 5527, .adv_w = 256, .box_w = 15, .box_h = 14, .ofs_x = 0, .ofs_y = -1},
    {.bitmap_index = 5632, .adv_w = 256, .box_w = 14, .box_h = 13, .ofs_x = 1, .ofs_y = -1},
    {.bitmap_index = 5723, .adv_w = 256, .box_w = 15, .box_h = 16, .ofs_x = 0, .ofs_y = -2},
    {.bitmap_index = 5843, .adv_w = 256, .box_w = 16, .box_h = 16, .ofs_x = 0, .ofs_y = -2},
    {.bitmap_index = 5971, .adv_w = 256, .box_w = 16, .box_h = 14, .ofs_x = 0, .ofs_y = -1},
    {.bitmap_index = 6083, .adv_w = 256, .box_w = 16, .box_h = 16, .ofs_x = 0, .ofs_y = -2},
    {.bitmap_index = 6211, .adv_w = 256, .box_w = 16, .box_h = 14, .ofs_x = 0, .ofs_y = -1},
    {.bitmap_index = 6323, .adv_w = 256, .box_w = 16, .box_h = 16, .ofs_x = 0, .ofs_y = -2},
    {.bitmap_index = 6451, .adv_w = 256, .box_w = 16, .box_h = 15, .ofs_x = 0, .ofs_y = -2},
    {.bitmap_index = 6571, .adv_w = 256, .box_w = 16, .box_h = 15, .ofs_x = 0, .ofs_y = -2},
    {.bitmap_index = 6691, .adv_w = 256, .box_w = 16, .box_h = 15, .ofs_x = 0, .ofs_y = -2},
    {.bitmap_index = 6811, .adv_w = 256, .box_w = 14, .box_h = 15, .ofs_x = 1, .ofs_y = -2},
    {.bitmap_index = 6916, .adv_w = 256, .box_w = 14, .box_h = 16, .ofs_x = 1, .ofs_y = -2},
    {.bitmap_index = 7028, .adv_w = 256, .box_w = 14, .box_h = 16, .ofs_x = 1, .ofs_y = -2},
    {.bitmap_index = 7140, .adv_w = 256, .box_w = 13, .box_h = 15, .ofs_x = 1, .ofs_y = -2},
    {.bitmap_index = 7238, .adv_w = 256, .box_w = 16, .box_h = 14, .ofs_x = 0, .ofs_y = -1},
    {.bitmap_index = 7350, .adv_w = 256, .box_w = 15, .box_h = 16, .ofs_x = 1, .ofs_y = -2},
    {.bitmap_index = 7470, .adv_w = 256, .box_w = 16, .box_h = 16, .ofs_x = 0, .ofs_y = -2},
    {.bitmap_index = 7598, .adv_w = 256, .box_w = 15, .box_h = 15, .ofs_x = 0, .ofs_y = -2},
    {.bitmap_index = 7711, .adv_w = 256, .box_w = 16, .box_h = 15, .ofs_x = 0, .ofs_y = -2},
    {.bitmap_index = 7831, .adv_w = 256, .box_w = 15, .box_h = 15, .ofs_x = 0, .ofs_y = -2},
    {.bitmap_index = 7944, .adv_w = 256, .box_w = 16, .box_h = 15, .ofs_x = 0, .ofs_y = -2},
    {.bitmap_index = 8064, .adv_w = 256, .box_w = 16, .box_h = 14, .ofs_x = 0, .ofs_y = -1},
    {.bitmap_index = 8176, .adv_w = 256, .box_w = 15, .box_h = 16, .ofs_x = 0, .ofs_y = -2},
    {.bitmap_index = 8296, .adv_w = 256, .box_w = 16, .box_h = 15, .ofs_x = 0, .ofs_y = -2},
    {.bitmap_index = 8416, .adv_w = 256, .box_w = 16, .box_h = 15, .ofs_x = 0, .ofs_y = -2},
    {.bitmap_index = 8536, .adv_w = 256, .box_w = 16, .box_h = 16, .ofs_x = 0, .ofs_y = -2},
    {.bitmap_index = 8664, .adv_w = 256, .box_w = 16, .box_h = 15, .ofs_x = 0, .ofs_y = -3},
    {.bitmap_index = 8784, .adv_w = 256, .box_w = 15, .box_h = 15, .ofs_x = 0, .ofs_y = -2},
    {.bitmap_index = 8897, .adv_w = 256, .box_w = 14, .box_h = 16, .ofs_x = 0, .ofs_y = -2},
    {.bitmap_index = 9009, .adv_w = 256, .box_w = 14, .box_h = 14, .ofs_x = 1, .ofs_y = -2},
    {.bitmap_index = 9107, .adv_w = 256, .box_w = 14, .box_h = 14, .ofs_x = 1, .ofs_y = -2},
    {.bitmap_index = 9205, .adv_w = 256, .box_w = 16, .box_h = 15, .ofs_x = 0, .ofs_y = -2},
    {.bitmap_index = 9325, .adv_w = 256, .box_w = 16, .box_h = 15, .ofs_x = 0, .ofs_y = -2},
    {.bitmap_index = 9445, .adv_w = 256, .box_w = 16, .box_h = 16, .ofs_x = 0, .ofs_y = -2},
    {.bitmap_index = 9573, .adv_w = 256, .box_w = 14, .box_h = 16, .ofs_x = 1, .ofs_y = -2},
    {.bitmap_index = 9685, .adv_w = 256, .box_w = 14, .box_h = 15, .ofs_x = 1, .ofs_y = -2},
    {.bitmap_index = 9790, .adv_w = 256, .box_w = 14, .box_h = 14, .ofs_x = 1, .ofs_y = -1},
    {.bitmap_index = 9888, .adv_w = 256, .box_w = 14, .box_h = 15, .ofs_x = 1, .ofs_y = -2},
    {.bitmap_index = 9993, .adv_w = 256, .box_w = 15, .box_h = 16, .ofs_x = 0, .ofs_y = -2},
    {.bitmap_index = 10113, .adv_w = 256, .box_w = 16, .box_h = 14, .ofs_x = 0, .ofs_y = -1},
    {.bitmap_index = 10225, .adv_w = 256, .box_w = 16, .box_h = 14, .ofs_x = 0, .ofs_y = -2},
    {.bitmap_index = 10337, .adv_w = 256, .box_w = 16, .box_h = 16, .ofs_x = 0, .ofs_y = -2},
    {.bitmap_index = 10465, .adv_w = 256, .box_w = 14, .box_h = 15, .ofs_x = 1, .ofs_y = -2},
    {.bitmap_index = 10570, .adv_w = 256, .box_w = 14, .box_h = 15, .ofs_x = 1, .ofs_y = -2},
    {.bitmap_index = 10675, .adv_w = 256, .box_w = 14, .box_h = 15, .ofs_x = 1, .ofs_y = -2},
    {.bitmap_index = 10780, .adv_w = 256, .box_w = 16, .box_h = 15, .ofs_x = 0, .ofs_y = -2},
    {.bitmap_index = 10900, .adv_w = 256, .box_w = 16, .box_h = 16, .ofs_x = 0, .ofs_y = -2},
    {.bitmap_index = 11028, .adv_w = 256, .box_w = 16, .box_h = 16, .ofs_x = 0, .ofs_y = -2},
    {.bitmap_index = 11156, .adv_w = 256, .box_w = 16, .box_h = 16, .ofs_x = 0, .ofs_y = -2},
    {.bitmap_index = 11284, .adv_w = 256, .box_w = 16, .box_h = 15, .ofs_x = 0, .ofs_y = -2},
    {.bitmap_index = 11404, .adv_w = 256, .box_w = 16, .box_h = 14, .ofs_x = 0, .ofs_y = -1},
    {.bitmap_index = 11516, .adv_w = 256, .box_w = 16, .box_h = 16, .ofs_x = 0, .ofs_y = -2},
    {.bitmap_index = 11644, .adv_w = 256, .box_w = 15, .box_h = 17, .ofs_x = 0, .ofs_y = -3},
    {.bitmap_index = 11772, .adv_w = 256, .box_w = 16, .box_h = 15, .ofs_x = 0, .ofs_y = -2},
    {.bitmap_index = 11892, .adv_w = 256, .box_w = 16, .box_h = 16, .ofs_x = 0, .ofs_y = -2},
    {.bitmap_index = 12020, .adv_w = 256, .box_w = 16, .box_h = 16, .ofs_x = 0, .ofs_y = -2},
    {.bitmap_index = 12148, .adv_w = 256, .box_w = 16, .box_h = 15, .ofs_x = 0, .ofs_y = -2},
    {.bitmap_index = 12268, .adv_w = 256, .box_w = 16, .box_h = 15, .ofs_x = 0, .ofs_y = -2},
    {.bitmap_index = 12388, .adv_w = 256, .box_w = 16, .box_h = 16, .ofs_x = 0, .ofs_y = -3},
    {.bitmap_index = 12516, .adv_w = 256, .box_w = 16, .box_h = 15, .ofs_x = 0, .ofs_y = -2},
    {.bitmap_index = 12636, .adv_w = 256, .box_w = 15, .box_h = 15, .ofs_x = 1, .ofs_y = -2},
    {.bitmap_index = 12749, .adv_w = 256, .box_w = 14, .box_h = 14, .ofs_x = 1, .ofs_y = -1},
    {.bitmap_index = 12847, .adv_w = 256, .box_w = 15, .box_h = 16, .ofs_x = 1, .ofs_y = -2},
    {.bitmap_index = 12967, .adv_w = 256, .box_w = 15, .box_h = 15, .ofs_x = 0, .ofs_y = -2},
    {.bitmap_index = 13080, .adv_w = 256, .box_w = 16, .box_h = 16, .ofs_x = 0, .ofs_y = -2},
    {.bitmap_index = 13208, .adv_w = 256, .box_w = 15, .box_h = 13, .ofs_x = 0, .ofs_y = -1},
    {.bitmap_index = 13306, .adv_w = 256, .box_w = 15, .box_h = 15, .ofs_x = 0, .ofs_y = -2},
    {.bitmap_index = 13419, .adv_w = 256, .box_w = 15, .box_h = 15, .ofs_x = 0, .ofs_y = -2},
    {.bitmap_index = 13532, .adv_w = 256, .box_w = 16, .box_h = 16, .ofs_x = 0, .ofs_y = -3},
    {.bitmap_index = 13660, .adv_w = 256, .box_w = 16, .box_h = 15, .ofs_x = 0, .ofs_y = -2},
    {.bitmap_index = 13780, .adv_w = 256, .box_w = 16, .box_h = 16, .ofs_x = 0, .ofs_y = -2},
    {.bitmap_index = 13908, .adv_w = 256, .box_w = 16, .box_h = 14, .ofs_x = 0, .ofs_y = -2},
    {.bitmap_index = 14020, .adv_w = 256, .box_w = 14, .box_h = 14, .ofs_x = 0, .ofs_y = -2},
    {.bitmap_index = 14118, .adv_w = 256, .box_w = 15, .box_h = 15, .ofs_x = 1, .ofs_y = -2},
    {.bitmap_index = 14231, .adv_w = 256, .box_w = 14, .box_h = 15, .ofs_x = 1, .ofs_y = -2},
    {.bitmap_index = 14336, .adv_w = 256, .box_w = 15, .box_h = 16, .ofs_x = 0, .ofs_y = -2},
    {.bitmap_index = 14456, .adv_w = 256, .box_w = 16, .box_h = 15, .ofs_x = 0, .ofs_y = -2},
    {.bitmap_index = 14576, .adv_w = 256, .box_w = 16, .box_h = 16, .ofs_x = 0, .ofs_y = -3},
    {.bitmap_index = 14704, .adv_w = 256, .box_w = 16, .box_h = 17, .ofs_x = 0, .ofs_y = -3},
    {.bitmap_index = 14840, .adv_w = 256, .box_w = 16, .box_h = 16, .ofs_x = 0, .ofs_y = -2},
    {.bitmap_index = 14968, .adv_w = 256, .box_w = 16, .box_h = 15, .ofs_x = 0, .ofs_y = -2},
    {.bitmap_index = 15088, .adv_w = 256, .box_w = 16, .box_h = 16, .ofs_x = 0, .ofs_y = -2},
    {.bitmap_index = 15216, .adv_w = 256, .box_w = 15, .box_h = 15, .ofs_x = 0, .ofs_y = -2},
    {.bitmap_index = 15329, .adv_w = 256, .box_w = 15, .box_h = 13, .ofs_x = 1, .ofs_y = -1},
    {.bitmap_index = 15427, .adv_w = 256, .box_w = 12, .box_h = 15, .ofs_x = 2, .ofs_y = -1},
    {.bitmap_index = 15517, .adv_w = 256, .box_w = 16, .box_h = 15, .ofs_x = 0, .ofs_y = -2},
    {.bitmap_index = 15637, .adv_w = 256, .box_w = 16, .box_h = 16, .ofs_x = 0, .ofs_y = -2},
    {.bitmap_index = 15765, .adv_w = 256, .box_w = 16, .box_h = 16, .ofs_x = 0, .ofs_y = -2},
    {.bitmap_index = 15893, .adv_w = 256, .box_w = 16, .box_h = 16, .ofs_x = 0, .ofs_y = -2},
    {.bitmap_index = 16021, .adv_w = 256, .box_w = 16, .box_h = 14, .ofs_x = 0, .ofs_y = -1},
    {.bitmap_index = 16133, .adv_w = 256, .box_w = 16, .box_h = 16, .ofs_x = 0, .ofs_y = -2},
    {.bitmap_index = 16261, .adv_w = 256, .box_w = 15, .box_h = 15, .ofs_x = 0, .ofs_y = -2},
    {.bitmap_index = 16374, .adv_w = 256, .box_w = 16, .box_h = 15, .ofs_x = 0, .ofs_y = -2},
    {.bitmap_index = 16494, .adv_w = 256, .box_w = 16, .box_h = 15, .ofs_x = 0, .ofs_y = -2},
    {.bitmap_index = 16614, .adv_w = 256, .box_w = 16, .box_h = 15, .ofs_x = 0, .ofs_y = -2},
    {.bitmap_index = 16734, .adv_w = 256, .box_w = 15, .box_h = 15, .ofs_x = 0, .ofs_y = -2},
    {.bitmap_index = 16847, .adv_w = 256, .box_w = 16, .box_h = 16, .ofs_x = 0, .ofs_y = -2},
    {.bitmap_index = 16975, .adv_w = 256, .box_w = 16, .box_h = 15, .ofs_x = 0, .ofs_y = -2},
    {.bitmap_index = 17095, .adv_w = 256, .box_w = 16, .box_h = 14, .ofs_x = 0, .ofs_y = -1},
    {.bitmap_index = 17207, .adv_w = 256, .box_w = 16, .box_h = 14, .ofs_x = 0, .ofs_y = -2},
    {.bitmap_index = 17319, .adv_w = 256, .box_w = 16, .box_h = 16, .ofs_x = 0, .ofs_y = -2},
    {.bitmap_index = 17447, .adv_w = 256, .box_w = 15, .box_h = 15, .ofs_x = 0, .ofs_y = -2},
    {.bitmap_index = 17560, .adv_w = 256, .box_w = 16, .box_h = 15, .ofs_x = 0, .ofs_y = -2},
    {.bitmap_index = 17680, .adv_w = 256, .box_w = 16, .box_h = 15, .ofs_x = 0, .ofs_y = -2},
    {.bitmap_index = 17800, .adv_w = 256, .box_w = 16, .box_h = 14, .ofs_x = 0, .ofs_y = -1},
    {.bitmap_index = 17912, .adv_w = 256, .box_w = 16, .box_h = 15, .ofs_x = 0, .ofs_y = -2},
    {.bitmap_index = 18032, .adv_w = 256, .box_w = 16, .box_h = 15, .ofs_x = 0, .ofs_y = -2},
    {.bitmap_index = 18152, .adv_w = 256, .box_w = 16, .box_h = 15, .ofs_x = 0, .ofs_y = -2},
    {.bitmap_index = 18272, .adv_w = 256, .box_w = 16, .box_h = 16, .ofs_x = 0, .ofs_y = -3},
    {.bitmap_index = 18400, .adv_w = 256, .box_w = 16, .box_h = 16, .ofs_x = 0, .ofs_y = -2},
    {.bitmap_index = 18528, .adv_w = 256, .box_w = 15, .box_h = 14, .ofs_x = 0, .ofs_y = -1},
    {.bitmap_index = 18633, .adv_w = 256, .box_w = 15, .box_h = 13, .ofs_x = 0, .ofs_y = -1},
    {.bitmap_index = 18731, .adv_w = 256, .box_w = 15, .box_h = 15, .ofs_x = 0, .ofs_y = -2},
    {.bitmap_index = 18844, .adv_w = 256, .box_w = 16, .box_h = 15, .ofs_x = 0, .ofs_y = -2},
    {.bitmap_index = 18964, .adv_w = 256, .box_w = 15, .box_h = 15, .ofs_x = 0, .ofs_y = -2},
    {.bitmap_index = 19077, .adv_w = 256, .box_w = 14, .box_h = 16, .ofs_x = 1, .ofs_y = -2},
    {.bitmap_index = 19189, .adv_w = 256, .box_w = 15, .box_h = 17, .ofs_x = 1, .ofs_y = -3},
    {.bitmap_index = 19317, .adv_w = 256, .box_w = 15, .box_h = 14, .ofs_x = 1, .ofs_y = -1},
    {.bitmap_index = 19422, .adv_w = 256, .box_w = 15, .box_h = 15, .ofs_x = 0, .ofs_y = -2},
    {.bitmap_index = 19535, .adv_w = 256, .box_w = 16, .box_h = 16, .ofs_x = 0, .ofs_y = -2},
    {.bitmap_index = 19663, .adv_w = 256, .box_w = 14, .box_h = 16, .ofs_x = 1, .ofs_y = -3},
    {.bitmap_index = 19775, .adv_w = 256, .box_w = 16, .box_h = 15, .ofs_x = 0, .ofs_y = -2},
    {.bitmap_index = 19895, .adv_w = 256, .box_w = 3, .box_h = 12, .ofs_x = 3, .ofs_y = 0},
    {.bitmap_index = 19913, .adv_w = 256, .box_w = 6, .box_h = 14, .ofs_x = 9, .ofs_y = -1},
    {.bitmap_index = 19955, .adv_w = 256, .box_w = 6, .box_h = 14, .ofs_x = 1, .ofs_y = -1},
    {.bitmap_index = 19997, .adv_w = 256, .box_w = 4, .box_h = 6, .ofs_x = 1, .ofs_y = -3},
    {.bitmap_index = 20009, .adv_w = 256, .box_w = 3, .box_h = 7, .ofs_x = 3, .ofs_y = 0},
    {.bitmap_index = 20020, .adv_w = 256, .box_w = 4, .box_h = 10, .ofs_x = 2, .ofs_y = -3},
    {.bitmap_index = 20040, .adv_w = 256, .box_w = 7, .box_h = 12, .ofs_x = 2, .ofs_y = 0}
};

/*---------------------
 *  CHARACTER MAPPING
 *--------------------*/

static const uint16_t unicode_list_1[] = {
    0x00, 0x06, 0x26, 0x46, 0x1f63, 0x1f75, 0x2169, 0x2501,
    0x2505, 0x250b, 0x250f, 0x251a, 0x251e, 0x25b8, 0x25b9, 0x2f50,
    0x2f51, 0x2f59, 0x2f5a, 0x2f5f, 0x2f60, 0x4d4f, 0x4d52, 0x4d58,
    0x4d59, 0x4d71, 0x4d7c, 0x4dac, 0x4daf, 0x4ddb, 0x4ddd, 0x4de3,
    0x4e6f, 0x4ea8, 0x4f2c, 0x4f61, 0x4f8b, 0x4fab, 0x5098, 0x50b4,
    0x50ba, 0x50bc, 0x50c2, 0x50d4, 0x5149, 0x514a, 0x5155, 0x519c,
    0x51b8, 0x51ee, 0x51ef, 0x51f7, 0x5290, 0x52a4, 0x52d1, 0x5325,
    0x5327, 0x5346, 0x535d, 0x537e, 0x562a, 0x562d, 0x585c, 0x5880,
    0x5aa7, 0x5aed, 0x5b5e, 0x5d41, 0x5d87, 0x5de3, 0x5e4f, 0x5e51,
    0x5e52, 0x5e80, 0x5e89, 0x5ea2, 0x5ee6, 0x5efd, 0x5f12, 0x5f3a,
    0x5fb1, 0x606e, 0x615f, 0x621c, 0x6238, 0x6258, 0x62f6, 0x63fc,
    0x64c1, 0x64ff, 0x652f, 0x6545, 0x65d1, 0x65e6, 0x667b, 0x6786,
    0x6ab1, 0x6b1e, 0x6c9a, 0x6cd7, 0x7008, 0x700b, 0x7197, 0x7477,
    0x7484, 0x75cd, 0x77bd, 0x7921, 0x795c, 0x7a75, 0x7a7b, 0x7df6,
    0x7e12, 0x7e15, 0x7ebd, 0x8139, 0x81d1, 0x832b, 0x879b, 0x8935,
    0x8af0, 0x8af3, 0x8afc, 0x8b0d, 0x8b3e, 0x8b46, 0x8b52, 0x8c74,
    0x8cbf, 0x8cd4, 0x8d2e, 0x8ecc, 0x8f1f, 0x8f23, 0x8f2a, 0x8f2d,
    0x8f4f, 0x8f58, 0x8f6e, 0x8fbd, 0x9116, 0x911c, 0x911e, 0x93ee,
    0x948a, 0x94ce, 0x9543, 0x9581, 0x95e3, 0x9645, 0x96a8, 0x9742,
    0x9e27, 0xfe50, 0xfe57, 0xfe58, 0xfe5b, 0xfe69, 0xfe6a, 0xfe6e
};

/*Collect the unicode lists and glyph_id offsets*/
static const lv_font_fmt_txt_cmap_t cmaps[] =
{
    {
        .range_start = 32, .range_length = 95, .glyph_id_start = 1,
        .unicode_list = NULL, .glyph_id_ofs_list = NULL, .list_length = 0, .type = LV_FONT_FMT_TXT_CMAP_FORMAT0_TINY
    },
    {
        .range_start = 177, .range_length = 65135, .glyph_id_start = 96,
        .unicode_list = unicode_list_1, .glyph_id_ofs_list = NULL, .list_length = 160, .type = LV_FONT_FMT_TXT_CMAP_SPARSE_TINY
    }
};



/*--------------------
 *  ALL CUSTOM DATA
 *--------------------*/

#if LVGL_VERSION_MAJOR == 8
/*Store all the custom data of the font*/
static  lv_font_fmt_txt_glyph_cache_t cache;
#endif

#if LVGL_VERSION_MAJOR >= 8
static const lv_font_fmt_txt_dsc_t font_dsc = {
#else
static lv_font_fmt_txt_dsc_t font_dsc = {
#endif
    .glyph_bitmap = glyph_bitmap,
    .glyph_dsc = glyph_dsc,
    .cmaps = cmaps,
    .kern_dsc = NULL,
    .kern_scale = 0,
    .cmap_num = 2,
    .bpp = 4,
    .kern_classes = 0,
    .bitmap_format = 0,
#if LVGL_VERSION_MAJOR == 8
    .cache = &cache
#endif

};



/*-----------------
 *  PUBLIC FONT
 *----------------*/

/*Initialize a public general font descriptor*/
#if LVGL_VERSION_MAJOR >= 8
const lv_font_t ui_font_cn16 = {
#else
lv_font_t ui_font_cn16 = {
#endif
    .get_glyph_dsc = lv_font_get_glyph_dsc_fmt_txt,    /*Function pointer to get glyph's data*/
    .get_glyph_bitmap = lv_font_get_bitmap_fmt_txt,    /*Function pointer to get glyph's bitmap*/
    .line_height = 19,          /*The maximum line height required by the font*/
    .base_line = 3,             /*Baseline measured from the bottom of the line*/
#if LV_VERSION_CHECK(9, 6, 0) || LVGL_VERSION_MAJOR >= 10
    .cap_height = 11,           /*Cap height of the font*/
    .x_height = 7,               /*x-height of the font*/
#endif
#if !(LVGL_VERSION_MAJOR == 6 && LVGL_VERSION_MINOR == 0)
    .subpx = LV_FONT_SUBPX_NONE,
#endif
#if LV_VERSION_CHECK(7, 4, 0) || LVGL_VERSION_MAJOR >= 8
    .underline_position = -1,
    .underline_thickness = 1,
#endif

#if LV_VERSION_CHECK(9, 3, 0) || LVGL_VERSION_MAJOR >= 10
    .static_bitmap = 1,    /*Bitmaps are stored as const so they are always static if not compressed */
#endif

    .dsc = &font_dsc,          /*The custom font data. Will be accessed by `get_glyph_bitmap/dsc` */
#if LV_VERSION_CHECK(8, 2, 0) || LVGL_VERSION_MAJOR >= 9
    .fallback = NULL,
#endif
    .user_data = NULL,
};



#endif /*#if UI_FONT_CN16*/
