/*******************************************************************************
 * Size: 12 px
 * Bpp: 4
 * Opts: --no-compress --no-prefilter --bpp 4 --size 12 --font C:\Windows\Fonts\simhei.ttf -r 0x20-0x7E --symbols 设置菜单返回拍号细分重音量静小节练习计时点击测速恢复默认进入退出敲确取消四八三连十六开关钟播无选择调值微快已保存失败成功长按秒超自动机实采样间隔异常丢弃新应用得级第当前强弱训内心感锻炼走变暗运行中停止剩余启倒于版本防误触厂每符上电加载请稍后暂光控遮传LED跟一二五七九零百♩♪▲▼◀▶●○±×÷·—…！？。，、：；（）【】√《》 --font C:\Windows\Fonts\seguisym.ttf --symbols ◀▶♩♪ --format lvgl -o E:\xiomiao-metronome\main\fonts\ui_font_cn12.c --force-fast-kern-format
 ******************************************************************************/

#ifdef __has_include
    #if __has_include("lvgl.h")
        #ifndef LV_LVGL_H_INCLUDE_SIMPLE
            #define LV_LVGL_H_INCLUDE_SIMPLE
        #endif
    #endif
#endif

#ifdef LV_LVGL_H_INCLUDE_SIMPLE
    #include "lvgl.h"
#else
    #include "lvgl/lvgl.h"
#endif

#ifndef UI_FONT_CN12
#define UI_FONT_CN12 1
#endif

#if UI_FONT_CN12



/*-----------------
 *    BITMAPS
 *----------------*/

/*Store the image of the glyphs*/
static LV_ATTRIBUTE_LARGE_CONST const uint8_t glyph_bitmap[] = {
    /* U+0020 " " */

    /* U+0021 "!" */
    0xb8, 0xa7, 0xa7, 0x96, 0x85, 0x74, 0x42, 0x54,
    0xc9,

    /* U+0022 "\"" */
    0x78, 0x96, 0x66, 0x84, 0x33, 0x42,

    /* U+0023 "#" */
    0x02, 0x90, 0xc0, 0x03, 0x80, 0xc0, 0x05, 0x70,
    0xb0, 0xbf, 0xff, 0xf9, 0x08, 0x33, 0x80, 0x0a,
    0x15, 0x60, 0xbf, 0xff, 0xf9, 0x0c, 0x09, 0x20,
    0x0b, 0x0b, 0x00,

    /* U+0024 "$" */
    0x00, 0x63, 0x00, 0x07, 0xfe, 0x40, 0x1e, 0x77,
    0xd0, 0x2d, 0x63, 0x60, 0x0c, 0xe3, 0x00, 0x00,
    0xbd, 0x20, 0x00, 0x6a, 0xe0, 0x5a, 0x64, 0xf1,
    0x2e, 0x76, 0xe0, 0x08, 0xfe, 0x50, 0x00, 0x63,
    0x00, 0x00, 0x31, 0x00,

    /* U+0025 "%" */
    0x4d, 0x30, 0x50, 0xa4, 0x90, 0x60, 0xb2, 0x96,
    0x00, 0xa4, 0x86, 0x00, 0x3c, 0x67, 0xc2, 0x00,
    0x6b, 0x47, 0x01, 0x5b, 0x29, 0x06, 0x0b, 0x38,
    0x06, 0x05, 0xd3,

    /* U+0026 "&" */
    0x05, 0xec, 0x00, 0x0c, 0x2b, 0x30, 0x0c, 0x1c,
    0x10, 0x09, 0xd8, 0x00, 0x0b, 0xd0, 0x00, 0x78,
    0xb6, 0x94, 0xa4, 0x1e, 0xe1, 0x89, 0x08, 0xf4,
    0x1b, 0xeb, 0x66,

    /* U+0027 "'" */
    0xe1, 0xd0, 0x70,

    /* U+0028 "(" */
    0x00, 0x00, 0x00, 0x65, 0x02, 0xb0, 0x0a, 0x20,
    0x0b, 0x00, 0x38, 0x00, 0x47, 0x00, 0x38, 0x00,
    0x0b, 0x00, 0x0a, 0x20, 0x02, 0xb0, 0x00, 0x55,

    /* U+0029 ")" */
    0x00, 0x00, 0x74, 0x00, 0x0c, 0x10, 0x04, 0x80,
    0x00, 0xb0, 0x00, 0xa0, 0x00, 0x91, 0x00, 0xa0,
    0x00, 0xb0, 0x04, 0x70, 0x1c, 0x00, 0x73, 0x00,

    /* U+002A "*" */
    0x00, 0x77, 0x00, 0x75, 0x66, 0x57, 0x2b, 0xdd,
    0xb2, 0x07, 0xff, 0x70, 0x89, 0x77, 0x98, 0x00,
    0x76, 0x00, 0x00, 0x22, 0x00,

    /* U+002B "+" */
    0x00, 0x53, 0x00, 0x00, 0x75, 0x00, 0x00, 0x75,
    0x00, 0x9d, 0xed, 0xd8, 0x00, 0x75, 0x00, 0x00,
    0x75, 0x00,

    /* U+002C "," */
    0x01, 0x00, 0xf1, 0x08, 0x00, 0x30,

    /* U+002D "-" */
    0x9d, 0xdd, 0xd7,

    /* U+002E "." */
    0x01, 0x01, 0xf0,

    /* U+002F "/" */
    0x00, 0x00, 0x03, 0x00, 0x00, 0x54, 0x00, 0x00,
    0x90, 0x00, 0x06, 0x30, 0x00, 0x09, 0x00, 0x00,
    0x73, 0x00, 0x00, 0x90, 0x00, 0x07, 0x20, 0x00,
    0x18, 0x00, 0x00, 0x82, 0x00, 0x00, 0x20, 0x00,
    0x00,

    /* U+0030 "0" */
    0x05, 0xed, 0x30, 0x1e, 0x33, 0xd0, 0x6a, 0x00,
    0xb3, 0x86, 0x00, 0x95, 0x95, 0x00, 0x95, 0x86,
    0x00, 0x95, 0x5a, 0x00, 0xc2, 0x0e, 0x45, 0xd0,
    0x03, 0xcc, 0x20, 0x00, 0x00, 0x00,

    /* U+0031 "1" */
    0x06, 0x94, 0xf9, 0xa7, 0x90, 0x69, 0x06, 0x90,
    0x69, 0x06, 0x90, 0x69, 0x06, 0x90,

    /* U+0032 "2" */
    0x00, 0x00, 0x00, 0x08, 0xfe, 0x60, 0x4c, 0x22,
    0xf1, 0x32, 0x00, 0xd2, 0x00, 0x01, 0xe0, 0x00,
    0x0a, 0x70, 0x00, 0x4d, 0x00, 0x01, 0xe2, 0x00,
    0x0d, 0x60, 0x00, 0x5f, 0xee, 0xe4,

    /* U+0033 "3" */
    0x04, 0xbc, 0x40, 0x1d, 0x23, 0xe0, 0x24, 0x00,
    0xd2, 0x00, 0x05, 0xc0, 0x00, 0x7f, 0x60, 0x00,
    0x01, 0xe1, 0x23, 0x00, 0xb4, 0x4d, 0x12, 0xe1,
    0x07, 0xed, 0x40,

    /* U+0034 "4" */
    0x00, 0x06, 0xa0, 0x00, 0x1e, 0xa0, 0x00, 0xaa,
    0xa0, 0x04, 0xc4, 0xa0, 0x0d, 0x24, 0xa0, 0x87,
    0x04, 0xa0, 0xcd, 0xde, 0xfa, 0x00, 0x04, 0xa0,
    0x00, 0x04, 0xa0,

    /* U+0035 "5" */
    0x0c, 0xee, 0xe0, 0x0d, 0x00, 0x00, 0x2b, 0x00,
    0x00, 0x5e, 0xee, 0x50, 0x56, 0x02, 0xe0, 0x00,
    0x00, 0xb4, 0x51, 0x00, 0xc3, 0x88, 0x05, 0xe0,
    0x1b, 0xfc, 0x30,

    /* U+0036 "6" */
    0x00, 0x1e, 0x10, 0x00, 0x97, 0x00, 0x03, 0xd0,
    0x00, 0x0c, 0xdb, 0x50, 0x3f, 0x65, 0xe5, 0x79,
    0x00, 0x69, 0x77, 0x00, 0x59, 0x3d, 0x10, 0xc5,
    0x06, 0xde, 0x90,

    /* U+0037 "7" */
    0x7e, 0xee, 0xf8, 0x00, 0x00, 0xb3, 0x00, 0x03,
    0xb0, 0x00, 0x0a, 0x40, 0x00, 0x1d, 0x00, 0x00,
    0x68, 0x00, 0x00, 0xc3, 0x00, 0x00, 0xe0, 0x00,
    0x04, 0xb0, 0x00,

    /* U+0038 "8" */
    0x08, 0xee, 0x50, 0x3a, 0x02, 0xe0, 0x58, 0x00,
    0xd1, 0x2d, 0x46, 0xc0, 0x0c, 0xcd, 0x60, 0x78,
    0x00, 0xc3, 0xa5, 0x00, 0x95, 0x7b, 0x24, 0xe2,
    0x1a, 0xfe, 0x70,

    /* U+0039 "9" */
    0x09, 0xed, 0x40, 0x6b, 0x14, 0xe1, 0xb4, 0x00,
    0xc4, 0xb5, 0x00, 0xe2, 0x6d, 0x5a, 0xd0, 0x05,
    0x9f, 0x50, 0x00, 0x3d, 0x00, 0x00, 0xb5, 0x00,
    0x03, 0xc0, 0x00,

    /* U+003A ":" */
    0xa6, 0x10, 0x00, 0x00, 0x10, 0xa6,

    /* U+003B ";" */
    0xa6, 0x10, 0x00, 0x00, 0x10, 0xa6, 0x53, 0x30,

    /* U+003C "<" */
    0x00, 0x00, 0x00, 0x00, 0x00, 0x94, 0x00, 0x09,
    0x50, 0x00, 0x95, 0x00, 0x09, 0x50, 0x00, 0x59,
    0x00, 0x00, 0x08, 0x60, 0x00, 0x00, 0x87, 0x00,
    0x00, 0x07, 0x70, 0x00, 0x00, 0x74, 0x00, 0x00,
    0x00,

    /* U+003D "=" */
    0x9d, 0xdd, 0xd7, 0x00, 0x00, 0x00, 0x00, 0x00,
    0x00, 0x9d, 0xdd, 0xd7,

    /* U+003E ">" */
    0x00, 0x00, 0x00, 0x58, 0x00, 0x00, 0x06, 0x80,
    0x00, 0x00, 0x68, 0x00, 0x00, 0x06, 0x80, 0x00,
    0x00, 0xa4, 0x00, 0x07, 0x70, 0x00, 0x86, 0x00,
    0x09, 0x60, 0x00, 0x65, 0x00, 0x00, 0x00, 0x00,
    0x00,

    /* U+003F "?" */
    0x06, 0xee, 0x50, 0x2e, 0x14, 0xf0, 0x49, 0x01,
    0xf1, 0x00, 0x07, 0xc0, 0x00, 0x3e, 0x20, 0x00,
    0x85, 0x00, 0x00, 0x20, 0x00, 0x00, 0x21, 0x00,
    0x00, 0xb5, 0x00,

    /* U+0040 "@" */
    0x03, 0x66, 0x50, 0x16, 0x00, 0x42, 0x70, 0x58,
    0x57, 0x73, 0x86, 0x47, 0x78, 0x29, 0x17, 0x7a,
    0x1b, 0x16, 0x74, 0xb8, 0x90, 0x34, 0x00, 0x20,
    0x05, 0x66, 0x40,

    /* U+0041 "A" */
    0x00, 0xa8, 0x00, 0x00, 0xec, 0x00, 0x02, 0xcd,
    0x10, 0x06, 0x8a, 0x50, 0x0b, 0x46, 0x90, 0x0e,
    0xff, 0xd0, 0x3c, 0x00, 0xe1, 0x79, 0x00, 0xa5,
    0xb5, 0x00, 0x7a,

    /* U+0042 "B" */
    0x7f, 0xfe, 0x60, 0x79, 0x02, 0xe1, 0x79, 0x00,
    0xd4, 0x79, 0x02, 0xe1, 0x7f, 0xff, 0x80, 0x79,
    0x02, 0xd4, 0x79, 0x00, 0xa7, 0x79, 0x01, 0xe5,
    0x7f, 0xfe, 0x90,

    /* U+0043 "C" */
    0x03, 0xde, 0x70, 0x0e, 0x41, 0xd3, 0x5c, 0x00,
    0x97, 0x89, 0x00, 0x11, 0x98, 0x00, 0x00, 0x89,
    0x00, 0x45, 0x6b, 0x00, 0x97, 0x1e, 0x31, 0xe3,
    0x04, 0xde, 0x60,

    /* U+0044 "D" */
    0x7f, 0xfb, 0x20, 0x79, 0x08, 0xe0, 0x79, 0x00,
    0xe4, 0x79, 0x00, 0xb6, 0x79, 0x00, 0xa7, 0x79,
    0x00, 0xb6, 0x79, 0x00, 0xd4, 0x79, 0x07, 0xd0,
    0x7f, 0xfb, 0x20,

    /* U+0045 "E" */
    0x5f, 0xff, 0xf3, 0x5b, 0x00, 0x00, 0x5b, 0x00,
    0x00, 0x5b, 0x00, 0x00, 0x5f, 0xff, 0xe0, 0x5b,
    0x00, 0x00, 0x5b, 0x00, 0x00, 0x5b, 0x00, 0x00,
    0x5f, 0xff, 0xf6,

    /* U+0046 "F" */
    0x7f, 0xff, 0xf7, 0x7a, 0x00, 0x00, 0x7a, 0x00,
    0x00, 0x7a, 0x00, 0x00, 0x7f, 0xff, 0x80, 0x7a,
    0x00, 0x00, 0x7a, 0x00, 0x00, 0x7a, 0x00, 0x00,
    0x7a, 0x00, 0x00,

    /* U+0047 "G" */
    0x04, 0xee, 0x40, 0x1e, 0x32, 0xe0, 0x5b, 0x00,
    0xc3, 0x89, 0x00, 0x52, 0x98, 0x00, 0x00, 0x89,
    0x0f, 0xf5, 0x6b, 0x00, 0x95, 0x1f, 0x31, 0xd5,
    0x04, 0xed, 0xb5,

    /* U+0048 "H" */
    0x79, 0x00, 0xb5, 0x79, 0x00, 0xb5, 0x79, 0x00,
    0xb5, 0x79, 0x00, 0xb5, 0x7f, 0xff, 0xf5, 0x79,
    0x00, 0xb5, 0x79, 0x00, 0xb5, 0x79, 0x00, 0xb5,
    0x79, 0x00, 0xb5,

    /* U+0049 "I" */
    0x97, 0x97, 0x97, 0x97, 0x97, 0x97, 0x97, 0x97,
    0x97,

    /* U+004A "J" */
    0x00, 0x00, 0xd4, 0x00, 0x00, 0xd4, 0x00, 0x00,
    0xd4, 0x00, 0x00, 0xd4, 0x00, 0x00, 0xd4, 0x35,
    0x00, 0xd3, 0x5b, 0x00, 0xd2, 0x2e, 0x24, 0xe0,
    0x07, 0xee, 0x50,

    /* U+004B "K" */
    0x79, 0x02, 0xe3, 0x79, 0x0c, 0x70, 0x79, 0x7c,
    0x00, 0x7c, 0xf3, 0x00, 0x7f, 0xd8, 0x00, 0x7b,
    0x3f, 0x10, 0x79, 0x0b, 0x70, 0x79, 0x03, 0xe0,
    0x79, 0x00, 0xb7,

    /* U+004C "L" */
    0x7a, 0x00, 0x00, 0x7a, 0x00, 0x00, 0x7a, 0x00,
    0x00, 0x7a, 0x00, 0x00, 0x7a, 0x00, 0x00, 0x7a,
    0x00, 0x00, 0x7a, 0x00, 0x00, 0x7a, 0x00, 0x00,
    0x7f, 0xff, 0xf6,

    /* U+004D "M" */
    0x9f, 0x00, 0xf7, 0x9f, 0x23, 0xf7, 0x9e, 0x46,
    0xe7, 0x9b, 0x79, 0xb7, 0x98, 0xab, 0x87, 0x96,
    0xcd, 0x77, 0x95, 0xdc, 0x77, 0x95, 0xa9, 0x77,
    0x95, 0x86, 0x77,

    /* U+004E "N" */
    0x8d, 0x00, 0xb5, 0x8f, 0x30, 0xb5, 0x8e, 0xa0,
    0xb5, 0x89, 0xe0, 0xb5, 0x88, 0x96, 0xb5, 0x88,
    0x3c, 0xb5, 0x88, 0x0d, 0xe5, 0x88, 0x06, 0xf5,
    0x88, 0x01, 0xf5,

    /* U+004F "O" */
    0x07, 0xee, 0x50, 0x3e, 0x23, 0xf1, 0x79, 0x00,
    0xb5, 0xa7, 0x00, 0xa7, 0xa7, 0x00, 0x98, 0x97,
    0x00, 0xa7, 0x79, 0x00, 0xb5, 0x3e, 0x23, 0xf1,
    0x06, 0xee, 0x50,

    /* U+0050 "P" */
    0x6f, 0xfe, 0x70, 0x6b, 0x01, 0xe3, 0x6b, 0x00,
    0x97, 0x6b, 0x00, 0x97, 0x6b, 0x02, 0xe3, 0x6f,
    0xfe, 0x70, 0x6b, 0x00, 0x00, 0x6b, 0x00, 0x00,
    0x6b, 0x00, 0x00,

    /* U+0051 "Q" */
    0x07, 0xee, 0x50, 0x3e, 0x23, 0xf1, 0x79, 0x00,
    0xb5, 0xa7, 0x00, 0xa7, 0xa7, 0x00, 0x98, 0x97,
    0x04, 0xa7, 0x79, 0x0e, 0xd5, 0x3e, 0x28, 0xf1,
    0x06, 0xee, 0xf1, 0x00, 0x00, 0x30,

    /* U+0052 "R" */
    0x7f, 0xfe, 0x70, 0x79, 0x02, 0xe3, 0x79, 0x00,
    0xb5, 0x79, 0x02, 0xe3, 0x7f, 0xff, 0x70, 0x79,
    0x0e, 0x20, 0x79, 0x08, 0x80, 0x79, 0x02, 0xe0,
    0x79, 0x00, 0xb6,

    /* U+0053 "S" */
    0x07, 0xee, 0x50, 0x3e, 0x13, 0xe0, 0x5c, 0x00,
    0x71, 0x1e, 0x81, 0x00, 0x02, 0xbf, 0x50, 0x00,
    0x04, 0xf3, 0x77, 0x00, 0xb6, 0x5d, 0x11, 0xe3,
    0x09, 0xee, 0x70,

    /* U+0054 "T" */
    0x7f, 0xff, 0xf5, 0x00, 0x97, 0x00, 0x00, 0x97,
    0x00, 0x00, 0x97, 0x00, 0x00, 0x97, 0x00, 0x00,
    0x97, 0x00, 0x00, 0x97, 0x00, 0x00, 0x97, 0x00,
    0x00, 0x97, 0x00,

    /* U+0055 "U" */
    0x79, 0x00, 0xb6, 0x79, 0x00, 0xb6, 0x79, 0x00,
    0xb6, 0x79, 0x00, 0xb6, 0x79, 0x00, 0xb6, 0x79,
    0x00, 0xb6, 0x79, 0x00, 0xb5, 0x4e, 0x12, 0xe2,
    0x08, 0xee, 0x70,

    /* U+0056 "V" */
    0xc5, 0x00, 0x89, 0x89, 0x00, 0xc5, 0x4c, 0x00,
    0xf1, 0x0f, 0x03, 0xc0, 0x0b, 0x47, 0x80, 0x07,
    0x8b, 0x40, 0x03, 0xce, 0x00, 0x00, 0xfc, 0x00,
    0x00, 0xb8, 0x00,

    /* U+0057 "W" */
    0xe1, 0xa7, 0x5b, 0xc3, 0xc9, 0x69, 0xa4, 0xcb,
    0x77, 0x86, 0xbb, 0x95, 0x7a, 0x9b, 0xa3, 0x5d,
    0x7a, 0xd2, 0x3f, 0x58, 0xf0, 0x1f, 0x36, 0xe0,
    0x0f, 0x14, 0xc0,

    /* U+0058 "X" */
    0x5c, 0x00, 0xe2, 0x0d, 0x25, 0xb0, 0x06, 0x9c,
    0x30, 0x00, 0xec, 0x00, 0x00, 0xc9, 0x00, 0x02,
    0xde, 0x00, 0x0a, 0x69, 0x70, 0x2e, 0x02, 0xe0,
    0x98, 0x00, 0xb6,

    /* U+0059 "Y" */
    0x97, 0x00, 0x97, 0x2e, 0x01, 0xe0, 0x0b, 0x57,
    0x80, 0x04, 0xcd, 0x20, 0x00, 0xca, 0x00, 0x00,
    0x97, 0x00, 0x00, 0x97, 0x00, 0x00, 0x97, 0x00,
    0x00, 0x97, 0x00,

    /* U+005A "Z" */
    0x4f, 0xff, 0xf4, 0x00, 0x01, 0xe1, 0x00, 0x09,
    0x70, 0x00, 0x2e, 0x00, 0x00, 0xa6, 0x00, 0x03,
    0xd0, 0x00, 0x0c, 0x50, 0x00, 0x4c, 0x00, 0x00,
    0x9f, 0xff, 0xf6,

    /* U+005B "[" */
    0x9d, 0xd3, 0xa2, 0x00, 0xa2, 0x00, 0xa2, 0x00,
    0xa2, 0x00, 0xa2, 0x00, 0xa2, 0x00, 0xa2, 0x00,
    0xa2, 0x00, 0xa2, 0x00, 0x9d, 0xd3,

    /* U+005C "\\" */
    0x23, 0x00, 0x00, 0x0b, 0x00, 0x00, 0x0a, 0x10,
    0x00, 0x04, 0x70, 0x00, 0x00, 0xb0, 0x00, 0x00,
    0x83, 0x00, 0x00, 0x29, 0x00, 0x00, 0x0b, 0x00,
    0x00, 0x06, 0x50, 0x00, 0x00, 0xb0, 0x00, 0x00,
    0xa1,

    /* U+005D "]" */
    0x5d, 0xd7, 0x00, 0x48, 0x00, 0x48, 0x00, 0x48,
    0x00, 0x48, 0x00, 0x48, 0x00, 0x48, 0x00, 0x48,
    0x00, 0x48, 0x00, 0x48, 0x5d, 0xd7,

    /* U+005E "^" */
    0x02, 0xed, 0x00, 0x1b, 0x24, 0xa0,

    /* U+005F "_" */
    0x99, 0x99, 0x98,

    /* U+0060 "`" */
    0x27, 0x00, 0x0b, 0x70, 0x01, 0xc1,

    /* U+0061 "a" */
    0x07, 0xee, 0x60, 0x1c, 0x01, 0xe0, 0x02, 0x7b,
    0xf0, 0x3e, 0x62, 0xe0, 0x7a, 0x04, 0xf0, 0x1c,
    0xda, 0xe2,

    /* U+0062 "b" */
    0x78, 0x00, 0x00, 0x78, 0x00, 0x00, 0x78, 0x00,
    0x00, 0x7a, 0xde, 0x50, 0x7e, 0x12, 0xe0, 0x78,
    0x00, 0xc3, 0x78, 0x00, 0xc3, 0x7d, 0x12, 0xe1,
    0x7b, 0xde, 0x50,

    /* U+0063 "c" */
    0x06, 0xee, 0x60, 0x3d, 0x11, 0xe1, 0x88, 0x00,
    0x00, 0x88, 0x00, 0x42, 0x3d, 0x11, 0xe2, 0x06,
    0xee, 0x60,

    /* U+0064 "d" */
    0x00, 0x00, 0xc2, 0x00, 0x00, 0xc2, 0x00, 0x00,
    0xc2, 0x08, 0xeb, 0xd2, 0x4d, 0x04, 0xf2, 0x88,
    0x00, 0xd2, 0x87, 0x00, 0xd2, 0x4c, 0x02, 0xf2,
    0x09, 0xdb, 0xd2,

    /* U+0065 "e" */
    0x06, 0xdd, 0x60, 0x3d, 0x01, 0xe1, 0x7e, 0xcc,
    0xd3, 0x79, 0x00, 0x10, 0x3d, 0x11, 0xe2, 0x06,
    0xee, 0x60,

    /* U+0066 "f" */
    0x00, 0x5e, 0xe4, 0x00, 0xd2, 0x00, 0x00, 0xe0,
    0x00, 0x6d, 0xfd, 0xc0, 0x00, 0xe0, 0x00, 0x00,
    0xe0, 0x00, 0x00, 0xe0, 0x00, 0x00, 0xe0, 0x00,
    0x00, 0xe0, 0x00,

    /* U+0067 "g" */
    0x00, 0x00, 0x00, 0x06, 0xdc, 0xa8, 0x0e, 0x07,
    0x80, 0x0e, 0x07, 0x80, 0x0b, 0xdb, 0x10, 0x3a,
    0x00, 0x00, 0x0e, 0xed, 0xa0, 0x67, 0x00, 0xa5,
    0x2b, 0xbb, 0xa0,

    /* U+0068 "h" */
    0x59, 0x00, 0x00, 0x59, 0x00, 0x00, 0x59, 0x00,
    0x00, 0x59, 0xad, 0xa0, 0x5f, 0x30, 0xd3, 0x5b,
    0x00, 0xb4, 0x59, 0x00, 0xb4, 0x59, 0x00, 0xb4,
    0x59, 0x00, 0xb4,

    /* U+0069 "i" */
    0x96, 0x21, 0x00, 0x96, 0x96, 0x96, 0x96, 0x96,
    0x96,

    /* U+006A "j" */
    0x00, 0xa5, 0x00, 0x31, 0x00, 0x00, 0x00, 0xa5,
    0x00, 0xa5, 0x00, 0xa5, 0x00, 0xa5, 0x00, 0xa5,
    0x00, 0xa4, 0x10, 0xc3, 0xde, 0xa0,

    /* U+006B "k" */
    0x4a, 0x00, 0x00, 0x4a, 0x00, 0x00, 0x4a, 0x00,
    0x00, 0x4a, 0x07, 0xb0, 0x4a, 0x5c, 0x00, 0x4d,
    0xe9, 0x00, 0x4e, 0x2d, 0x20, 0x4a, 0x05, 0xa0,
    0x4a, 0x00, 0xd3,

    /* U+006C "l" */
    0x86, 0x86, 0x86, 0x86, 0x86, 0x86, 0x86, 0x86,
    0x86,

    /* U+006D "m" */
    0xda, 0xe8, 0xe7, 0xd5, 0x8a, 0x4b, 0xd2, 0x86,
    0x3b, 0xd2, 0x86, 0x3b, 0xd2, 0x86, 0x3b, 0xd2,
    0x86, 0x3b,

    /* U+006E "n" */
    0x5a, 0xac, 0xa0, 0x5f, 0x20, 0xd3, 0x5b, 0x00,
    0xb4, 0x59, 0x00, 0xb4, 0x59, 0x00, 0xb4, 0x59,
    0x00, 0xb4,

    /* U+006F "o" */
    0x06, 0xed, 0x50, 0x3d, 0x12, 0xe2, 0x88, 0x00,
    0x96, 0x88, 0x00, 0x96, 0x3d, 0x11, 0xe2, 0x06,
    0xed, 0x50,

    /* U+0070 "p" */
    0x7b, 0xcd, 0x50, 0x7d, 0x01, 0xe1, 0x78, 0x00,
    0xc3, 0x79, 0x00, 0xc3, 0x7e, 0x13, 0xe0, 0x7a,
    0xde, 0x50, 0x78, 0x00, 0x00, 0x78, 0x00, 0x00,

    /* U+0071 "q" */
    0x08, 0xeb, 0xd2, 0x4c, 0x03, 0xf2, 0x88, 0x00,
    0xd2, 0x88, 0x00, 0xd2, 0x4d, 0x04, 0xf2, 0x08,
    0xeb, 0xd2, 0x00, 0x00, 0xc2, 0x00, 0x00, 0xc2,

    /* U+0072 "r" */
    0xc4, 0xba, 0xcd, 0x40, 0xc6, 0x00, 0xc2, 0x00,
    0xc2, 0x00, 0xc2, 0x00,

    /* U+0073 "s" */
    0x07, 0xde, 0x60, 0x0f, 0x00, 0xa0, 0x0d, 0xa5,
    0x00, 0x00, 0x59, 0xd0, 0x2b, 0x00, 0xe1, 0x08,
    0xee, 0x80,

    /* U+0074 "t" */
    0x00, 0x60, 0x00, 0x01, 0xd0, 0x00, 0x8d, 0xfd,
    0xa0, 0x01, 0xd0, 0x00, 0x01, 0xd0, 0x00, 0x01,
    0xd0, 0x00, 0x00, 0xe0, 0x00, 0x00, 0x7e, 0xe1,

    /* U+0075 "u" */
    0x59, 0x00, 0xb4, 0x59, 0x00, 0xb4, 0x59, 0x00,
    0xb4, 0x59, 0x00, 0xc4, 0x4b, 0x03, 0xf4, 0x0b,
    0xb9, 0xb4,

    /* U+0076 "v" */
    0x68, 0x00, 0xc3, 0x1d, 0x01, 0xe0, 0x0c, 0x36,
    0x90, 0x06, 0x8b, 0x30, 0x01, 0xdd, 0x00, 0x00,
    0xc9, 0x00,

    /* U+0077 "w" */
    0xd1, 0xb8, 0x4a, 0xa4, 0xba, 0x77, 0x77, 0xab,
    0x94, 0x4b, 0x8a, 0xc1, 0x1f, 0x58, 0xe0, 0x0e,
    0x36, 0xb0,

    /* U+0078 "x" */
    0x2e, 0x02, 0xe0, 0x08, 0x7b, 0x50, 0x00, 0xdb,
    0x00, 0x01, 0xec, 0x00, 0x0a, 0x6a, 0x70, 0x4d,
    0x01, 0xe1,

    /* U+0079 "y" */
    0x78, 0x00, 0xc4, 0x2d, 0x01, 0xe0, 0x0c, 0x35,
    0x90, 0x07, 0x8a, 0x40, 0x02, 0xdd, 0x00, 0x00,
    0xd9, 0x00, 0x00, 0xa4, 0x00, 0x0f, 0xb0, 0x00,

    /* U+007A "z" */
    0x2d, 0xdd, 0xf0, 0x00, 0x0a, 0x70, 0x00, 0x6b,
    0x00, 0x02, 0xd1, 0x00, 0x0c, 0x40, 0x00, 0x5f,
    0xdd, 0xd2,

    /* U+007B "{" */
    0x04, 0xa1, 0x0b, 0x30, 0x0b, 0x30, 0x0b, 0x30,
    0x0b, 0x30, 0x0c, 0x20, 0x4e, 0x00, 0x0c, 0x20,
    0x0b, 0x30, 0x0b, 0x30, 0x0b, 0x30, 0x05, 0xb1,

    /* U+007C "|" */
    0x86, 0x86, 0x86, 0x86, 0x86, 0x86, 0x86, 0x86,
    0x86, 0x86, 0x86, 0x86, 0x86,

    /* U+007D "}" */
    0x2b, 0x20, 0x06, 0x80, 0x05, 0x90, 0x05, 0x90,
    0x05, 0x90, 0x04, 0x90, 0x01, 0xf2, 0x05, 0x90,
    0x05, 0x90, 0x05, 0x90, 0x06, 0x90, 0x2b, 0x30,

    /* U+007E "~" */
    0x0b, 0xc3, 0x43, 0x26, 0x3d, 0xd0, 0x00, 0x00,
    0x00,

    /* U+00B1 "±" */
    0x00, 0x00, 0x00, 0x00, 0x00, 0x00, 0x06, 0x60,
    0x00, 0x00, 0x00, 0x66, 0x00, 0x00, 0x00, 0x06,
    0x60, 0x00, 0x2d, 0xdd, 0xee, 0xdd, 0xd0, 0x00,
    0x06, 0x60, 0x00, 0x00, 0x00, 0x66, 0x00, 0x00,
    0x00, 0x06, 0x60, 0x00, 0x00, 0x00, 0x00, 0x00,
    0x02, 0xee, 0xee, 0xee, 0xee,

    /* U+00B7 "·" */
    0xfe, 0xed,

    /* U+00D7 "×" */
    0x61, 0x00, 0x00, 0x35, 0x2c, 0x10, 0x02, 0xc1,
    0x03, 0xb0, 0x1d, 0x20, 0x00, 0x4b, 0xc3, 0x00,
    0x00, 0x0c, 0xb0, 0x00, 0x00, 0xa5, 0x88, 0x00,
    0x09, 0x70, 0x09, 0x70, 0x78, 0x00, 0x00, 0xa5,
    0x20, 0x00, 0x00, 0x01,

    /* U+00F7 "÷" */
    0x00, 0x00, 0xcc, 0x00, 0x00, 0x00, 0x08, 0x80,
    0x00, 0x00, 0x00, 0x00, 0x00, 0x00, 0x00, 0x00,
    0x00, 0x00, 0x2d, 0xdd, 0xdd, 0xdd, 0xd0, 0x00,
    0x00, 0x00, 0x00, 0x00, 0x00, 0x00, 0x00, 0x00,
    0x00, 0x08, 0x80, 0x00, 0x00, 0x00, 0xcc, 0x00,
    0x00,

    /* U+2014 "—" */
    0xcc, 0xcc, 0xcc, 0xcc, 0xcc, 0xcb,

    /* U+2026 "…" */
    0xef, 0x00, 0xfe, 0x01, 0xfb, 0xde, 0x00, 0xed,
    0x01, 0xfb,

    /* U+221A "√" */
    0x00, 0x00, 0x02, 0x50, 0x00, 0x00, 0x74, 0x00,
    0x00, 0x0b, 0x00, 0x00, 0x02, 0x90, 0x00, 0x00,
    0x74, 0x01, 0xb1, 0x0b, 0x00, 0x34, 0xb2, 0x90,
    0x00, 0x07, 0xe4, 0x00, 0x00, 0x0a, 0x00, 0x00,
    0x00, 0x00, 0x00,

    /* U+25B2 "▲" */
    0x00, 0x00, 0x00, 0x00, 0x00, 0x00, 0x00, 0x00,
    0x06, 0x40, 0x00, 0x00, 0x00, 0x00, 0x0e, 0xd0,
    0x00, 0x00, 0x00, 0x00, 0x8f, 0xf6, 0x00, 0x00,
    0x00, 0x01, 0xff, 0xfe, 0x00, 0x00, 0x00, 0x09,
    0xff, 0xff, 0x80, 0x00, 0x00, 0x2f, 0xff, 0xff,
    0xf1, 0x00, 0x00, 0xbf, 0xff, 0xff, 0xfa, 0x00,
    0x04, 0xff, 0xff, 0xff, 0xff, 0x30, 0x0c, 0xff,
    0xff, 0xff, 0xff, 0xc0, 0x00, 0x00, 0x00, 0x00,
    0x00, 0x00,

    /* U+25B6 "▶" */
    0x09, 0x10, 0x00, 0x00, 0x00, 0x0f, 0xf7, 0x00,
    0x00, 0x00, 0x0f, 0xff, 0xe5, 0x00, 0x00, 0x0f,
    0xff, 0xff, 0xc4, 0x00, 0x0f, 0xff, 0xff, 0xff,
    0xb1, 0x0f, 0xff, 0xff, 0xfd, 0x40, 0x0f, 0xff,
    0xfe, 0x60, 0x00, 0x0f, 0xff, 0x80, 0x00, 0x00,
    0x0f, 0xa1, 0x00, 0x00, 0x00, 0x03, 0x00, 0x00,
    0x00, 0x00,

    /* U+25BC "▼" */
    0x4c, 0xcc, 0xcc, 0xcc, 0xc3, 0x0c, 0xff, 0xff,
    0xff, 0xc0, 0x03, 0xff, 0xff, 0xff, 0x20, 0x00,
    0xaf, 0xff, 0xf8, 0x00, 0x00, 0x2f, 0xff, 0xd0,
    0x00, 0x00, 0x08, 0xff, 0x40, 0x00, 0x00, 0x00,
    0xea, 0x00, 0x00, 0x00, 0x00, 0x51, 0x00, 0x00,

    /* U+25C0 "◀" */
    0x00, 0x00, 0x00, 0x00, 0x64, 0x00, 0x00, 0x00,
    0x4d, 0xf6, 0x00, 0x00, 0x2b, 0xff, 0xf6, 0x00,
    0x19, 0xff, 0xff, 0xf6, 0x07, 0xff, 0xff, 0xff,
    0xf6, 0x02, 0xaf, 0xff, 0xff, 0xf6, 0x00, 0x03,
    0xcf, 0xff, 0xf6, 0x00, 0x00, 0x05, 0xdf, 0xf6,
    0x00, 0x00, 0x00, 0x07, 0xe6, 0x00, 0x00, 0x00,
    0x00, 0x12,

    /* U+25CB "○" */
    0x00, 0x07, 0xbb, 0xa9, 0x20, 0x00, 0x01, 0xb4,
    0x00, 0x02, 0xb5, 0x00, 0x0b, 0x10, 0x00, 0x00,
    0x0b, 0x10, 0x47, 0x00, 0x00, 0x00, 0x03, 0x90,
    0x82, 0x00, 0x00, 0x00, 0x00, 0xb0, 0xa1, 0x00,
    0x00, 0x00, 0x00, 0xb0, 0x82, 0x00, 0x00, 0x00,
    0x00, 0xb0, 0x47, 0x00, 0x00, 0x00, 0x03, 0x80,
    0x0b, 0x30, 0x00, 0x00, 0x0b, 0x10, 0x01, 0xc6,
    0x00, 0x02, 0xb4, 0x00, 0x00, 0x06, 0xbb, 0xa9,
    0x20, 0x00, 0x00, 0x00, 0x00, 0x00, 0x00, 0x00,

    /* U+25CF "●" */
    0x00, 0x00, 0x00, 0x00, 0x00, 0x00, 0x00, 0x05,
    0xcf, 0xfc, 0x60, 0x00, 0x00, 0x9f, 0xff, 0xff,
    0xfa, 0x00, 0x08, 0xff, 0xff, 0xff, 0xff, 0x70,
    0x1f, 0xff, 0xff, 0xff, 0xff, 0xf0, 0x5f, 0xff,
    0xff, 0xff, 0xff, 0xf3, 0x6f, 0xff, 0xff, 0xff,
    0xff, 0xf4, 0x5f, 0xff, 0xff, 0xff, 0xff, 0xf2,
    0x1f, 0xff, 0xff, 0xff, 0xff, 0xe0, 0x07, 0xff,
    0xff, 0xff, 0xff, 0x60, 0x00, 0xaf, 0xff, 0xff,
    0xf9, 0x00, 0x00, 0x06, 0xdf, 0xfc, 0x50, 0x00,
    0x00, 0x00, 0x00, 0x00, 0x00, 0x00,

    /* U+2669 "♩" */
    0x00, 0x03, 0x00, 0x09, 0x00, 0x09, 0x00, 0x09,
    0x00, 0x09, 0x00, 0x09, 0x03, 0x89, 0x0f, 0xf9,
    0x0e, 0xf3, 0x00, 0x00,

    /* U+266A "♪" */
    0x00, 0x04, 0x00, 0x00, 0x0e, 0x40, 0x00, 0x0b,
    0xb5, 0x00, 0x09, 0x0a, 0x00, 0x09, 0x05, 0x00,
    0x09, 0x00, 0x03, 0x89, 0x00, 0x0f, 0xf9, 0x00,
    0x0e, 0xf3, 0x00, 0x00, 0x00, 0x00,

    /* U+3001 "、" */
    0x00, 0x00, 0x1d, 0x00, 0x0a, 0x80, 0x03, 0xf2,
    0x00, 0x40,

    /* U+3002 "。" */
    0x08, 0x70, 0x71, 0x63, 0x48, 0xa1, 0x01, 0x00,

    /* U+300A "《" */
    0x00, 0x00, 0x00, 0x00, 0x00, 0x91, 0xa0, 0x00,
    0x1a, 0x38, 0x00, 0x08, 0x3a, 0x10, 0x01, 0xa2,
    0x90, 0x00, 0x84, 0xa1, 0x00, 0x0c, 0x1a, 0x00,
    0x00, 0x91, 0xb0, 0x00, 0x02, 0x94, 0x60, 0x00,
    0x0a, 0x1b, 0x00, 0x00, 0x28, 0x56, 0x00, 0x00,
    0xa1, 0xb0, 0x00, 0x01, 0x01, 0x00,

    /* U+300B "》" */
    0x00, 0x00, 0x00, 0x09, 0x27, 0x00, 0x09, 0x1a,
    0x00, 0x02, 0x83, 0x60, 0x00, 0x91, 0xa0, 0x00,
    0x27, 0x46, 0x00, 0x0a, 0x0a, 0x00, 0x19, 0x28,
    0x00, 0x82, 0x91, 0x00, 0xa2, 0x90, 0x07, 0x39,
    0x10, 0x0a, 0x29, 0x00, 0x01, 0x01, 0x00,

    /* U+3010 "【" */
    0x1f, 0xff, 0xd0, 0x1f, 0xff, 0x20, 0x1f, 0xf8,
    0x00, 0x1f, 0xf1, 0x00, 0x1f, 0xd0, 0x00, 0x1f,
    0xd0, 0x00, 0x1f, 0xf0, 0x00, 0x1f, 0xf6, 0x00,
    0x1f, 0xfe, 0x00, 0x1f, 0xff, 0xa0, 0x02, 0x22,
    0x20,

    /* U+3011 "】" */
    0x1d, 0xff, 0xe0, 0x3f, 0xfe, 0x00, 0x9f, 0xe0,
    0x03, 0xfe, 0x00, 0x0f, 0xe0, 0x00, 0xfe, 0x00,
    0x3f, 0xe0, 0x09, 0xfe, 0x02, 0xff, 0xe0, 0xcf,
    0xfe, 0x02, 0x22, 0x20,

    /* U+4E00 "一" */
    0x00, 0x00, 0x00, 0x00, 0x00, 0x00, 0x2f, 0xff,
    0xff, 0xff, 0xff, 0xf9, 0x02, 0x21, 0x11, 0x11,
    0x11, 0x21,

    /* U+4E03 "七" */
    0x00, 0x00, 0x4d, 0x00, 0x00, 0x00, 0x00, 0x00,
    0x3c, 0x00, 0x00, 0x00, 0x00, 0x00, 0x3c, 0x00,
    0x02, 0x63, 0x00, 0x00, 0x3d, 0x7a, 0xec, 0x83,
    0x16, 0x9c, 0xfe, 0x73, 0x00, 0x00, 0x19, 0x52,
    0x3c, 0x00, 0x00, 0x00, 0x00, 0x00, 0x3c, 0x00,
    0x00, 0x00, 0x00, 0x00, 0x3c, 0x00, 0x00, 0x20,
    0x00, 0x00, 0x3e, 0x00, 0x00, 0xd6, 0x00, 0x00,
    0x0b, 0xdd, 0xdd, 0xb0,

    /* U+4E09 "三" */
    0x06, 0xdc, 0xcc, 0xcc, 0xcd, 0x10, 0x01, 0x11,
    0x11, 0x11, 0x12, 0x00, 0x00, 0x00, 0x00, 0x00,
    0x00, 0x00, 0x00, 0x00, 0x00, 0x00, 0x00, 0x00,
    0x00, 0xcf, 0xff, 0xff, 0xf4, 0x00, 0x00, 0x00,
    0x00, 0x00, 0x00, 0x00, 0x00, 0x00, 0x00, 0x00,
    0x00, 0x00, 0x00, 0x00, 0x00, 0x00, 0x00, 0x00,
    0x6d, 0xdd, 0xdd, 0xdd, 0xdd, 0xe1, 0x12, 0x11,
    0x11, 0x11, 0x11, 0x20,

    /* U+4E0A "上" */
    0x00, 0x00, 0x08, 0x00, 0x00, 0x00, 0x00, 0x00,
    0x0f, 0x00, 0x00, 0x00, 0x00, 0x00, 0x0f, 0x00,
    0x00, 0x00, 0x00, 0x00, 0x0f, 0x10, 0x01, 0x00,
    0x00, 0x00, 0x0f, 0xee, 0xee, 0x70, 0x00, 0x00,
    0x0f, 0x00, 0x00, 0x00, 0x00, 0x00, 0x0f, 0x00,
    0x00, 0x00, 0x00, 0x00, 0x0f, 0x00, 0x00, 0x00,
    0x00, 0x00, 0x0f, 0x00, 0x00, 0x00, 0x12, 0x22,
    0x2f, 0x32, 0x22, 0x21, 0x4c, 0xbb, 0xbb, 0xbb,
    0xbb, 0xc4,

    /* U+4E22 "丢" */
    0x00, 0x00, 0x00, 0x00, 0x26, 0x00, 0x00, 0xbc,
    0xcc, 0xdb, 0xa8, 0x20, 0x00, 0x00, 0x03, 0xb0,
    0x00, 0x00, 0x00, 0xcb, 0xbc, 0xeb, 0xbc, 0x30,
    0x00, 0x00, 0x03, 0xb0, 0x00, 0x00, 0x00, 0x00,
    0x03, 0xb0, 0x00, 0x00, 0x1d, 0xcc, 0xce, 0xcc,
    0xcc, 0xc7, 0x00, 0x00, 0x4c, 0x00, 0x00, 0x00,
    0x00, 0x01, 0xc2, 0x04, 0xc0, 0x00, 0x00, 0x2c,
    0x41, 0x22, 0xab, 0x00, 0x00, 0x6d, 0xcb, 0xa9,
    0x8b, 0x80, 0x00, 0x00, 0x00, 0x00, 0x00, 0x00,

    /* U+4E2D "中" */
    0x00, 0x00, 0xf1, 0x00, 0x00, 0x00, 0x00, 0xe1,
    0x00, 0x00, 0x00, 0x00, 0xe2, 0x00, 0x00, 0xcc,
    0xbb, 0xfb, 0xbb, 0xf0, 0xc3, 0x00, 0xe1, 0x00,
    0xf0, 0xc3, 0x00, 0xe1, 0x00, 0xf0, 0xcc, 0xcc,
    0xfc, 0xcc, 0xf0, 0xb3, 0x00, 0xe1, 0x00, 0xe0,
    0x00, 0x00, 0xe1, 0x00, 0x00, 0x00, 0x00, 0xe1,
    0x00, 0x00, 0x00, 0x00, 0xf1, 0x00, 0x00,

    /* U+4E5D "九" */
    0x00, 0x00, 0x00, 0x00, 0x00, 0x00, 0x00, 0x00,
    0xc5, 0x00, 0x00, 0x00, 0x00, 0x00, 0xc4, 0x00,
    0x00, 0x00, 0x00, 0x00, 0xc3, 0x00, 0x00, 0x00,
    0x07, 0xcc, 0xfd, 0xde, 0x60, 0x00, 0x01, 0x10,
    0xf1, 0x0a, 0x50, 0x00, 0x00, 0x02, 0xe0, 0x0b,
    0x50, 0x00, 0x00, 0x06, 0xa0, 0x0c, 0x40, 0x00,
    0x00, 0x0c, 0x40, 0x0d, 0x30, 0x00, 0x00, 0x5d,
    0x00, 0x0e, 0x20, 0xa1, 0x03, 0xf3, 0x00, 0x0e,
    0x21, 0xf1, 0x1e, 0x60, 0x00, 0x0a, 0xff, 0xa0,
    0x01, 0x00, 0x00, 0x00, 0x00, 0x00,

    /* U+4E60 "习" */
    0x0d, 0xed, 0xdd, 0xdd, 0xe4, 0x00, 0x00, 0x00,
    0x00, 0xc3, 0x00, 0xd8, 0x00, 0x00, 0xc2, 0x00,
    0x1a, 0xd2, 0x00, 0xd2, 0x00, 0x00, 0x50, 0x00,
    0xd1, 0x00, 0x00, 0x05, 0xb0, 0xe1, 0x00, 0x28,
    0xea, 0x30, 0xe0, 0x1d, 0xe7, 0x10, 0x00, 0xf0,
    0x04, 0x00, 0x00, 0x03, 0xe0, 0x00, 0x00, 0x02,
    0xfe, 0x70, 0x00, 0x00, 0x00, 0x00, 0x00,

    /* U+4E8C "二" */
    0x05, 0xee, 0xee, 0xee, 0xec, 0x00, 0x00, 0x22,
    0x22, 0x22, 0x22, 0x00, 0x00, 0x00, 0x00, 0x00,
    0x00, 0x00, 0x00, 0x00, 0x00, 0x00, 0x00, 0x00,
    0x00, 0x00, 0x00, 0x00, 0x00, 0x00, 0x00, 0x00,
    0x00, 0x00, 0x00, 0x00, 0x12, 0x22, 0x22, 0x22,
    0x22, 0x20, 0x8e, 0xee, 0xee, 0xee, 0xee, 0xe1,

    /* U+4E8E "于" */
    0x00, 0x00, 0x00, 0x00, 0x00, 0x00, 0x07, 0xdd,
    0xdf, 0xed, 0xdc, 0x00, 0x00, 0x00, 0x0c, 0x30,
    0x00, 0x00, 0x00, 0x00, 0x0c, 0x30, 0x00, 0x00,
    0x22, 0x22, 0x2d, 0x52, 0x22, 0x30, 0x7a, 0xaa,
    0xae, 0xba, 0xaa, 0xb1, 0x00, 0x00, 0x0c, 0x30,
    0x00, 0x00, 0x00, 0x00, 0x0c, 0x30, 0x00, 0x00,
    0x00, 0x00, 0x0c, 0x30, 0x00, 0x00, 0x00, 0x01,
    0x3d, 0x30, 0x00, 0x00, 0x00, 0x01, 0xfc, 0x00,
    0x00, 0x00,

    /* U+4E94 "五" */
    0x03, 0xcc, 0xcc, 0xcc, 0xcc, 0xa0, 0x00, 0x00,
    0x0e, 0x00, 0x00, 0x00, 0x00, 0x00, 0x1d, 0x00,
    0x00, 0x00, 0x00, 0x99, 0xae, 0x99, 0x94, 0x00,
    0x00, 0x22, 0x79, 0x22, 0x96, 0x00, 0x00, 0x00,
    0x86, 0x00, 0x95, 0x00, 0x00, 0x00, 0xa4, 0x00,
    0xa5, 0x00, 0x00, 0x00, 0xd2, 0x00, 0xa4, 0x00,
    0x2c, 0xcc, 0xfc, 0xcc, 0xed, 0xc3, 0x02, 0x11,
    0x11, 0x11, 0x11, 0x20,

    /* U+4F20 "传" */
    0x00, 0x16, 0x00, 0x64, 0x00, 0x00, 0x00, 0x7a,
    0x00, 0xa3, 0x00, 0x00, 0x00, 0xe3, 0xbc, 0xfc,
    0xcc, 0x70, 0x07, 0xf0, 0x00, 0xd0, 0x00, 0x00,
    0x2e, 0xe6, 0xcc, 0xfc, 0xcc, 0xc1, 0x75, 0xe0,
    0x06, 0x70, 0x00, 0x00, 0x00, 0xe0, 0x0b, 0xdc,
    0xcc, 0x00, 0x00, 0xe0, 0x00, 0x00, 0x79, 0x00,
    0x00, 0xe0, 0x02, 0x92, 0xd2, 0x00, 0x00, 0xe0,
    0x00, 0x7e, 0xd1, 0x00, 0x00, 0xf0, 0x00, 0x01,
    0xad, 0x00, 0x00, 0x00, 0x00, 0x00, 0x01, 0x00,

    /* U+4F59 "余" */
    0x00, 0x00, 0x09, 0x80, 0x00, 0x00, 0x00, 0x00,
    0x4e, 0xc4, 0x00, 0x00, 0x00, 0x03, 0xe3, 0x1c,
    0x80, 0x00, 0x00, 0x4e, 0x40, 0x00, 0x9e, 0x93,
    0x0a, 0xd7, 0xcc, 0xcc, 0x93, 0xa3, 0x02, 0x00,
    0x04, 0xb0, 0x00, 0x00, 0x01, 0xaa, 0xab, 0xea,
    0xaa, 0x30, 0x00, 0x34, 0x36, 0xc3, 0x63, 0x10,
    0x00, 0x2d, 0x44, 0xb0, 0xc6, 0x00, 0x05, 0xe6,
    0x06, 0xa0, 0x1d, 0x50, 0x03, 0x30, 0x2e, 0x60,
    0x02, 0x10,

    /* U+4FDD "保" */
    0x00, 0x14, 0x00, 0x00, 0x00, 0x00, 0x00, 0x59,
    0x0f, 0xcc, 0xcf, 0x00, 0x00, 0xc1, 0x0d, 0x00,
    0x0d, 0x00, 0x04, 0xf0, 0x0f, 0xbb, 0xbf, 0x00,
    0x0b, 0xe0, 0x01, 0x1e, 0x11, 0x00, 0x67, 0xd0,
    0x00, 0x0e, 0x00, 0x00, 0x00, 0xd3, 0xdc, 0xff,
    0xec, 0xd3, 0x00, 0xd0, 0x05, 0x9e, 0xb1, 0x00,
    0x00, 0xd0, 0x3d, 0x0e, 0x3c, 0x20, 0x00, 0xd4,
    0xd2, 0x0e, 0x04, 0xe4, 0x00, 0xd0, 0x10, 0x0e,
    0x00, 0x00,

    /* U+5012 "倒" */
    0x00, 0x00, 0x00, 0x00, 0x00, 0x00, 0x00, 0x88,
    0x00, 0x00, 0x00, 0xe0, 0x00, 0xc7, 0xef, 0xe7,
    0x10, 0xd0, 0x02, 0xf0, 0x2a, 0x00, 0xb3, 0xd0,
    0x09, 0xe0, 0x93, 0xa2, 0xb3, 0xd0, 0x2e, 0xd4,
    0xfc, 0xea, 0xb3, 0xd0, 0x36, 0xd0, 0x3d, 0x03,
    0xb3, 0xd0, 0x00, 0xd1, 0x7e, 0x73, 0xb3, 0xd0,
    0x00, 0xd1, 0x5e, 0x52, 0xb3, 0xd0, 0x00, 0xd0,
    0x0d, 0x23, 0x20, 0xd0, 0x00, 0xd4, 0xce, 0xb6,
    0x14, 0xe0, 0x00, 0xe1, 0x20, 0x00, 0x2c, 0x60,

    /* U+503C "值" */
    0x00, 0x00, 0x00, 0x00, 0x00, 0x00, 0x00, 0x3d,
    0x22, 0x3f, 0x22, 0x20, 0x00, 0xa6, 0x8a, 0xaf,
    0xaa, 0xa0, 0x04, 0xf1, 0x07, 0x8e, 0x77, 0x00,
    0x1d, 0xe1, 0x0e, 0x22, 0x2d, 0x00, 0x47, 0xd1,
    0x0f, 0xbb, 0xbf, 0x00, 0x00, 0xd1, 0x0e, 0x66,
    0x6e, 0x00, 0x00, 0xd1, 0x0e, 0x44, 0x4e, 0x00,
    0x00, 0xd1, 0x0f, 0xbb, 0xbf, 0x00, 0x00, 0xd2,
    0x1e, 0x11, 0x1d, 0x10, 0x00, 0xd5, 0xba, 0xaa,
    0xaa, 0xa4,

    /* U+505C "停" */
    0x00, 0x74, 0x00, 0x0c, 0x00, 0x00, 0x00, 0xd2,
    0xcb, 0xbe, 0xbb, 0xb3, 0x04, 0xe0, 0x15, 0x55,
    0x55, 0x00, 0x0b, 0xd0, 0x3b, 0x66, 0x6d, 0x10,
    0x5c, 0xc0, 0x3d, 0xbb, 0xbe, 0x10, 0x23, 0xc3,
    0x66, 0x66, 0x66, 0x62, 0x00, 0xc7, 0x84, 0x44,
    0x44, 0x86, 0x00, 0xc1, 0x3c, 0xbc, 0xbc, 0x40,
    0x00, 0xc0, 0x00, 0x0c, 0x10, 0x00, 0x00, 0xd0,
    0x00, 0x0c, 0x10, 0x00, 0x00, 0xd0, 0x00, 0xce,
    0x00, 0x00, 0x00, 0x00, 0x00, 0x10, 0x00, 0x00,

    /* U+5149 "光" */
    0x00, 0x00, 0x07, 0xc0, 0x00, 0x00, 0x00, 0x40,
    0x07, 0xb0, 0x08, 0x20, 0x00, 0xc8, 0x07, 0xb0,
    0x4e, 0x10, 0x00, 0x3f, 0x17, 0xb0, 0xd5, 0x00,
    0x00, 0x03, 0x07, 0xb0, 0x20, 0x00, 0x3c, 0xcc,
    0xfd, 0xdf, 0xcc, 0xc7, 0x00, 0x00, 0xc2, 0x2d,
    0x00, 0x00, 0x00, 0x00, 0xf0, 0x2d, 0x00, 0x00,
    0x00, 0x08, 0x90, 0x2d, 0x00, 0x20, 0x02, 0xad,
    0x10, 0x1e, 0x00, 0xb7, 0x4f, 0x90, 0x00, 0x0a,
    0xcc, 0xb1, 0x00, 0x00, 0x00, 0x00, 0x00, 0x00,

    /* U+5165 "入" */
    0x00, 0x02, 0x40, 0x00, 0x00, 0x00, 0x00, 0x04,
    0xe6, 0x00, 0x00, 0x00, 0x00, 0x00, 0x2e, 0x40,
    0x00, 0x00, 0x00, 0x00, 0x08, 0xd0, 0x00, 0x00,
    0x00, 0x00, 0x0e, 0xd4, 0x00, 0x00, 0x00, 0x00,
    0x79, 0x5b, 0x00, 0x00, 0x00, 0x01, 0xe2, 0x0e,
    0x30, 0x00, 0x00, 0x0b, 0x70, 0x06, 0xd0, 0x00,
    0x00, 0xab, 0x00, 0x00, 0xcc, 0x10, 0x2c, 0xc0,
    0x00, 0x00, 0x0c, 0xf2, 0x19, 0x00, 0x00, 0x00,
    0x00, 0x60,

    /* U+516B "八" */
    0x00, 0x00, 0x00, 0x05, 0x00, 0x00, 0x00, 0x02,
    0x80, 0x0f, 0x10, 0x00, 0x00, 0x04, 0xc0, 0x0d,
    0x20, 0x00, 0x00, 0x05, 0x90, 0x0a, 0x40, 0x00,
    0x00, 0x09, 0x60, 0x07, 0x70, 0x00, 0x00, 0x0c,
    0x20, 0x04, 0xa0, 0x00, 0x00, 0x1d, 0x00, 0x00,
    0xe0, 0x00, 0x00, 0x88, 0x00, 0x00, 0xa6, 0x00,
    0x02, 0xe1, 0x00, 0x00, 0x3e, 0x10, 0x1d, 0x60,
    0x00, 0x00, 0x09, 0xb0, 0x17, 0x00, 0x00, 0x00,
    0x00, 0x91,

    /* U+516D "六" */
    0x00, 0x00, 0x01, 0x00, 0x00, 0x00, 0x00, 0x00,
    0x2e, 0x10, 0x00, 0x00, 0x00, 0x00, 0x08, 0xb0,
    0x00, 0x00, 0x04, 0x33, 0x34, 0x73, 0x33, 0x30,
    0x1c, 0xbb, 0xbb, 0xbb, 0xbb, 0xc2, 0x00, 0x00,
    0x00, 0x00, 0x00, 0x00, 0x00, 0x03, 0xd1, 0x0b,
    0x60, 0x00, 0x00, 0x0c, 0x90, 0x04, 0xf2, 0x00,
    0x00, 0x7d, 0x00, 0x00, 0x8d, 0x00, 0x05, 0xf3,
    0x00, 0x00, 0x0d, 0x80, 0x0c, 0x60, 0x00, 0x00,
    0x03, 0x70, 0x00, 0x00, 0x00, 0x00, 0x00, 0x00,

    /* U+5173 "关" */
    0x00, 0x03, 0x00, 0x03, 0x00, 0x00, 0x00, 0x0b,
    0x70, 0x0e, 0x40, 0x00, 0x00, 0x02, 0xa0, 0x4a,
    0x00, 0x00, 0x07, 0xdc, 0xcf, 0xdc, 0xcd, 0x20,
    0x00, 0x00, 0x0b, 0x20, 0x00, 0x00, 0x00, 0x00,
    0x0b, 0x20, 0x00, 0x00, 0x1c, 0xcc, 0xcf, 0xec,
    0xcc, 0xa0, 0x00, 0x00, 0x3e, 0xd0, 0x00, 0x00,
    0x00, 0x01, 0xd4, 0x7c, 0x10, 0x00, 0x00, 0x6d,
    0x50, 0x07, 0xf9, 0x40, 0x0d, 0xa1, 0x00, 0x00,
    0x3b, 0x90, 0x00, 0x00, 0x00, 0x00, 0x00, 0x00,

    /* U+5185 "内" */
    0x00, 0x00, 0x00, 0x00, 0x00, 0x00, 0x00, 0xa6,
    0x00, 0x00, 0x00, 0x00, 0xa4, 0x00, 0x00, 0xcc,
    0xcc, 0xed, 0xcc, 0xcb, 0xe1, 0x00, 0xc2, 0x00,
    0x3c, 0xe1, 0x00, 0xf2, 0x00, 0x3c, 0xe1, 0x07,
    0xcd, 0x50, 0x3c, 0xe1, 0x4e, 0x12, 0xd9, 0x3c,
    0xe4, 0xe4, 0x00, 0x19, 0x4c, 0xe1, 0x00, 0x00,
    0x00, 0x3c, 0xe1, 0x00, 0x00, 0x00, 0x4c, 0xe1,
    0x00, 0x00, 0x0b, 0xe7, 0x00, 0x00, 0x00, 0x00,
    0x00,

    /* U+51FA "出" */
    0x00, 0x00, 0xe0, 0x00, 0x00, 0x46, 0x00, 0xe0,
    0x00, 0xa0, 0x67, 0x00, 0xe0, 0x00, 0xe0, 0x67,
    0x00, 0xe0, 0x00, 0xe0, 0x6d, 0xcc, 0xfc, 0xcc,
    0xe0, 0x00, 0x00, 0xe0, 0x00, 0x00, 0xc0, 0x00,
    0xe0, 0x00, 0x84, 0xe0, 0x00, 0xe0, 0x00, 0x95,
    0xe0, 0x00, 0xe0, 0x00, 0x95, 0xea, 0xaa, 0xfa,
    0xaa, 0xd5, 0x22, 0x22, 0x22, 0x22, 0xa5,

    /* U+51FB "击" */
    0x00, 0x00, 0x0b, 0x30, 0x00, 0x00, 0x00, 0x00,
    0x0b, 0x30, 0x00, 0x00, 0x08, 0xdc, 0xce, 0xdc,
    0xcd, 0x10, 0x00, 0x00, 0x0b, 0x30, 0x00, 0x00,
    0x00, 0x00, 0x0b, 0x30, 0x00, 0x00, 0x9c, 0xcc,
    0xce, 0xcc, 0xcc, 0xc4, 0x00, 0x40, 0x0b, 0x30,
    0x05, 0x00, 0x00, 0xf0, 0x0b, 0x30, 0x0f, 0x00,
    0x00, 0xf0, 0x0b, 0x30, 0x0f, 0x00, 0x00, 0xf9,
    0x9d, 0xa9, 0x9f, 0x00, 0x00, 0x22, 0x22, 0x22,
    0x2f, 0x00,

    /* U+5206 "分" */
    0x00, 0x00, 0x20, 0x24, 0x00, 0x00, 0x00, 0x04,
    0xd0, 0x2d, 0x00, 0x00, 0x00, 0x0c, 0x40, 0x09,
    0x90, 0x00, 0x00, 0x7b, 0x00, 0x00, 0xd8, 0x00,
    0x04, 0xe2, 0x00, 0x00, 0x1d, 0xc2, 0x0d, 0x6e,
    0xff, 0xee, 0xf6, 0x92, 0x00, 0x00, 0x86, 0x00,
    0xb3, 0x00, 0x00, 0x00, 0xc3, 0x00, 0xd2, 0x00,
    0x00, 0x04, 0xc0, 0x00, 0xe0, 0x00, 0x00, 0x4e,
    0x30, 0x03, 0xe0, 0x00, 0x09, 0xd3, 0x00, 0x7d,
    0x50, 0x00, 0x00, 0x00, 0x00, 0x00, 0x00, 0x00,

    /* U+524D "前" */
    0x00, 0x03, 0x90, 0x00, 0xa3, 0x00, 0x00, 0x00,
    0xb1, 0x03, 0xc0, 0x00, 0x4d, 0xcc, 0xcc, 0xcc,
    0xcc, 0xca, 0x00, 0x22, 0x22, 0x00, 0x02, 0x30,
    0x03, 0xd8, 0x8e, 0x28, 0x35, 0x90, 0x03, 0xc3,
    0x3c, 0x2a, 0x35, 0x90, 0x03, 0xd8, 0x8e, 0x2a,
    0x35, 0x90, 0x03, 0xc5, 0x5d, 0x2a, 0x35, 0x90,
    0x03, 0xd6, 0x6d, 0x2a, 0x35, 0x90, 0x03, 0xb0,
    0x0c, 0x20, 0x05, 0x90, 0x04, 0xb0, 0x9b, 0x00,
    0x5d, 0x50,

    /* U+5269 "剩" */
    0x01, 0x23, 0x69, 0x50, 0x00, 0xd0, 0x7c, 0xcc,
    0x63, 0x00, 0x0c, 0x05, 0x47, 0xa4, 0x51, 0xe0,
    0xc1, 0x67, 0x8b, 0x77, 0x2d, 0x0c, 0x03, 0xe4,
    0x8c, 0x63, 0xd0, 0xc1, 0x7f, 0x38, 0xc7, 0x0d,
    0x0c, 0x4b, 0xf4, 0x9b, 0xa8, 0xd0, 0xc3, 0x24,
    0xdf, 0x73, 0x0d, 0x0c, 0x00, 0xba, 0x9c, 0x60,
    0x00, 0xc1, 0xd7, 0x38, 0x0b, 0x00, 0x1d, 0x03,
    0x04, 0x80, 0x00, 0x2e, 0x80, 0x00, 0x00, 0x00,
    0x00, 0x00,

    /* U+529F "功" */
    0x00, 0x00, 0x00, 0x07, 0x20, 0x00, 0x02, 0x11,
    0x10, 0x0b, 0x30, 0x00, 0x0a, 0xce, 0xb3, 0x0b,
    0x30, 0x00, 0x00, 0x3b, 0x07, 0xdf, 0xdc, 0xe3,
    0x00, 0x3b, 0x00, 0x0b, 0x20, 0xb2, 0x00, 0x3b,
    0x00, 0x0d, 0x00, 0xc1, 0x00, 0x3b, 0x00, 0x0e,
    0x00, 0xd0, 0x00, 0x3c, 0x76, 0x5a, 0x00, 0xe0,
    0x0c, 0xea, 0x62, 0xd3, 0x00, 0xe0, 0x03, 0x00,
    0x09, 0x90, 0x25, 0xc0, 0x00, 0x00, 0x8b, 0x00,
    0x8b, 0x30, 0x00, 0x00, 0x00, 0x00, 0x00, 0x00,

    /* U+52A0 "加" */
    0x00, 0x03, 0x00, 0x00, 0x00, 0x00, 0x01, 0xe0,
    0x00, 0x00, 0x00, 0x00, 0x1d, 0x00, 0x09, 0x99,
    0x70, 0xcd, 0xfc, 0xf4, 0xe4, 0x4d, 0x00, 0x3b,
    0x0b, 0x3d, 0x00, 0xd0, 0x05, 0x90, 0xc2, 0xd0,
    0x0d, 0x00, 0x77, 0x0d, 0x1d, 0x00, 0xd0, 0x0b,
    0x30, 0xd0, 0xd0, 0x0d, 0x01, 0xe0, 0x0d, 0x0d,
    0x22, 0xd0, 0xa8, 0x03, 0xd0, 0xfc, 0xcd, 0x2e,
    0x13, 0xd6, 0x1d, 0x00, 0x90, 0x00, 0x00, 0x00,
    0x00, 0x00,

    /* U+52A8 "动" */
    0x00, 0x00, 0x00, 0x01, 0x40, 0x00, 0x01, 0x11,
    0x11, 0x03, 0xb0, 0x00, 0x09, 0xbb, 0xb6, 0x03,
    0xb0, 0x00, 0x00, 0x00, 0x02, 0xab, 0xea, 0xd2,
    0x6c, 0xcc, 0xcc, 0x03, 0xa0, 0xc1, 0x00, 0xa5,
    0x00, 0x04, 0x90, 0xd0, 0x00, 0xd0, 0x92, 0x07,
    0x60, 0xe0, 0x07, 0x70, 0x6a, 0x0a, 0x20, 0xe0,
    0x1f, 0xdc, 0xbe, 0x4c, 0x00, 0xe0, 0x03, 0x00,
    0x02, 0xc4, 0x03, 0xd0, 0x00, 0x00, 0x09, 0x70,
    0x6c, 0x50, 0x00, 0x00, 0x00, 0x00, 0x00, 0x00,

    /* U+5341 "十" */
    0x00, 0x00, 0x0c, 0x50, 0x00, 0x00, 0x00, 0x00,
    0x0b, 0x40, 0x00, 0x00, 0x00, 0x00, 0x0b, 0x40,
    0x00, 0x00, 0x00, 0x00, 0x0b, 0x40, 0x00, 0x00,
    0x23, 0x22, 0x2c, 0x62, 0x22, 0x30, 0x6a, 0xaa,
    0xae, 0xca, 0xaa, 0xb2, 0x00, 0x00, 0x0b, 0x40,
    0x00, 0x00, 0x00, 0x00, 0x0b, 0x40, 0x00, 0x00,
    0x00, 0x00, 0x0b, 0x40, 0x00, 0x00, 0x00, 0x00,
    0x0b, 0x40, 0x00, 0x00, 0x00, 0x00, 0x0c, 0x50,
    0x00, 0x00,

    /* U+5355 "单" */
    0x00, 0x08, 0x20, 0x0a, 0x50, 0x00, 0x00, 0x03,
    0xa0, 0x2e, 0x10, 0x00, 0x00, 0xbc, 0xcc, 0xee,
    0xcb, 0x00, 0x00, 0xd0, 0x0b, 0x20, 0x0e, 0x00,
    0x00, 0xdc, 0xce, 0xcc, 0xce, 0x00, 0x00, 0xd0,
    0x0b, 0x20, 0x0e, 0x00, 0x00, 0xdc, 0xce, 0xcc,
    0xce, 0x00, 0x00, 0x00, 0x0b, 0x20, 0x00, 0x00,
    0x6d, 0xdd, 0xdf, 0xdd, 0xdd, 0xe0, 0x00, 0x00,
    0x0b, 0x20, 0x00, 0x00, 0x00, 0x00, 0x0c, 0x20,
    0x00, 0x00,

    /* U+5382 "厂" */
    0x02, 0xee, 0xee, 0xee, 0xee, 0xe4, 0x01, 0xd0,
    0x00, 0x00, 0x00, 0x00, 0x01, 0xe0, 0x00, 0x00,
    0x00, 0x00, 0x01, 0xe0, 0x00, 0x00, 0x00, 0x00,
    0x01, 0xe0, 0x00, 0x00, 0x00, 0x00, 0x01, 0xd0,
    0x00, 0x00, 0x00, 0x00, 0x04, 0xb0, 0x00, 0x00,
    0x00, 0x00, 0x08, 0x80, 0x00, 0x00, 0x00, 0x00,
    0x0e, 0x40, 0x00, 0x00, 0x00, 0x00, 0x5d, 0x00,
    0x00, 0x00, 0x00, 0x00, 0x01, 0x00, 0x00, 0x00,
    0x00, 0x00,

    /* U+53D6 "取" */
    0x00, 0x00, 0x00, 0x00, 0x00, 0x00, 0x0b, 0xfb,
    0xbf, 0x8c, 0xcc, 0xc1, 0x00, 0xc0, 0x0d, 0x0b,
    0x20, 0xd0, 0x00, 0xeb, 0xbe, 0x0a, 0x30, 0xe0,
    0x00, 0xc0, 0x0d, 0x08, 0x42, 0xb0, 0x00, 0xc0,
    0x0d, 0x05, 0x76, 0x80, 0x00, 0xfc, 0xce, 0x01,
    0xcc, 0x20, 0x00, 0xc0, 0x0d, 0x40, 0xbb, 0x00,
    0x04, 0xe9, 0xae, 0x72, 0xdd, 0x20, 0x0a, 0x62,
    0x0d, 0x3d, 0x43, 0xe6, 0x00, 0x00, 0x0e, 0x34,
    0x00, 0x24,

    /* U+53D8 "变" */
    0x00, 0x00, 0x07, 0x20, 0x00, 0x00, 0x03, 0x22,
    0x2a, 0xa2, 0x22, 0x31, 0x3a, 0xaa, 0xfa, 0xaf,
    0xaa, 0xa3, 0x00, 0xb1, 0xd1, 0x1e, 0x28, 0x00,
    0x09, 0xa0, 0xd1, 0x1e, 0x1c, 0x90, 0x1a, 0x00,
    0xe1, 0x1e, 0x01, 0xa1, 0x02, 0xcc, 0xec, 0xce,
    0xc7, 0x00, 0x00, 0x08, 0x80, 0x05, 0xd1, 0x00,
    0x00, 0x00, 0x9a, 0x7d, 0x10, 0x00, 0x00, 0x02,
    0x7e, 0xe9, 0x41, 0x00, 0x1c, 0xeb, 0x60, 0x05,
    0xae, 0xf1, 0x01, 0x00, 0x00, 0x00, 0x00, 0x00,

    /* U+53F7 "号" */
    0x00, 0x2f, 0xcc, 0xcc, 0xd9, 0x00, 0x00, 0x1c,
    0x00, 0x00, 0x49, 0x00, 0x00, 0x2f, 0xcc, 0xcc,
    0xda, 0x00, 0x00, 0x00, 0x00, 0x00, 0x00, 0x00,
    0x1d, 0xcc, 0xec, 0xcc, 0xcc, 0xc6, 0x00, 0x05,
    0x90, 0x00, 0x00, 0x00, 0x00, 0x0a, 0xec, 0xcc,
    0xca, 0x00, 0x00, 0x00, 0x00, 0x00, 0x4b, 0x00,
    0x00, 0x00, 0x00, 0x00, 0x98, 0x00, 0x00, 0x00,
    0x00, 0xef, 0xc2, 0x00, 0x00, 0x00, 0x00, 0x00,
    0x00, 0x00,

    /* U+540E "后" */
    0x00, 0x00, 0x00, 0x13, 0x67, 0x00, 0x00, 0xcc,
    0xcd, 0xba, 0x86, 0x00, 0x00, 0xf0, 0x00, 0x00,
    0x00, 0x00, 0x00, 0xf1, 0x11, 0x11, 0x11, 0x20,
    0x00, 0xfb, 0xbb, 0xbb, 0xbb, 0xc2, 0x01, 0xe0,
    0x00, 0x00, 0x00, 0x00, 0x03, 0xc3, 0xec, 0xcc,
    0xcf, 0x00, 0x05, 0x93, 0xa0, 0x00, 0x0e, 0x00,
    0x0a, 0x63, 0xa0, 0x00, 0x0e, 0x00, 0x3f, 0x13,
    0xec, 0xcc, 0xcf, 0x00, 0x14, 0x03, 0xa0, 0x00,
    0x0e, 0x00, 0x00, 0x00, 0x10, 0x00, 0x00, 0x00,

    /* U+542F "启" */
    0x00, 0x00, 0x04, 0x40, 0x00, 0x00, 0x00, 0x11,
    0x5e, 0x11, 0x10, 0x00, 0xca, 0xaa, 0xaa, 0xaf,
    0x00, 0x0c, 0x00, 0x00, 0x00, 0xf0, 0x00, 0xcc,
    0xcc, 0xcc, 0xcf, 0x00, 0x0d, 0x00, 0x00, 0x00,
    0x00, 0x00, 0xd7, 0xbb, 0xbb, 0xbb, 0x20, 0x3b,
    0xa6, 0x11, 0x11, 0xd2, 0x09, 0x6a, 0x50, 0x00,
    0x0d, 0x22, 0xe1, 0xad, 0xcc, 0xcc, 0xf2, 0x37,
    0x0a, 0x50, 0x00, 0x0d, 0x30,

    /* U+56DB "四" */
    0xdc, 0xcd, 0xcd, 0xcc, 0xcc, 0xe1, 0x0a, 0x3b,
    0x20, 0x1e, 0xd1, 0x0c, 0x2b, 0x20, 0x1d, 0xd1,
    0x0e, 0x0b, 0x20, 0x1d, 0xd1, 0x69, 0x0b, 0x20,
    0x1d, 0xd5, 0xe1, 0x08, 0xed, 0x5d, 0xd3, 0x30,
    0x00, 0x00, 0x1d, 0xd1, 0x00, 0x00, 0x00, 0x1d,
    0xed, 0xcc, 0xcc, 0xcc, 0xde, 0xe1, 0x00, 0x00,
    0x00, 0x1e, 0x10, 0x00, 0x00, 0x00, 0x00,

    /* U+56DE "回" */
    0xec, 0xcc, 0xcc, 0xcc, 0xf2, 0xd0, 0x00, 0x00,
    0x00, 0xc2, 0xd0, 0x2c, 0xcc, 0xb0, 0xc2, 0xd0,
    0x2b, 0x00, 0xe0, 0xc2, 0xd0, 0x2b, 0x00, 0xe0,
    0xc2, 0xd0, 0x2e, 0xaa, 0xe0, 0xc2, 0xd0, 0x02,
    0x22, 0x20, 0xc2, 0xd0, 0x00, 0x00, 0x00, 0xc2,
    0xdc, 0xcc, 0xcc, 0xcc, 0xf2, 0xb0, 0x00, 0x00,
    0x00, 0x92,

    /* U+590D "复" */
    0x00, 0x04, 0x70, 0x00, 0x00, 0x00, 0x00, 0x1e,
    0xcb, 0xbb, 0xbb, 0xc0, 0x02, 0xc9, 0x55, 0x55,
    0x55, 0x00, 0x0c, 0x4e, 0x77, 0x77, 0x7e, 0x00,
    0x00, 0x0f, 0xbb, 0xbb, 0xbe, 0x00, 0x00, 0x0e,
    0x55, 0x55, 0x5e, 0x00, 0x00, 0x06, 0xe6, 0x55,
    0x55, 0x00, 0x00, 0x0b, 0xdb, 0xbb, 0xe7, 0x00,
    0x01, 0xc6, 0xb7, 0x06, 0xa0, 0x00, 0x00, 0x20,
    0x0b, 0xed, 0x10, 0x00, 0x07, 0xbc, 0xb7, 0x37,
    0xbd, 0xd6, 0x01, 0x20, 0x00, 0x00, 0x00, 0x10,

    /* U+5931 "失" */
    0x00, 0x00, 0x04, 0x30, 0x00, 0x00, 0x00, 0x36,
    0x07, 0x70, 0x00, 0x00, 0x00, 0x96, 0x07, 0x60,
    0x00, 0x00, 0x01, 0xec, 0xce, 0xec, 0xcd, 0x20,
    0x0a, 0x60, 0x08, 0x60, 0x00, 0x00, 0x05, 0x00,
    0x09, 0x50, 0x00, 0x00, 0x2d, 0xcc, 0xcf, 0xfc,
    0xcc, 0xd0, 0x00, 0x00, 0x2d, 0xd3, 0x00, 0x00,
    0x00, 0x01, 0xd4, 0x3d, 0x40, 0x00, 0x00, 0x4d,
    0x60, 0x03, 0xeb, 0x40, 0x0c, 0xc3, 0x00, 0x00,
    0x07, 0xd0, 0x02, 0x00, 0x00, 0x00, 0x00, 0x00,

    /* U+5B58 "存" */
    0x00, 0x00, 0x08, 0x10, 0x00, 0x00, 0x00, 0x00,
    0x5b, 0x00, 0x00, 0x00, 0x09, 0xdc, 0xfd, 0xcc,
    0xcc, 0xc0, 0x00, 0x05, 0xb0, 0x00, 0x00, 0x00,
    0x00, 0x5e, 0x1d, 0xcc, 0xce, 0x80, 0x01, 0xd8,
    0x00, 0x01, 0xaa, 0x10, 0x1c, 0xb8, 0x00, 0x08,
    0x80, 0x00, 0x05, 0x48, 0xac, 0xce, 0xec, 0xd4,
    0x00, 0x48, 0x00, 0x07, 0x60, 0x00, 0x00, 0x48,
    0x00, 0x08, 0x60, 0x00, 0x00, 0x59, 0x00, 0x9d,
    0x20, 0x00,

    /* U+5B9E "实" */
    0x00, 0x00, 0x06, 0x20, 0x00, 0x00, 0x00, 0x00,
    0x09, 0x80, 0x00, 0x00, 0x0b, 0xdc, 0xcc, 0xcc,
    0xcd, 0xc0, 0x0b, 0x42, 0x00, 0x45, 0x04, 0xc0,
    0x01, 0x06, 0xd5, 0x69, 0x00, 0x00, 0x01, 0xc5,
    0x14, 0x77, 0x00, 0x00, 0x00, 0x1a, 0x20, 0x94,
    0x00, 0x00, 0x2d, 0xcc, 0xcc, 0xfd, 0xcc, 0xd2,
    0x00, 0x00, 0x08, 0x95, 0x10, 0x00, 0x00, 0x04,
    0xca, 0x08, 0xe7, 0x00, 0x08, 0xeb, 0x40, 0x00,
    0x1a, 0xc0, 0x01, 0x00, 0x00, 0x00, 0x00, 0x00,

    /* U+5C0F "小" */
    0x00, 0x00, 0x3c, 0x00, 0x00, 0x00, 0x00, 0x03,
    0xb0, 0x00, 0x00, 0x00, 0x00, 0x3b, 0x00, 0x00,
    0x00, 0x1d, 0x03, 0xb0, 0xa4, 0x00, 0x06, 0xa0,
    0x3b, 0x04, 0xd0, 0x00, 0xc4, 0x03, 0xb0, 0x0c,
    0x50, 0x3e, 0x00, 0x3b, 0x00, 0x4d, 0x09, 0x80,
    0x03, 0xb0, 0x00, 0xb1, 0x00, 0x00, 0x3b, 0x00,
    0x00, 0x00, 0x00, 0x38, 0xb0, 0x00, 0x00, 0x00,
    0x05, 0xa3, 0x00, 0x00, 0x00,

    /* U+5DF2 "已" */
    0x8e, 0xdd, 0xdd, 0xdd, 0xe1, 0x00, 0x00, 0x00,
    0x00, 0x0e, 0x10, 0x04, 0x00, 0x00, 0x00, 0xe1,
    0x01, 0xf0, 0x00, 0x00, 0x0e, 0x10, 0x1f, 0xcc,
    0xcc, 0xcc, 0xf1, 0x01, 0xe0, 0x00, 0x00, 0x05,
    0x00, 0x1e, 0x00, 0x00, 0x00, 0x00, 0x01, 0xe0,
    0x00, 0x00, 0x00, 0x82, 0x1f, 0x10, 0x00, 0x00,
    0x1f, 0x30, 0xbe, 0xee, 0xee, 0xee, 0x90,

    /* U+5E38 "常" */
    0x00, 0x44, 0x03, 0xb0, 0x73, 0x00, 0x00, 0x3e,
    0x03, 0xb0, 0xd1, 0x00, 0x0b, 0xbd, 0xbc, 0xec,
    0xeb, 0xb0, 0x0e, 0x11, 0x11, 0x11, 0x11, 0xe0,
    0x0a, 0x4e, 0xcc, 0xcc, 0xe2, 0x90, 0x00, 0x4b,
    0x44, 0x44, 0xc2, 0x00, 0x00, 0x26, 0x68, 0xd6,
    0x61, 0x00, 0x03, 0xcc, 0xcc, 0xec, 0xcc, 0x30,
    0x04, 0xb0, 0x03, 0xb0, 0x0b, 0x40, 0x04, 0xb0,
    0x03, 0xb1, 0x6d, 0x30, 0x01, 0x30, 0x03, 0xb0,
    0x84, 0x00,

    /* U+5E94 "应" */
    0x00, 0x00, 0x02, 0x60, 0x00, 0x00, 0x00, 0x00,
    0x01, 0xf1, 0x00, 0x10, 0x02, 0xeb, 0xbb, 0xbb,
    0xbb, 0xb0, 0x02, 0xc0, 0x00, 0x00, 0x00, 0x00,
    0x02, 0xc0, 0x05, 0x80, 0x0a, 0x50, 0x02, 0xb9,
    0x40, 0xd1, 0x0e, 0x10, 0x03, 0xa2, 0xd0, 0x78,
    0x4a, 0x00, 0x05, 0x80, 0xa6, 0x13, 0xa4, 0x00,
    0x08, 0x60, 0x25, 0x01, 0xd0, 0x00, 0x0d, 0x33,
    0x33, 0x38, 0x93, 0x30, 0x3d, 0x3b, 0xbb, 0xbb,
    0xbb, 0xb1, 0x02, 0x00, 0x00, 0x00, 0x00, 0x00,

    /* U+5F00 "开" */
    0x00, 0x00, 0x00, 0x00, 0x00, 0x00, 0x07, 0xed,
    0xfd, 0xdf, 0xed, 0x70, 0x00, 0x00, 0xe1, 0x0c,
    0x30, 0x00, 0x00, 0x00, 0xe1, 0x0c, 0x30, 0x00,
    0x00, 0x00, 0xe1, 0x0c, 0x30, 0x00, 0x5e, 0xdc,
    0xfd, 0xcf, 0xdd, 0xe1, 0x00, 0x00, 0xf0, 0x0c,
    0x30, 0x00, 0x00, 0x05, 0xb0, 0x0c, 0x30, 0x00,
    0x00, 0x0d, 0x50, 0x0c, 0x30, 0x00, 0x01, 0xca,
    0x00, 0x0c, 0x30, 0x00, 0x08, 0x90, 0x00, 0x0c,
    0x40, 0x00,

    /* U+5F02 "异" */
    0x00, 0xeb, 0xbb, 0xbb, 0xbd, 0x00, 0x00, 0xdb,
    0xaa, 0xaa, 0xbc, 0x00, 0x00, 0xd1, 0x00, 0x01,
    0x11, 0x30, 0x00, 0xd4, 0x11, 0x11, 0x12, 0xe0,
    0x00, 0x6a, 0xaa, 0xaa, 0xba, 0x50, 0x00, 0x00,
    0xf0, 0x02, 0xd0, 0x00, 0x1d, 0xcc, 0xfc, 0xcd,
    0xfc, 0xd7, 0x00, 0x05, 0x90, 0x02, 0xc0, 0x00,
    0x00, 0x5d, 0x20, 0x02, 0xc0, 0x00, 0x0a, 0xa2,
    0x00, 0x02, 0xd0, 0x00, 0x00, 0x00, 0x00, 0x00,
    0x00, 0x00,

    /* U+5F03 "弃" */
    0x00, 0x00, 0x04, 0x30, 0x00, 0x00, 0x01, 0x11,
    0x18, 0x91, 0x11, 0x10, 0x2b, 0xaa, 0xdd, 0xaa,
    0xaa, 0xb1, 0x00, 0x04, 0xc1, 0x05, 0x80, 0x00,
    0x00, 0x9f, 0xaa, 0xaa, 0xd9, 0x00, 0x00, 0x34,
    0x60, 0x02, 0x34, 0x00, 0x00, 0x02, 0xd0, 0x06,
    0x80, 0x00, 0x5d, 0xcd, 0xec, 0xce, 0xec, 0xd4,
    0x00, 0x06, 0x80, 0x06, 0x70, 0x00, 0x00, 0x2d,
    0x20, 0x06, 0x70, 0x00, 0x05, 0xd3, 0x00, 0x07,
    0x80, 0x00, 0x00, 0x00, 0x00, 0x00, 0x00, 0x00,

    /* U+5F31 "弱" */
    0x00, 0x00, 0x00, 0x00, 0x00, 0x00, 0x9b, 0xbf,
    0x1b, 0xbb, 0xbc, 0x00, 0x00, 0xc0, 0x00, 0x01,
    0xb0, 0xac, 0xcc, 0x0c, 0xcc, 0xc9, 0x0b, 0x10,
    0x00, 0xd0, 0x00, 0x00, 0x8b, 0xbf, 0x1a, 0xbb,
    0xbd, 0x04, 0x70, 0xc0, 0x68, 0x01, 0xc0, 0x08,
    0x3e, 0x00, 0x94, 0x8b, 0x06, 0xc9, 0xd2, 0xad,
    0x95, 0xb1, 0x91, 0x0d, 0x05, 0x00, 0x2a, 0x00,
    0x0d, 0xa0, 0x00, 0x8e, 0x60, 0x00, 0x10, 0x00,
    0x01, 0x00,

    /* U+5F3A "强" */
    0x00, 0x00, 0x00, 0x00, 0x00, 0x00, 0x2b, 0xbe,
    0x48, 0xcb, 0xbe, 0x10, 0x00, 0x0a, 0x48, 0x63,
    0x3c, 0x10, 0x0a, 0x9c, 0x33, 0x6e, 0x66, 0x00,
    0x0e, 0x00, 0x09, 0x9e, 0x99, 0x50, 0x0f, 0x55,
    0x0d, 0x1d, 0x16, 0x80, 0x07, 0x7e, 0x0d, 0x0d,
    0x06, 0x80, 0x00, 0x0d, 0x0e, 0xbf, 0xbb, 0x60,
    0x00, 0x0d, 0x00, 0x0d, 0x07, 0x50, 0x02, 0x6c,
    0x26, 0x8e, 0xba, 0xd0, 0x08, 0xa3, 0x29, 0x51,
    0x00, 0x61,

    /* U+5F53 "当" */
    0x01, 0x00, 0x3d, 0x00, 0x03, 0x00, 0xb8, 0x02,
    0xd0, 0x08, 0xc0, 0x02, 0xf3, 0x2d, 0x05, 0xe2,
    0x00, 0x05, 0x12, 0xd0, 0x44, 0x00, 0x4b, 0xbb,
    0xbf, 0xbb, 0xba, 0x00, 0x11, 0x11, 0x11, 0x12,
    0xe0, 0x00, 0x00, 0x00, 0x00, 0x1e, 0x00, 0xcd,
    0xdd, 0xdd, 0xdd, 0xe0, 0x00, 0x00, 0x00, 0x00,
    0x1e, 0x04, 0xcc, 0xcc, 0xcc, 0xcc, 0xe0, 0x00,
    0x00, 0x00, 0x00, 0x1e, 0x00,

    /* U+5F97 "得" */
    0x00, 0x02, 0x00, 0x00, 0x00, 0x00, 0x00, 0x9b,
    0x0f, 0xbb, 0xbd, 0x70, 0x09, 0xc1, 0x0e, 0xbb,
    0xbd, 0x70, 0x08, 0x2c, 0x1d, 0x00, 0x06, 0x70,
    0x00, 0xaa, 0x0b, 0xcc, 0xcc, 0x50, 0x09, 0xf0,
    0x58, 0x88, 0x88, 0x80, 0x4c, 0xe0, 0x12, 0x22,
    0x2d, 0x20, 0x00, 0xd3, 0xcc, 0xcc, 0xcf, 0xc5,
    0x00, 0xd0, 0x0b, 0x00, 0x0d, 0x00, 0x00, 0xd0,
    0x09, 0x60, 0x1d, 0x00, 0x00, 0xe0, 0x00, 0x05,
    0xf7, 0x00, 0x00, 0x00, 0x00, 0x00, 0x00, 0x00,

    /* U+5FAE "微" */
    0x00, 0x00, 0x00, 0x00, 0x00, 0x00, 0x00, 0xa2,
    0x0c, 0x00, 0x67, 0x00, 0x04, 0xc2, 0x6b, 0x24,
    0x94, 0x00, 0x0d, 0x23, 0x9b, 0x37, 0xc5, 0x32,
    0x00, 0x6a, 0xcd, 0xa8, 0xd7, 0xd4, 0x01, 0xd2,
    0x44, 0x57, 0x91, 0xa0, 0x0b, 0xc2, 0x55, 0x5b,
    0xb2, 0x90, 0x16, 0xc0, 0x99, 0x70, 0xb5, 0x70,
    0x00, 0xc0, 0xc1, 0xa0, 0x8d, 0x20, 0x00, 0xc1,
    0xb1, 0xd9, 0x6e, 0x00, 0x00, 0xc7, 0x72, 0xa6,
    0xc9, 0xa1, 0x00, 0xd2, 0x00, 0x7b, 0x10, 0x85,
    0x00, 0x00, 0x00, 0x00, 0x00, 0x00,

    /* U+5FC3 "心" */
    0x00, 0x00, 0x06, 0x00, 0x00, 0x00, 0x00, 0x00,
    0x0c, 0x70, 0x00, 0x00, 0x00, 0x00, 0x02, 0xf2,
    0x00, 0x00, 0x00, 0x00, 0x30, 0x30, 0x00, 0x00,
    0x05, 0x60, 0xf0, 0x00, 0x1b, 0x00, 0x0a, 0x70,
    0xf0, 0x00, 0x0b, 0x80, 0x0d, 0x40, 0xf0, 0x00,
    0x01, 0xf3, 0x1f, 0x00, 0xf0, 0x00, 0x00, 0x51,
    0x29, 0x00, 0xf0, 0x00, 0x23, 0x00, 0x00, 0x00,
    0xf1, 0x00, 0x7a, 0x00, 0x00, 0x00, 0xcf, 0xff,
    0xf4, 0x00, 0x00, 0x00, 0x00, 0x00, 0x00, 0x00,

    /* U+5FEB "快" */
    0x00, 0x00, 0x00, 0x00, 0x00, 0x00, 0x00, 0xe0,
    0x00, 0x2c, 0x00, 0x00, 0x00, 0xd0, 0x00, 0x2c,
    0x00, 0x00, 0x03, 0xd6, 0x3c, 0xce, 0xbb, 0x00,
    0x2b, 0xd6, 0x90, 0x2b, 0x0d, 0x00, 0x49, 0xd0,
    0xd0, 0x2b, 0x0d, 0x00, 0x77, 0xd0, 0x10, 0x2b,
    0x0d, 0x00, 0x21, 0xd0, 0x7b, 0xcf, 0xcb, 0xb3,
    0x00, 0xd0, 0x00, 0x88, 0x90, 0x00, 0x00, 0xd0,
    0x02, 0xc0, 0x95, 0x00, 0x00, 0xd0, 0x3d, 0x20,
    0x0c, 0x70, 0x00, 0xe2, 0xc3, 0x00, 0x01, 0xb2,

    /* U+6062 "恢" */
    0x00, 0x00, 0x00, 0x20, 0x00, 0x00, 0x00, 0xd0,
    0x00, 0xd0, 0x00, 0x00, 0x00, 0xd0, 0xad, 0xec,
    0xcc, 0xc0, 0x4a, 0xda, 0x48, 0x52, 0x40, 0x00,
    0x67, 0xd4, 0x8c, 0x25, 0xa0, 0x30, 0x94, 0xd0,
    0x3a, 0xd7, 0x86, 0x90, 0x20, 0xd0, 0xc6, 0xc8,
    0x9c, 0x20, 0x00, 0xd7, 0xa1, 0x3d, 0xc2, 0x00,
    0x00, 0xd8, 0x10, 0x79, 0x87, 0x00, 0x00, 0xd0,
    0x08, 0xc0, 0x0d, 0x70, 0x00, 0xe0, 0xc9, 0x00,
    0x01, 0xa1, 0x00, 0x00, 0x00, 0x00, 0x00, 0x00,

    /* U+611F "感" */
    0x00, 0x00, 0x00, 0x32, 0x50, 0x00, 0x00, 0x22,
    0x22, 0x87, 0x77, 0x20, 0x03, 0xda, 0xaa, 0xcc,
    0xaa, 0xa0, 0x03, 0x98, 0x99, 0x4a, 0x0c, 0x00,
    0x03, 0x99, 0x99, 0x1d, 0x78, 0x00, 0x06, 0x7b,
    0x0a, 0x28, 0xf1, 0x00, 0x0a, 0x4d, 0xad, 0x2a,
    0xe5, 0xa3, 0x1c, 0x00, 0x03, 0x77, 0x2b, 0xd0,
    0x02, 0x54, 0x5a, 0x60, 0x04, 0x10, 0x07, 0x76,
    0x71, 0x30, 0x85, 0xc0, 0x08, 0x13, 0xdc, 0xcd,
    0xa0, 0x71,

    /* U+6210 "成" */
    0x00, 0x00, 0x00, 0x00, 0x00, 0x00, 0x00, 0x00,
    0x00, 0x4a, 0x48, 0x00, 0x00, 0x00, 0x00, 0x3a,
    0x0a, 0x40, 0x02, 0xbb, 0xbb, 0xce, 0xbb, 0xc0,
    0x03, 0xb1, 0x11, 0x2c, 0x11, 0x10, 0x03, 0xb0,
    0x00, 0x0d, 0x08, 0x50, 0x03, 0xfd, 0xde, 0x0d,
    0x0d, 0x20, 0x04, 0xa0, 0x0d, 0x0b, 0x7a, 0x00,
    0x05, 0x90, 0x1c, 0x07, 0xf2, 0x00, 0x08, 0x70,
    0x5a, 0x0a, 0xd0, 0x31, 0x0d, 0x39, 0xd5, 0xa9,
    0x88, 0x96, 0x4c, 0x00, 0x1d, 0x70, 0x0c, 0xf2,
    0x00, 0x00, 0x01, 0x00, 0x00, 0x10,

    /* U+62CD "拍" */
    0x00, 0x00, 0x00, 0x00, 0x00, 0x00, 0x00, 0x2d,
    0x00, 0x04, 0xa0, 0x00, 0x00, 0x1c, 0x00, 0x06,
    0x60, 0x00, 0x00, 0x1c, 0x00, 0xee, 0xee, 0xe0,
    0x0b, 0xcf, 0xc4, 0xd0, 0x00, 0xd0, 0x00, 0x1c,
    0x00, 0xd0, 0x00, 0xd0, 0x00, 0x2e, 0xb0, 0xea,
    0xaa, 0xf0, 0x2b, 0xed, 0x00, 0xd1, 0x11, 0xd0,
    0x05, 0x1c, 0x00, 0xd0, 0x00, 0xd0, 0x00, 0x1c,
    0x00, 0xd0, 0x00, 0xd0, 0x00, 0x1c, 0x00, 0xfc,
    0xcc, 0xf0, 0x02, 0xd9, 0x00, 0xe0, 0x00, 0xd0,
    0x00, 0x00, 0x00, 0x00, 0x00, 0x00,

    /* U+62E9 "择" */
    0x00, 0xe1, 0x00, 0x00, 0x00, 0x00, 0x00, 0xe0,
    0x0d, 0xec, 0xcf, 0x40, 0x4c, 0xfc, 0x50, 0xc3,
    0x88, 0x00, 0x00, 0xe1, 0x00, 0x6f, 0xc1, 0x00,
    0x00, 0xe3, 0x5d, 0xb4, 0x7e, 0xd3, 0x05, 0xfc,
    0x12, 0x0e, 0x20, 0x30, 0x6b, 0xe0, 0x2c, 0xcf,
    0xcc, 0x40, 0x00, 0xe0, 0x00, 0x0d, 0x10, 0x00,
    0x00, 0xe2, 0xcc, 0xcf, 0xcc, 0xd3, 0x07, 0xe0,
    0x00, 0x0d, 0x10, 0x00, 0x08, 0x50, 0x00, 0x0d,
    0x20, 0x00,

    /* U+6309 "按" */
    0x00, 0x00, 0x00, 0x01, 0x00, 0x00, 0x00, 0xd0,
    0x00, 0x4b, 0x00, 0x00, 0x00, 0xd0, 0x00, 0x0b,
    0x10, 0x00, 0x00, 0xd0, 0x6e, 0xee, 0xee, 0xa0,
    0x6b, 0xfb, 0x76, 0x14, 0x02, 0xb0, 0x00, 0xd0,
    0x21, 0x78, 0x00, 0x20, 0x00, 0xd9, 0x9b, 0xeb,
    0xbb, 0xb0, 0x4c, 0xf3, 0x06, 0x80, 0x59, 0x00,
    0x22, 0xd0, 0x0e, 0x30, 0xc3, 0x00, 0x00, 0xd0,
    0x03, 0xac, 0xa0, 0x00, 0x00, 0xe0, 0x03, 0xba,
    0xca, 0x10, 0x0d, 0xa0, 0xda, 0x30, 0x07, 0xa0,
    0x00, 0x00, 0x00, 0x00, 0x00, 0x00,

    /* U+63A7 "控" */
    0x00, 0x00, 0x00, 0x00, 0x00, 0x00, 0x00, 0xf0,
    0x00, 0x2e, 0x00, 0x00, 0x00, 0xe0, 0x68, 0x8f,
    0x98, 0x80, 0x00, 0xe0, 0xb8, 0x66, 0x66, 0xe1,
    0x4c, 0xfc, 0x82, 0xa0, 0x63, 0x91, 0x00, 0xe0,
    0x0b, 0x80, 0x2d, 0x20, 0x00, 0xe9, 0x69, 0x00,
    0x04, 0x80, 0x4d, 0xf4, 0x4c, 0xcc, 0xcc, 0x50,
    0x23, 0xe0, 0x00, 0x0d, 0x00, 0x00, 0x00, 0xe0,
    0x00, 0x0d, 0x00, 0x00, 0x00, 0xe0, 0x00, 0x0d,
    0x00, 0x00, 0x0b, 0xc0, 0xbc, 0xcc, 0xcc, 0xc3,
    0x02, 0x00, 0x00, 0x00, 0x00, 0x00,

    /* U+64AD "播" */
    0x00, 0xd0, 0x00, 0x13, 0x6a, 0x20, 0x00, 0xc0,
    0x5d, 0xbf, 0x9a, 0x30, 0x25, 0xd5, 0x09, 0x3e,
    0x0d, 0x00, 0x36, 0xd6, 0x9c, 0xcf, 0xcd, 0xb2,
    0x00, 0xc0, 0x03, 0xce, 0xa6, 0x00, 0x01, 0xdd,
    0x4d, 0x2e, 0x2d, 0x80, 0x5d, 0xe5, 0xee, 0xcc,
    0xcd, 0xc1, 0x10, 0xc0, 0x0d, 0x0c, 0x0b, 0x20,
    0x00, 0xc0, 0x0e, 0xcf, 0xce, 0x20, 0x00, 0xc0,
    0x0d, 0x1d, 0x1b, 0x20, 0x09, 0x90, 0x0f, 0xaa,
    0xae, 0x20,

    /* U+6572 "敲" */
    0x00, 0x09, 0x30, 0x00, 0xd0, 0x00, 0x1b, 0xbb,
    0xbb, 0x80, 0xd4, 0x41, 0x01, 0xaa, 0xa8, 0x00,
    0xd6, 0x71, 0x02, 0xb2, 0x2c, 0x00, 0xd0, 0x00,
    0x02, 0xaa, 0xa8, 0x5d, 0xdc, 0x80, 0x09, 0xbb,
    0xbb, 0x4c, 0x05, 0x80, 0x0c, 0x25, 0x57, 0x6a,
    0x28, 0x40, 0x0c, 0x78, 0xd7, 0x65, 0x9e, 0x00,
    0x0c, 0x7b, 0xe7, 0x60, 0xe8, 0x00, 0x0c, 0x00,
    0x19, 0x67, 0xce, 0x50, 0x0d, 0x00, 0x1c, 0x8b,
    0x02, 0xd6, 0x00, 0x00, 0x00, 0x00, 0x00, 0x00,

    /* U+65B0 "新" */
    0x00, 0x09, 0x10, 0x00, 0x14, 0x70, 0x1c, 0xcf,
    0xdc, 0x3e, 0x43, 0x30, 0x03, 0x51, 0x64, 0x0d,
    0x00, 0x00, 0x01, 0xc0, 0xc1, 0x0d, 0x00, 0x00,
    0x4b, 0xca, 0xfb, 0x5e, 0xcf, 0xd4, 0x02, 0x1d,
    0x22, 0x1d, 0x0b, 0x30, 0x2e, 0xdf, 0xde, 0x5c,
    0x0b, 0x30, 0x03, 0x6d, 0x43, 0x1b, 0x0b, 0x30,
    0x0c, 0x5d, 0x4d, 0x68, 0x0b, 0x30, 0x48, 0x1d,
    0x13, 0xb4, 0x0b, 0x30, 0x00, 0xaa, 0x01, 0xc0,
    0x0b, 0x30, 0x00, 0x00, 0x00, 0x00, 0x00, 0x00,

    /* U+65E0 "无" */
    0x00, 0xdd, 0xcd, 0xcc, 0xcc, 0x00, 0x00, 0x00,
    0x0e, 0x00, 0x00, 0x00, 0x00, 0x00, 0x0e, 0x00,
    0x00, 0x00, 0x00, 0x00, 0x0e, 0x00, 0x00, 0x00,
    0x0b, 0xcc, 0xce, 0xdd, 0xcc, 0xc0, 0x00, 0x00,
    0x59, 0x76, 0x00, 0x00, 0x00, 0x00, 0xb4, 0x76,
    0x00, 0x00, 0x00, 0x06, 0xc0, 0x76, 0x00, 0x20,
    0x00, 0x7e, 0x20, 0x68, 0x00, 0xe3, 0x0c, 0xc2,
    0x00, 0x2c, 0xdd, 0xa0, 0x02, 0x00, 0x00, 0x00,
    0x00, 0x00,

    /* U+65F6 "时" */
    0x00, 0x00, 0x00, 0x00, 0x0e, 0x10, 0x0c, 0xcc,
    0xb0, 0x00, 0x0e, 0x10, 0x1e, 0x01, 0xe5, 0x66,
    0x6e, 0x73, 0x0e, 0x01, 0xd5, 0x66, 0x6e, 0x74,
    0x0f, 0xcd, 0xd0, 0x20, 0x0d, 0x10, 0x0e, 0x01,
    0xd0, 0xe2, 0x0d, 0x10, 0x0e, 0x01, 0xd0, 0x79,
    0x0d, 0x10, 0x0f, 0xaa, 0xd0, 0x00, 0x0d, 0x10,
    0x1e, 0x23, 0xe0, 0x00, 0x0d, 0x10, 0x09, 0x00,
    0x00, 0x01, 0x2e, 0x10, 0x00, 0x00, 0x00, 0x01,
    0xc8, 0x00,

    /* U+6682 "暂" */
    0x00, 0x09, 0x00, 0x00, 0x14, 0x30, 0x09, 0xbd,
    0x99, 0x5d, 0x87, 0x40, 0x01, 0xc3, 0x50, 0x4c,
    0x55, 0x50, 0x09, 0xdc, 0xda, 0x6b, 0x8d, 0x70,
    0x03, 0x38, 0xb6, 0x96, 0x2b, 0x00, 0x07, 0x69,
    0x93, 0xc0, 0x2b, 0x00, 0x00, 0x57, 0x77, 0x77,
    0x75, 0x00, 0x00, 0xb7, 0x55, 0x55, 0x6c, 0x00,
    0x00, 0xba, 0x99, 0x99, 0xac, 0x00, 0x00, 0xb3,
    0x00, 0x00, 0x1c, 0x00, 0x00, 0xba, 0x99, 0x99,
    0xad, 0x00,

    /* U+6697 "暗" */
    0x00, 0x00, 0x01, 0x80, 0x00, 0x05, 0x66, 0x00,
    0x0a, 0x30, 0x00, 0xe5, 0xe3, 0xab, 0xaa, 0xba,
    0x0d, 0x0d, 0x03, 0xd0, 0x1e, 0x20, 0xd1, 0xd3,
    0x4c, 0x58, 0xb4, 0x3e, 0xaf, 0x56, 0x66, 0x66,
    0x65, 0xd0, 0xd0, 0xcb, 0xbb, 0xbb, 0x0d, 0x0d,
    0x0c, 0x21, 0x13, 0xb0, 0xea, 0xf0, 0xca, 0x99,
    0xab, 0x0d, 0x0b, 0x0c, 0x10, 0x02, 0xb0, 0x00,
    0x00, 0xcb, 0xaa, 0xbb, 0x00,

    /* U+672C "本" */
    0x00, 0x00, 0x04, 0xb0, 0x00, 0x00, 0x00, 0x00,
    0x04, 0xb0, 0x00, 0x00, 0x01, 0x22, 0x25, 0xb2,
    0x22, 0x20, 0x07, 0xaa, 0xbf, 0xfd, 0xaa, 0xb2,
    0x00, 0x00, 0x6c, 0xcc, 0x00, 0x00, 0x00, 0x00,
    0xd5, 0xba, 0x40, 0x00, 0x00, 0x09, 0x74, 0xb2,
    0xe1, 0x00, 0x00, 0x7b, 0x04, 0xb0, 0x5d, 0x20,
    0x0a, 0xc6, 0xdd, 0xed, 0xb5, 0xe4, 0x05, 0x00,
    0x04, 0xb0, 0x00, 0x20, 0x00, 0x00, 0x04, 0xb0,
    0x00, 0x00,

    /* U+673A "机" */
    0x00, 0xd3, 0x00, 0x00, 0x00, 0x00, 0x00, 0xc2,
    0x01, 0xec, 0xe1, 0x00, 0x00, 0xc2, 0x01, 0xc0,
    0xd1, 0x00, 0x6c, 0xfc, 0xc1, 0xc0, 0xd1, 0x00,
    0x02, 0xf2, 0x01, 0xc0, 0xd1, 0x00, 0x07, 0xfa,
    0x32, 0xb0, 0xd1, 0x00, 0x0d, 0xd6, 0xd3, 0xa0,
    0xd1, 0x00, 0x7a, 0xc2, 0x15, 0x80, 0xd1, 0x00,
    0x61, 0xc2, 0x09, 0x50, 0xd1, 0x00, 0x00, 0xc2,
    0x2d, 0x00, 0xd1, 0xb0, 0x00, 0xd3, 0xb4, 0x00,
    0xad, 0xc0, 0x00, 0x00, 0x00, 0x00, 0x00, 0x00,

    /* U+6837 "样" */
    0x00, 0x00, 0x00, 0x00, 0x00, 0x00, 0x0c, 0x20,
    0x58, 0x09, 0x60, 0x00, 0xb2, 0x01, 0xb0, 0xe1,
    0x00, 0x0b, 0x23, 0xa9, 0xae, 0x97, 0x7c, 0xfc,
    0x44, 0x3d, 0x43, 0x30, 0x2f, 0x20, 0x00, 0xc1,
    0x00, 0x07, 0xfc, 0x0c, 0xcf, 0xcc, 0x50, 0xcc,
    0x97, 0x00, 0xc1, 0x00, 0x87, 0xb3, 0x21, 0x1d,
    0x21, 0x16, 0x0b, 0x27, 0xba, 0xeb, 0xab, 0x00,
    0xb2, 0x00, 0x0c, 0x10, 0x00, 0x0b, 0x20, 0x00,
    0xc1, 0x00,

    /* U+6B62 "止" */
    0x00, 0x00, 0x02, 0xd0, 0x00, 0x00, 0x00, 0x10,
    0x01, 0xd0, 0x00, 0x00, 0x00, 0xc4, 0x01, 0xd0,
    0x00, 0x00, 0x00, 0xb4, 0x01, 0xfd, 0xdd, 0x70,
    0x00, 0xb4, 0x01, 0xd0, 0x00, 0x00, 0x00, 0xb4,
    0x01, 0xd0, 0x00, 0x00, 0x00, 0xb4, 0x01, 0xd0,
    0x00, 0x00, 0x00, 0xb4, 0x01, 0xd0, 0x00, 0x00,
    0x7b, 0xec, 0xbb, 0xfb, 0xbb, 0xb4, 0x12, 0x22,
    0x22, 0x22, 0x22, 0x21,

    /* U+6BCF "每" */
    0x00, 0x09, 0x10, 0x00, 0x00, 0x00, 0x00, 0x5f,
    0xaa, 0xaa, 0xaa, 0x70, 0x02, 0xd3, 0x22, 0x22,
    0x22, 0x10, 0x1d, 0x5b, 0xcc, 0xcc, 0xc8, 0x00,
    0x03, 0x0c, 0x0b, 0x30, 0x48, 0x00, 0x00, 0x0c,
    0x02, 0xb0, 0x47, 0x00, 0x0b, 0xce, 0xcd, 0xcc,
    0xdd, 0xc3, 0x00, 0x29, 0x0c, 0x60, 0x66, 0x00,
    0x00, 0x38, 0x01, 0x90, 0x75, 0x00, 0x00, 0x4c,
    0xcc, 0xcc, 0xed, 0x60, 0x00, 0x00, 0x00, 0x08,
    0xd1, 0x00, 0x00, 0x00, 0x00, 0x04, 0x20, 0x00,

    /* U+6D4B "测" */
    0x03, 0x00, 0x00, 0x00, 0x00, 0x71, 0xd8, 0x8c,
    0xcd, 0x10, 0x0e, 0x00, 0x39, 0x30, 0xc1, 0xd0,
    0xe3, 0x20, 0x95, 0xbc, 0x1d, 0x0e, 0x3d, 0x49,
    0x5a, 0xc1, 0xd0, 0xe0, 0x21, 0x95, 0x9c, 0x1d,
    0x0e, 0x00, 0x7a, 0x68, 0xc1, 0xd0, 0xe0, 0x6a,
    0x58, 0x65, 0x0d, 0x0e, 0x0d, 0x20, 0xc8, 0x60,
    0x50, 0xe7, 0xa0, 0x5b, 0x1e, 0x30, 0x0e, 0x43,
    0x0d, 0x20, 0x55, 0x1e, 0xa0, 0x00, 0x00, 0x00,
    0x00, 0x00,

    /* U+6D88 "消" */
    0x02, 0x20, 0x12, 0x0d, 0x40, 0x30, 0x06, 0xf3,
    0x7b, 0x0c, 0x40, 0xe5, 0x00, 0x76, 0x0d, 0x2c,
    0x48, 0xa0, 0x00, 0x00, 0x01, 0x1c, 0x41, 0x20,
    0x1e, 0x60, 0x3e, 0xbb, 0xbb, 0xf1, 0x02, 0xb1,
    0x3c, 0x00, 0x00, 0xe1, 0x00, 0x10, 0x3f, 0xdd,
    0xdd, 0xf1, 0x00, 0xa4, 0x3c, 0x00, 0x00, 0xe1,
    0x01, 0xe0, 0x3f, 0xcc, 0xcc, 0xf1, 0x09, 0x90,
    0x3c, 0x00, 0x00, 0xe1, 0x0b, 0x40, 0x3c, 0x00,
    0x0b, 0xc0, 0x00, 0x00, 0x00, 0x00, 0x00, 0x00,

    /* U+70B9 "点" */
    0x00, 0x00, 0x0f, 0x10, 0x00, 0x00, 0x00, 0x00,
    0x0e, 0x10, 0x00, 0x00, 0x00, 0x00, 0x0e, 0xcc,
    0xcc, 0x80, 0x00, 0x00, 0x0e, 0x10, 0x00, 0x00,
    0x00, 0xed, 0xcc, 0xcc, 0xde, 0x00, 0x00, 0xe1,
    0x00, 0x00, 0x1d, 0x00, 0x00, 0xe1, 0x00, 0x00,
    0x1d, 0x00, 0x00, 0xbc, 0xcc, 0xcc, 0xcb, 0x00,
    0x05, 0x50, 0x30, 0x32, 0x03, 0x10, 0x0d, 0x43,
    0xd0, 0x6c, 0x06, 0xa0, 0x4c, 0x00, 0xc2, 0x0c,
    0x30, 0xd1, 0x00, 0x00, 0x00, 0x00, 0x00, 0x00,

    /* U+70BC "炼" */
    0x00, 0x61, 0x00, 0x08, 0x10, 0x00, 0x00, 0xb2,
    0x00, 0x1d, 0x00, 0x00, 0x00, 0xb3, 0x7c, 0xdd,
    0xbb, 0xb0, 0x2b, 0xbc, 0x50, 0xb2, 0x00, 0x00,
    0x3a, 0xb8, 0x5d, 0xfc, 0xb0, 0x00, 0x58, 0xc1,
    0x09, 0x51, 0xc0, 0x00, 0x11, 0xd0, 0x1f, 0xcc,
    0xfc, 0xc0, 0x01, 0xea, 0x00, 0x11, 0xc2, 0x00,
    0x06, 0x76, 0xa8, 0x91, 0xc7, 0x90, 0x0d, 0x10,
    0x8b, 0x01, 0xc0, 0xc5, 0x57, 0x00, 0x90, 0x1e,
    0x80, 0x22, 0x00, 0x00, 0x00, 0x00, 0x00, 0x00,

    /* U+7248 "版" */
    0x0b, 0x2d, 0x04, 0xca, 0x98, 0x60, 0x0b, 0x1c,
    0x04, 0x90, 0x00, 0x00, 0x0b, 0x1c, 0x03, 0xa4,
    0x44, 0x20, 0x0b, 0xbb, 0xb4, 0xdd, 0x7b, 0x60,
    0x0b, 0x10, 0x04, 0x8c, 0x09, 0x30, 0x0b, 0xbc,
    0x35, 0x7d, 0x0c, 0x10, 0x0c, 0x09, 0x38, 0x59,
    0x5c, 0x00, 0x0d, 0x09, 0x3c, 0x12, 0xf7, 0x00,
    0x2b, 0x09, 0x6c, 0x06, 0xf9, 0x00, 0x76, 0x09,
    0x74, 0xac, 0x19, 0xd1, 0x00, 0x00, 0x00, 0x30,
    0x00, 0x20,

    /* U+7528 "用" */
    0x01, 0xfc, 0xce, 0xdc, 0xcf, 0x10, 0x0d, 0x00,
    0xb4, 0x00, 0xd1, 0x00, 0xfb, 0xbe, 0xcb, 0xbf,
    0x10, 0x0d, 0x00, 0xb4, 0x00, 0xd1, 0x00, 0xd0,
    0x0b, 0x40, 0x0d, 0x10, 0x1f, 0xcc, 0xed, 0xcc,
    0xf1, 0x02, 0xb0, 0x0b, 0x40, 0x0d, 0x10, 0x68,
    0x00, 0xb4, 0x00, 0xd1, 0x0b, 0x30, 0x0b, 0x40,
    0x3e, 0x01, 0xb0, 0x00, 0x72, 0x0a, 0x70,

    /* U+7535 "电" */
    0x00, 0x01, 0xe0, 0x00, 0x00, 0x00, 0x00, 0x1d,
    0x00, 0x00, 0x00, 0xbc, 0xcd, 0xfc, 0xcc, 0x90,
    0x0e, 0x20, 0x1d, 0x00, 0x3b, 0x00, 0xe2, 0x01,
    0xd0, 0x04, 0xb0, 0x0e, 0xcb, 0xbf, 0xbb, 0xcb,
    0x00, 0xe2, 0x01, 0xd0, 0x03, 0xb0, 0x0e, 0xdc,
    0xdf, 0xcc, 0xdb, 0x00, 0xe2, 0x01, 0xd0, 0x00,
    0x00, 0x00, 0x00, 0x1e, 0x00, 0x00, 0xb5, 0x00,
    0x00, 0xbd, 0xcc, 0xdd, 0x10,

    /* U+767E "百" */
    0x00, 0x00, 0x00, 0x00, 0x00, 0x00, 0x2c, 0xcc,
    0xce, 0xdc, 0xcc, 0xc1, 0x00, 0x00, 0x0d, 0x10,
    0x00, 0x00, 0x00, 0x9b, 0xbf, 0xbb, 0xba, 0x00,
    0x00, 0xd1, 0x11, 0x11, 0x1e, 0x00, 0x00, 0xd0,
    0x00, 0x00, 0x0e, 0x00, 0x00, 0xdc, 0xcc, 0xcc,
    0xce, 0x00, 0x00, 0xd0, 0x00, 0x00, 0x0e, 0x00,
    0x00, 0xd0, 0x00, 0x00, 0x0e, 0x00, 0x00, 0xdc,
    0xcc, 0xcc, 0xce, 0x00, 0x00, 0xe0, 0x00, 0x00,
    0x0e, 0x00,

    /* U+786E "确" */
    0x00, 0x00, 0x00, 0x00, 0x00, 0x00, 0x00, 0x00,
    0x00, 0x59, 0x00, 0x00, 0x0c, 0xcc, 0xb1, 0xec,
    0xa8, 0x00, 0x00, 0xb3, 0x0b, 0x60, 0x66, 0x00,
    0x00, 0xd0, 0x28, 0xaa, 0xea, 0xa0, 0x06, 0xea,
    0x82, 0xa0, 0xc0, 0xd0, 0x2f, 0x81, 0xb2, 0xda,
    0xea, 0xf0, 0x39, 0x81, 0xb3, 0xa0, 0xc0, 0xd0,
    0x04, 0x81, 0xb4, 0xd9, 0xe9, 0xe0, 0x04, 0xdb,
    0xb7, 0x92, 0xd2, 0xd0, 0x04, 0x81, 0x9c, 0x30,
    0xc0, 0xd0, 0x02, 0x40, 0x38, 0x00, 0x66, 0xc0,
    0x00, 0x00, 0x00, 0x00, 0x00, 0x00,

    /* U+79D2 "秒" */
    0x00, 0x00, 0x50, 0x00, 0xe0, 0x00, 0x07, 0xbe,
    0xa1, 0x00, 0xd0, 0x00, 0x03, 0x2d, 0x00, 0x42,
    0xd2, 0x50, 0x00, 0x0d, 0x00, 0xd3, 0xd2, 0xe2,
    0x2d, 0xdf, 0xc5, 0xf0, 0xd0, 0x5b, 0x00, 0x7d,
    0x25, 0xb0, 0xd0, 0x31, 0x00, 0xdd, 0x98, 0x20,
    0xe2, 0xf2, 0x09, 0x9d, 0x14, 0x00, 0x3b, 0x70,
    0x2c, 0x1d, 0x00, 0x00, 0x9b, 0x00, 0x00, 0x1d,
    0x03, 0x7d, 0x80, 0x00, 0x00, 0x1d, 0x1d, 0x82,
    0x00, 0x00,

    /* U+7A0D "稍" */
    0x00, 0x28, 0x12, 0x0b, 0x40, 0x50, 0x4e, 0xf9,
    0x2d, 0x1a, 0x33, 0xe2, 0x01, 0xb2, 0x08, 0x6a,
    0x3c, 0x40, 0x11, 0xc4, 0x10, 0x0a, 0x30, 0x00,
    0x6b, 0xfb, 0x5c, 0xdd, 0xdd, 0xe0, 0x02, 0xf2,
    0x0c, 0x20, 0x01, 0xd0, 0x09, 0xfd, 0x3c, 0xdc,
    0xcd, 0xd0, 0x3d, 0xc6, 0x8c, 0x31, 0x12, 0xd0,
    0x94, 0xb2, 0x0c, 0xcc, 0xcc, 0xd0, 0x00, 0xc2,
    0x0c, 0x20, 0x01, 0xd0, 0x00, 0xb2, 0x0c, 0x20,
    0x4e, 0x90, 0x00, 0x00, 0x00, 0x00, 0x00, 0x00,

    /* U+7B26 "符" */
    0x00, 0x00, 0x00, 0x00, 0x00, 0x00, 0x00, 0xb2,
    0x00, 0x2c, 0x00, 0x00, 0x05, 0xfc, 0xcb, 0x8e,
    0xcc, 0xc2, 0x1e, 0x37, 0x72, 0xe1, 0x88, 0x00,
    0x37, 0x07, 0x74, 0x60, 0x28, 0x00, 0x00, 0x7a,
    0x00, 0x00, 0xa4, 0x00, 0x02, 0xf5, 0xdc, 0xcc,
    0xed, 0xd0, 0x2d, 0xe2, 0x01, 0x00, 0xa3, 0x00,
    0x55, 0xb2, 0x0e, 0x30, 0xa3, 0x00, 0x00, 0xb2,
    0x06, 0x60, 0xa3, 0x00, 0x00, 0xb2, 0x00, 0x00,
    0xb3, 0x00, 0x00, 0xc2, 0x00, 0x0e, 0xc0, 0x00,
    0x00, 0x00, 0x00, 0x00, 0x00, 0x00,

    /* U+7B2C "第" */
    0x00, 0x59, 0x00, 0x07, 0x30, 0x00, 0x00, 0xdd,
    0xcc, 0x6f, 0xcc, 0xc3, 0x0b, 0x71, 0xc0, 0x96,
    0x3b, 0x00, 0x05, 0xcc, 0xcc, 0xcc, 0xcc, 0x10,
    0x00, 0x00, 0x02, 0xb0, 0x0d, 0x10, 0x00, 0xbc,
    0xcc, 0xec, 0xcf, 0x10, 0x00, 0xe0, 0x02, 0xb0,
    0x00, 0x00, 0x01, 0xfc, 0xcc, 0xec, 0xcc, 0xa0,
    0x00, 0x00, 0x8c, 0xb0, 0x02, 0xb0, 0x02, 0x7c,
    0x62, 0xb0, 0x7b, 0x80, 0x09, 0x70, 0x02, 0xc0,
    0x33, 0x00,

    /* U+7EA7 "级" */
    0x00, 0x32, 0x00, 0x00, 0x00, 0x00, 0x00, 0xb4,
    0x2c, 0xec, 0xce, 0x00, 0x04, 0xa0, 0x80, 0xc0,
    0x2b, 0x00, 0x1d, 0x59, 0x80, 0xc0, 0x67, 0x00,
    0x19, 0x8d, 0x00, 0xd0, 0xad, 0x90, 0x00, 0xb3,
    0x02, 0xf3, 0x04, 0x90, 0x0a, 0xc9, 0x54, 0xbb,
    0x09, 0x50, 0x09, 0x63, 0x19, 0x49, 0x7d, 0x00,
    0x05, 0x8c, 0x8c, 0x01, 0xf7, 0x00, 0x09, 0x52,
    0xc3, 0x1b, 0x9d, 0x40, 0x00, 0x04, 0x45, 0xd4,
    0x02, 0xc4, 0x00, 0x00, 0x00, 0x00, 0x00, 0x00,

    /* U+7EC3 "练" */
    0x00, 0x20, 0x00, 0x06, 0x10, 0x00, 0x00, 0xd3,
    0x00, 0x0d, 0x00, 0x00, 0x04, 0xa0, 0x7c, 0xde,
    0xcc, 0xc0, 0x0b, 0x16, 0x90, 0xb2, 0x00, 0x00,
    0x5d, 0x8d, 0x6c, 0xeb, 0xa0, 0x00, 0x14, 0xa5,
    0x08, 0x52, 0xb0, 0x00, 0x03, 0xa0, 0x1f, 0xcc,
    0xec, 0xb0, 0x1e, 0xcc, 0x50, 0x22, 0xb2, 0x00,
    0x04, 0x11, 0x27, 0xb2, 0xb8, 0x80, 0x28, 0xcb,
    0x9c, 0x02, 0xb0, 0xd3, 0x27, 0x10, 0x71, 0x4e,
    0x60, 0x32, 0x00, 0x00, 0x00, 0x00, 0x00, 0x00,

    /* U+7EC6 "细" */
    0x00, 0x83, 0x00, 0x00, 0x00, 0x00, 0x1e, 0x00,
    0x89, 0x99, 0x99, 0x08, 0x64, 0x5d, 0x2b, 0x42,
    0xe2, 0xd2, 0xb4, 0xd0, 0xa2, 0x0e, 0x6c, 0xcb,
    0x0d, 0x0a, 0x20, 0xe0, 0x0c, 0x20, 0xdb, 0xec,
    0xbe, 0x0a, 0x83, 0x2d, 0x0a, 0x20, 0xe1, 0xdb,
    0x93, 0xd0, 0xa2, 0x0e, 0x00, 0x00, 0x2d, 0x0a,
    0x20, 0xe3, 0x9c, 0xd7, 0xdc, 0xec, 0xce, 0x36,
    0x20, 0x0d, 0x00, 0x00, 0xe0, 0x00, 0x00, 0x10,
    0x00, 0x00,

    /* U+7F6E "置" */
    0x06, 0xc9, 0xd9, 0xbd, 0x9d, 0x40, 0x06, 0xc9,
    0xd9, 0xac, 0x9c, 0x40, 0x03, 0x33, 0x39, 0x83,
    0x33, 0x20, 0x07, 0x77, 0x7d, 0x97, 0x77, 0x40,
    0x00, 0x6b, 0xab, 0xaa, 0xc3, 0x00, 0x00, 0x6a,
    0x77, 0x77, 0xc3, 0x00, 0x00, 0x68, 0x55, 0x55,
    0xb3, 0x00, 0x00, 0x6b, 0x99, 0x99, 0xd3, 0x00,
    0x00, 0x6b, 0x99, 0x99, 0xc3, 0x00, 0x2a, 0xaa,
    0x99, 0x99, 0xaa, 0xa3,

    /* U+81EA "自" */
    0x00, 0x03, 0x80, 0x00, 0x00, 0x00, 0x06, 0x90,
    0x00, 0x00, 0x0e, 0xcd, 0xdc, 0xcc, 0xe0, 0x0e,
    0x00, 0x00, 0x00, 0xe0, 0x0f, 0xcc, 0xcc, 0xcc,
    0xf0, 0x0e, 0x00, 0x00, 0x00, 0xe0, 0x0e, 0x11,
    0x11, 0x11, 0xe0, 0x0f, 0xaa, 0xaa, 0xaa, 0xf0,
    0x0e, 0x00, 0x00, 0x00, 0xe0, 0x0f, 0xcc, 0xcc,
    0xcc, 0xf0, 0x0e, 0x00, 0x00, 0x00, 0xe0,

    /* U+8282 "节" */
    0x00, 0x03, 0xc0, 0x0c, 0x40, 0x00, 0x00, 0x03,
    0xc0, 0x0c, 0x30, 0x00, 0x3d, 0xcd, 0xfc, 0xcf,
    0xdc, 0xd7, 0x00, 0x03, 0xb0, 0x0b, 0x30, 0x00,
    0x0b, 0xbb, 0xbb, 0xbb, 0xbb, 0x90, 0x01, 0x11,
    0x6a, 0x11, 0x14, 0xc0, 0x00, 0x00, 0x59, 0x00,
    0x04, 0xb0, 0x00, 0x00, 0x59, 0x00, 0x05, 0xa0,
    0x00, 0x00, 0x59, 0x03, 0xbe, 0x60, 0x00, 0x00,
    0x59, 0x00, 0x63, 0x00, 0x00, 0x00, 0x6a, 0x00,
    0x00, 0x00,

    /* U+83DC "菜" */
    0x00, 0x00, 0x00, 0x00, 0x00, 0x00, 0x00, 0x02,
    0xd0, 0x0d, 0x10, 0x00, 0x4d, 0xcd, 0xfc, 0xcf,
    0xdc, 0xd5, 0x00, 0x01, 0x90, 0x09, 0x13, 0x00,
    0x05, 0xaa, 0xbb, 0xbc, 0xcc, 0x30, 0x00, 0x92,
    0x09, 0x30, 0x2b, 0x00, 0x00, 0x88, 0x06, 0x70,
    0xb5, 0x00, 0x00, 0x05, 0x06, 0x70, 0x40, 0x00,
    0x5d, 0xcc, 0xfe, 0xff, 0xcc, 0xd5, 0x00, 0x07,
    0xa6, 0x7a, 0x80, 0x00, 0x03, 0xb8, 0x06, 0x70,
    0x7e, 0x82, 0x1a, 0x30, 0x06, 0x70, 0x01, 0x60,

    /* U+884C "行" */
    0x00, 0x56, 0x00, 0x00, 0x00, 0x00, 0x01, 0xd2,
    0x04, 0xdc, 0xcc, 0xc0, 0x0c, 0x50, 0x00, 0x00,
    0x00, 0x00, 0x27, 0x2c, 0x10, 0x00, 0x00, 0x00,
    0x00, 0xb7, 0x2e, 0xdd, 0xdd, 0xd8, 0x07, 0xf1,
    0x00, 0x00, 0x77, 0x00, 0x4d, 0xd1, 0x00, 0x00,
    0x77, 0x00, 0x01, 0xd1, 0x00, 0x00, 0x77, 0x00,
    0x00, 0xd1, 0x00, 0x00, 0x77, 0x00, 0x00, 0xd1,
    0x00, 0x00, 0x87, 0x00, 0x00, 0xd1, 0x00, 0x0a,
    0xd3, 0x00,

    /* U+89E6 "触" */
    0x00, 0x00, 0x00, 0x00, 0x00, 0x00, 0x00, 0xa2,
    0x00, 0x00, 0xc0, 0x00, 0x04, 0xfb, 0xa0, 0x00,
    0xc0, 0x00, 0x2c, 0x07, 0x80, 0x7b, 0xeb, 0x90,
    0x7b, 0xbe, 0xc7, 0xb1, 0xc1, 0xc0, 0x0c, 0x0c,
    0x29, 0xb0, 0xc0, 0xc0, 0x0c, 0xbe, 0xb9, 0xb0,
    0xc0, 0xc0, 0x0c, 0x0c, 0x29, 0xbb, 0xeb, 0xd0,
    0x0d, 0xbe, 0xb9, 0x90, 0xc0, 0x50, 0x0d, 0x0c,
    0x29, 0x00, 0xc0, 0xc0, 0x3a, 0x0a, 0x29, 0x68,
    0xea, 0xd3, 0x64, 0x00, 0xc5, 0x74, 0x10, 0x44,

    /* U+8BA1 "计" */
    0x06, 0x40, 0x00, 0x0e, 0x00, 0x00, 0x03, 0xe3,
    0x00, 0x0e, 0x00, 0x00, 0x00, 0x59, 0x00, 0x0e,
    0x00, 0x00, 0x00, 0x00, 0x00, 0x0e, 0x00, 0x00,
    0x9d, 0xe2, 0xdc, 0xcf, 0xcc, 0xd2, 0x00, 0xd1,
    0x00, 0x0e, 0x00, 0x00, 0x00, 0xd1, 0x00, 0x0e,
    0x00, 0x00, 0x00, 0xd1, 0x50, 0x0e, 0x00, 0x00,
    0x00, 0xdb, 0x80, 0x0e, 0x00, 0x00, 0x00, 0xe9,
    0x00, 0x0e, 0x00, 0x00, 0x00, 0x50, 0x00, 0x0e,
    0x00, 0x00,

    /* U+8BA4 "认" */
    0x00, 0x00, 0x00, 0x00, 0x00, 0x00, 0x00, 0xb1,
    0x00, 0x1f, 0x00, 0x00, 0x00, 0x7c, 0x00, 0x1e,
    0x00, 0x00, 0x00, 0x07, 0x00, 0x1e, 0x00, 0x00,
    0x00, 0x00, 0x00, 0x1f, 0x00, 0x00, 0x6c, 0xf1,
    0x00, 0x3f, 0x10, 0x00, 0x00, 0xd1, 0x00, 0x6f,
    0x50, 0x00, 0x00, 0xd1, 0x00, 0xb9, 0xa0, 0x00,
    0x00, 0xd4, 0xd2, 0xe0, 0xe1, 0x00, 0x00, 0xde,
    0x4c, 0x60, 0x8a, 0x00, 0x00, 0xe4, 0x9b, 0x00,
    0x0d, 0x70, 0x00, 0x16, 0xc1, 0x00, 0x02, 0xd2,
    0x00, 0x00, 0x00, 0x00, 0x00, 0x00,

    /* U+8BAD "训" */
    0x06, 0x30, 0x00, 0x00, 0x00, 0x00, 0x2d, 0x40,
    0x83, 0x03, 0x0c, 0x00, 0x27, 0x09, 0x40, 0xc0,
    0xc2, 0x55, 0x00, 0x93, 0x0c, 0x0c, 0x37, 0xf0,
    0x09, 0x30, 0xc0, 0xc0, 0x0e, 0x00, 0xa3, 0x0c,
    0x0c, 0x00, 0xe0, 0x0c, 0x10, 0xc0, 0xc0, 0x0e,
    0x20, 0xd0, 0x0c, 0x0c, 0x00, 0xec, 0x79, 0x01,
    0xc0, 0xc0, 0x1f, 0x5d, 0x20, 0x06, 0x0d, 0x00,
    0x51, 0x50, 0x00, 0x00, 0x80,

    /* U+8BBE "设" */
    0x02, 0x10, 0x00, 0x00, 0x00, 0x00, 0x06, 0xd1,
    0x0d, 0xcc, 0xf1, 0x00, 0x00, 0x76, 0x0e, 0x00,
    0xd1, 0x00, 0x00, 0x00, 0x3c, 0x00, 0xd2, 0x00,
    0x6b, 0xf1, 0xc3, 0x00, 0x8c, 0xc1, 0x00, 0xe0,
    0x9c, 0xcc, 0xcb, 0x00, 0x00, 0xe0, 0x0c, 0x10,
    0x69, 0x00, 0x00, 0xe1, 0x16, 0x91, 0xd2, 0x00,
    0x00, 0xed, 0x40, 0xbd, 0x70, 0x00, 0x01, 0xf7,
    0x03, 0xcc, 0xa3, 0x00, 0x00, 0x64, 0xd9, 0x20,
    0x4b, 0xf3, 0x00, 0x00, 0x00, 0x00, 0x00, 0x00,

    /* U+8BEF "误" */
    0x02, 0x10, 0x00, 0x00, 0x00, 0x00, 0x05, 0xd1,
    0x2e, 0xcc, 0xcf, 0x00, 0x00, 0x43, 0x1b, 0x00,
    0x0c, 0x00, 0x13, 0x30, 0x1b, 0xbb, 0xbc, 0x00,
    0x4b, 0xe0, 0x00, 0x00, 0x00, 0x00, 0x00, 0xe0,
    0x9b, 0xbf, 0xbb, 0xa0, 0x00, 0xe0, 0x00, 0x2c,
    0x00, 0x00, 0x00, 0xe2, 0xcc, 0xdf, 0xcc, 0xc5,
    0x00, 0xea, 0x00, 0xca, 0x70, 0x00, 0x02, 0xf6,
    0x0b, 0x80, 0xc7, 0x00, 0x01, 0x65, 0xe7, 0x00,
    0x09, 0xe3, 0x00, 0x01, 0x10, 0x00, 0x00, 0x10,

    /* U+8BF7 "请" */
    0x03, 0x30, 0x00, 0x0e, 0x00, 0x00, 0x02, 0xd2,
    0x8b, 0xbf, 0xbb, 0xb0, 0x00, 0x43, 0x49, 0x9f,
    0x99, 0x60, 0x01, 0x10, 0x11, 0x1e, 0x11, 0x10,
    0x5b, 0xd0, 0xaa, 0xaa, 0xaa, 0xa4, 0x00, 0xd0,
    0x0b, 0xbb, 0xbb, 0x20, 0x00, 0xd0, 0x0e, 0x33,
    0x3c, 0x20, 0x00, 0xd2, 0x0e, 0x77, 0x7d, 0x20,
    0x00, 0xec, 0x2e, 0xaa, 0xae, 0x20, 0x04, 0xe3,
    0x0e, 0x00, 0x0b, 0x20, 0x00, 0x20, 0x0e, 0x00,
    0x4e, 0x10, 0x00, 0x00, 0x00, 0x00, 0x00, 0x00,

    /* U+8C03 "调" */
    0x00, 0x00, 0x00, 0x00, 0x00, 0x00, 0x02, 0xd1,
    0x0f, 0xbb, 0xbb, 0xf0, 0x00, 0x66, 0x0d, 0x09,
    0x40, 0xd0, 0x00, 0x00, 0x0d, 0xae, 0xc5, 0xd0,
    0x6c, 0xf0, 0x0d, 0x09, 0x30, 0xd0, 0x00, 0xd0,
    0x0d, 0x9a, 0xa6, 0xd0, 0x00, 0xd0, 0x0d, 0x7a,
    0xa4, 0xd0, 0x00, 0xda, 0x7c, 0xb1, 0x66, 0xd0,
    0x00, 0xe9, 0x69, 0xbb, 0xc6, 0xd0, 0x00, 0x70,
    0xd3, 0x00, 0x02, 0xe0, 0x00, 0x04, 0x90, 0x00,
    0x2e, 0x80, 0x00, 0x00, 0x00, 0x00, 0x00, 0x00,

    /* U+8D25 "败" */
    0x00, 0x00, 0x00, 0x02, 0x20, 0x00, 0x06, 0x77,
    0x76, 0x09, 0x50, 0x00, 0x0d, 0x44, 0x4d, 0x0d,
    0x21, 0x10, 0x0d, 0x0a, 0x0c, 0x2d, 0x9d, 0xb3,
    0x0d, 0x0d, 0x0c, 0x98, 0x0a, 0x20, 0x0d, 0x0c,
    0x0c, 0x8b, 0x0b, 0x00, 0x0d, 0x0c, 0x0c, 0x0b,
    0x1c, 0x00, 0x0b, 0x39, 0x09, 0x07, 0xa8, 0x00,
    0x00, 0x96, 0xb0, 0x01, 0xf2, 0x00, 0x07, 0xa0,
    0x6b, 0x1b, 0x9b, 0x10, 0x49, 0x00, 0x06, 0xd4,
    0x05, 0xd2, 0x00, 0x00, 0x00, 0x10, 0x00, 0x00,

    /* U+8D70 "走" */
    0x00, 0x00, 0x0b, 0x30, 0x00, 0x00, 0x00, 0x00,
    0x0b, 0x30, 0x00, 0x00, 0x00, 0xdc, 0xce, 0xdc,
    0xcc, 0x00, 0x00, 0x00, 0x0b, 0x30, 0x00, 0x00,
    0x5c, 0xcc, 0xce, 0xcc, 0xcc, 0x80, 0x00, 0x00,
    0x0b, 0x30, 0x01, 0x00, 0x00, 0x58, 0x0b, 0x30,
    0x00, 0x00, 0x00, 0x77, 0x0b, 0xdc, 0xcb, 0x00,
    0x00, 0xab, 0x0b, 0x30, 0x00, 0x00, 0x02, 0xd7,
    0xcc, 0x30, 0x00, 0x00, 0x2d, 0x40, 0x3a, 0xee,
    0xff, 0xe0, 0x03, 0x00, 0x00, 0x00, 0x00, 0x00,

    /* U+8D85 "超" */
    0x00, 0x0e, 0x00, 0x00, 0x00, 0x00, 0x00, 0x0d,
    0x00, 0xbe, 0xec, 0xf0, 0x0b, 0xdf, 0xd6, 0x0a,
    0x50, 0xe0, 0x00, 0x0d, 0x00, 0x3e, 0x01, 0xd0,
    0x1b, 0xae, 0xba, 0xd5, 0x2d, 0x60, 0x02, 0x1b,
    0x20, 0x2b, 0xbb, 0xa0, 0x09, 0x6b, 0xb7, 0x3b,
    0x11, 0xd0, 0x0b, 0x4b, 0x41, 0x2a, 0x00, 0xd0,
    0x0e, 0xcc, 0x20, 0x3e, 0xcc, 0xe0, 0x3c, 0x3e,
    0x93, 0x10, 0x00, 0x11, 0x46, 0x01, 0x7c, 0xef,
    0xff, 0xf4,

    /* U+8DDF "跟" */
    0x0d, 0xbb, 0xd7, 0xdc, 0xce, 0x20, 0x0c, 0x00,
    0xc6, 0x96, 0x6d, 0x20, 0x0d, 0xaa, 0xd6, 0x61,
    0x1b, 0x20, 0x00, 0x3a, 0x06, 0xb9, 0x9e, 0x20,
    0x08, 0x2a, 0x06, 0x8b, 0x54, 0x00, 0x0c, 0x2e,
    0xb7, 0x57, 0x48, 0x70, 0x0c, 0x2a, 0x06, 0x53,
    0xda, 0x00, 0x0c, 0x2a, 0x27, 0x50, 0xd2, 0x00,
    0x2d, 0xad, 0x97, 0xa9, 0x3d, 0x40, 0x37, 0x20,
    0x07, 0xb0, 0x04, 0xd1, 0x00, 0x00, 0x00, 0x00,
    0x00, 0x00,

    /* U+8F7D "载" */
    0x00, 0x00, 0x00, 0x00, 0x00, 0x00, 0x00, 0x0d,
    0x10, 0x2b, 0x16, 0x00, 0x0a, 0xbf, 0xbb, 0x3b,
    0x0c, 0x40, 0x01, 0x1d, 0x21, 0x1b, 0x01, 0x00,
    0x6b, 0xbc, 0xbb, 0xbf, 0xbb, 0xb5, 0x00, 0x3d,
    0x00, 0x0d, 0x03, 0x10, 0x1c, 0xfc, 0xcc, 0x3c,
    0x0c, 0x40, 0x08, 0x67, 0x50, 0x0a, 0x4c, 0x00,
    0x0a, 0xbd, 0xdb, 0x16, 0xe5, 0x00, 0x00, 0x18,
    0x97, 0x24, 0xf0, 0x00, 0x3d, 0xbc, 0x94, 0x4d,
    0x97, 0x94, 0x00, 0x08, 0x63, 0xb1, 0x0b, 0xd0,
    0x00, 0x00, 0x00, 0x00, 0x00, 0x10,

    /* U+8FD0 "运" */
    0x02, 0x00, 0x00, 0x00, 0x00, 0x00, 0x08, 0x90,
    0x6d, 0xcc, 0xdc, 0x00, 0x00, 0x91, 0x00, 0x00,
    0x00, 0x00, 0x00, 0x02, 0x66, 0x66, 0x66, 0x50,
    0x4d, 0xd5, 0x56, 0xf5, 0x55, 0x40, 0x00, 0xb2,
    0x04, 0xa0, 0x70, 0x00, 0x00, 0xb2, 0x0b, 0x20,
    0x97, 0x00, 0x00, 0xb2, 0x7d, 0x79, 0xbf, 0x20,
    0x00, 0xb3, 0x58, 0x53, 0x16, 0x40, 0x09, 0xed,
    0x50, 0x00, 0x00, 0x00, 0x4a, 0x02, 0xad, 0xee,
    0xef, 0xe0, 0x00, 0x00, 0x00, 0x00, 0x00, 0x00,

    /* U+8FD4 "返" */
    0x03, 0x70, 0x01, 0x24, 0x69, 0x30, 0x02, 0xe0,
    0x3e, 0xa9, 0x87, 0x40, 0x00, 0x81, 0x2b, 0x00,
    0x00, 0x00, 0x00, 0x00, 0x2e, 0xcc, 0xcc, 0x20,
    0x1c, 0xc1, 0x2b, 0x10, 0x0d, 0x00, 0x00, 0xe0,
    0x4a, 0x7c, 0x4b, 0x00, 0x00, 0xe0, 0x78, 0x06,
    0xf7, 0x00, 0x00, 0xe0, 0xc3, 0x07, 0xde, 0x20,
    0x00, 0xe4, 0xc2, 0xbc, 0x16, 0xb0, 0x06, 0xfb,
    0x50, 0x40, 0x00, 0x01, 0x2d, 0x12, 0x8c, 0xde,
    0xef, 0xf4, 0x00, 0x00, 0x00, 0x00, 0x00, 0x00,

    /* U+8FDB "进" */
    0x04, 0x40, 0x03, 0xa0, 0xd1, 0x00, 0x04, 0xc0,
    0x03, 0xa0, 0xd1, 0x00, 0x00, 0xa1, 0xdd, 0xec,
    0xfd, 0xd0, 0x00, 0x00, 0x04, 0x90, 0xd1, 0x00,
    0x4e, 0xe0, 0x04, 0x80, 0xd1, 0x00, 0x00, 0xe4,
    0xdd, 0xec, 0xfd, 0xd3, 0x00, 0xe0, 0x09, 0x50,
    0xd1, 0x00, 0x00, 0xe0, 0x0d, 0x10, 0xd1, 0x00,
    0x00, 0xe0, 0x8a, 0x00, 0xd1, 0x00, 0x1b, 0xed,
    0xb2, 0x00, 0x70, 0x00, 0x47, 0x03, 0x8b, 0xde,
    0xee, 0xf4, 0x00, 0x00, 0x00, 0x00, 0x00, 0x00,

    /* U+8FDE "连" */
    0x00, 0x00, 0x00, 0x51, 0x00, 0x00, 0x0b, 0x40,
    0x00, 0xd1, 0x00, 0x00, 0x02, 0xd4, 0xce, 0xdc,
    0xcc, 0xa0, 0x00, 0x30, 0x1c, 0x0c, 0x00, 0x00,
    0x2b, 0xb0, 0xcd, 0xbf, 0xbb, 0x50, 0x01, 0xf0,
    0x11, 0x0d, 0x01, 0x00, 0x00, 0xf0, 0x00, 0x0d,
    0x00, 0x00, 0x00, 0xf3, 0xcc, 0xcf, 0xcc, 0xc0,
    0x00, 0xf0, 0x00, 0x0d, 0x00, 0x00, 0x05, 0xe9,
    0x30, 0x0e, 0x00, 0x00, 0x3a, 0x02, 0x9c, 0xde,
    0xee, 0xe4,

    /* U+9000 "退" */
    0x05, 0x80, 0xbd, 0xcc, 0xcf, 0x00, 0x02, 0xe0,
    0xb4, 0x00, 0x0e, 0x00, 0x00, 0xb1, 0xbd, 0xcc,
    0xcf, 0x00, 0x00, 0x00, 0xb4, 0x00, 0x0e, 0x00,
    0x4d, 0xc0, 0xbd, 0xcc, 0xcc, 0x00, 0x01, 0xe0,
    0xb4, 0x72, 0x0a, 0x50, 0x00, 0xe0, 0xb4, 0x6e,
    0xb8, 0x00, 0x00, 0xe0, 0xb5, 0x83, 0xd9, 0x00,
    0x00, 0xe0, 0xee, 0x70, 0x1c, 0x90, 0x08, 0xfc,
    0xa2, 0x00, 0x01, 0x41, 0x4b, 0x14, 0x9d, 0xef,
    0xfe, 0xd2, 0x00, 0x00, 0x00, 0x00, 0x00, 0x00,

    /* U+9009 "选" */
    0x00, 0x10, 0x25, 0x2f, 0x10, 0x00, 0x06, 0xa0,
    0x79, 0x2f, 0x00, 0x00, 0x00, 0xe0, 0xbb, 0xbf,
    0xbc, 0x30, 0x00, 0x31, 0xc0, 0x1f, 0x00, 0x00,
    0x13, 0x21, 0x66, 0x7f, 0x66, 0x60, 0x39, 0xf1,
    0x67, 0xe6, 0xe6, 0x60, 0x00, 0xe0, 0x03, 0xb0,
    0xe0, 0x00, 0x00, 0xe0, 0x0a, 0x50, 0xe0, 0xa2,
    0x00, 0xe0, 0x9b, 0x00, 0xde, 0xe0, 0x08, 0xec,
    0x61, 0x00, 0x00, 0x01, 0x2c, 0x02, 0x8b, 0xcd,
    0xde, 0xf4, 0x00, 0x00, 0x00, 0x00, 0x00, 0x00,

    /* U+901F "速" */
    0x02, 0x10, 0x00, 0x0d, 0x00, 0x00, 0x06, 0x94,
    0xbb, 0xbf, 0xbb, 0xb4, 0x01, 0xe0, 0x11, 0x1d,
    0x11, 0x10, 0x00, 0x00, 0xdc, 0xcf, 0xcc, 0xe0,
    0x26, 0x50, 0xd0, 0x0c, 0x00, 0xe0, 0x26, 0xe0,
    0xcb, 0xcf, 0xbb, 0xc0, 0x00, 0xe0, 0x02, 0xdd,
    0x73, 0x00, 0x00, 0xe0, 0x2d, 0x3c, 0x3d, 0x60,
    0x00, 0xe2, 0xd4, 0x0d, 0x01, 0xb1, 0x06, 0xfa,
    0x51, 0x08, 0x00, 0x01, 0x3b, 0x03, 0x9c, 0xee,
    0xef, 0xf9, 0x00, 0x00, 0x00, 0x00, 0x00, 0x00,

    /* U+906E "遮" */
    0x00, 0x00, 0x00, 0x00, 0x00, 0x00, 0x04, 0x00,
    0x00, 0x2d, 0x00, 0x00, 0x0a, 0x60, 0xbc, 0xcf,
    0xdc, 0xa0, 0x01, 0xd0, 0xd0, 0x21, 0x12, 0x00,
    0x00, 0x00, 0xd6, 0xc8, 0x8c, 0x50, 0x7b, 0xa0,
    0xd5, 0xc7, 0x7b, 0x40, 0x11, 0xd0, 0xd0, 0xbd,
    0xd9, 0x00, 0x00, 0xd0, 0xd0, 0x00, 0x02, 0x10,
    0x00, 0xd3, 0xaa, 0x37, 0xb4, 0xa0, 0x00, 0xd6,
    0x5c, 0x19, 0x73, 0x80, 0x1a, 0xdc, 0x52, 0x00,
    0x00, 0x00, 0x78, 0x01, 0x8c, 0xee, 0xee, 0xf4,
    0x00, 0x00, 0x00, 0x00, 0x00, 0x00,

    /* U+91C7 "采" */
    0x00, 0x00, 0x00, 0x00, 0x24, 0x00, 0x07, 0x89,
    0xab, 0xde, 0xdb, 0x00, 0x05, 0x74, 0x58, 0x00,
    0x2a, 0x00, 0x03, 0xe1, 0x1e, 0x10, 0xc6, 0x00,
    0x00, 0x97, 0x09, 0x24, 0xb0, 0x00, 0x00, 0x10,
    0x0c, 0x20, 0x00, 0x00, 0x9d, 0xdd, 0xff, 0xfd,
    0xdd, 0xd2, 0x00, 0x05, 0xde, 0x9a, 0x00, 0x00,
    0x00, 0x7d, 0x2d, 0x2b, 0xa1, 0x00, 0x4c, 0xb1,
    0x0d, 0x10, 0x8f, 0xa0, 0x35, 0x00, 0x0e, 0x20,
    0x02, 0x40,

    /* U+91CD "重" */
    0x00, 0x00, 0x00, 0x00, 0x20, 0x00, 0x49, 0x9b,
    0xcc, 0xdb, 0x20, 0x02, 0x32, 0x1d, 0x10, 0x00,
    0x17, 0xbb, 0xbb, 0xfb, 0xbb, 0xba, 0x00, 0x68,
    0x8e, 0x88, 0x81, 0x00, 0x0d, 0x65, 0xe6, 0x5c,
    0x30, 0x00, 0xda, 0xaf, 0xaa, 0xe3, 0x00, 0x09,
    0x99, 0xfa, 0x9b, 0x20, 0x05, 0xaa, 0xaf, 0xaa,
    0xaa, 0x00, 0x00, 0x00, 0xd1, 0x00, 0x10, 0x6b,
    0xbb, 0xbe, 0xbb, 0xbb, 0xa0,

    /* U+91CF "量" */
    0x00, 0xb9, 0x99, 0x99, 0x9b, 0x00, 0x00, 0xba,
    0x99, 0x99, 0xab, 0x00, 0x00, 0x78, 0x88, 0x88,
    0x87, 0x00, 0x6b, 0xa9, 0x99, 0x99, 0x9a, 0xb0,
    0x00, 0x99, 0x9a, 0xa9, 0x99, 0x00, 0x00, 0xca,
    0x9c, 0xc9, 0xac, 0x00, 0x00, 0xd7, 0x6a, 0xa6,
    0x7c, 0x00, 0x00, 0x44, 0x49, 0x94, 0x44, 0x00,
    0x01, 0xa9, 0x9c, 0xc9, 0x9a, 0x00, 0x1a, 0x99,
    0x9c, 0xc9, 0x99, 0xa1,

    /* U+949F "钟" */
    0x00, 0xc2, 0x00, 0x0d, 0x20, 0x00, 0x4e, 0x00,
    0x00, 0xc2, 0x00, 0x0c, 0xec, 0x73, 0x4d, 0x54,
    0x37, 0xc0, 0x00, 0xe7, 0xe8, 0x7e, 0x47, 0xdc,
    0x3e, 0x0c, 0x20, 0xe0, 0x0c, 0x10, 0xe0, 0xc2,
    0x0e, 0x1a, 0xeb, 0x6e, 0x1d, 0x31, 0xe0, 0x3d,
    0x42, 0xea, 0xeb, 0xae, 0x00, 0xc4, 0x44, 0x0c,
    0x20, 0x30, 0x0e, 0xd2, 0x00, 0xc2, 0x00, 0x00,
    0x81, 0x00, 0x0d, 0x20, 0x00,

    /* U+953B "锻" */
    0x00, 0x20, 0x00, 0x20, 0x00, 0x00, 0x02, 0xc0,
    0x0f, 0xc6, 0xec, 0x70, 0x09, 0xbb, 0x0c, 0x02,
    0xa5, 0x70, 0x4b, 0x00, 0x0e, 0xc8, 0x85, 0x92,
    0x19, 0xfa, 0x0c, 0x07, 0x32, 0x94, 0x00, 0xc0,
    0x0d, 0x68, 0xba, 0xb0, 0x2a, 0xea, 0x0d, 0x43,
    0x80, 0xc0, 0x00, 0xc0, 0x0c, 0x10, 0xb4, 0x80,
    0x00, 0xd8, 0x7f, 0xa1, 0x8d, 0x10, 0x02, 0xf4,
    0x4d, 0x03, 0xcd, 0x60, 0x00, 0x20, 0x0d, 0x3c,
    0x30, 0x95,

    /* U+957F "长" */
    0x00, 0x0e, 0x10, 0x03, 0x90, 0x00, 0x00, 0x0d,
    0x10, 0x1e, 0x60, 0x00, 0x00, 0x0d, 0x10, 0xc8,
    0x00, 0x00, 0x00, 0x0d, 0x1b, 0xa0, 0x00, 0x00,
    0x00, 0x0d, 0x17, 0x00, 0x00, 0x00, 0x5d, 0xdf,
    0xdd, 0xfd, 0xdd, 0xd0, 0x00, 0x0d, 0x10, 0xe1,
    0x00, 0x00, 0x00, 0x0d, 0x10, 0x8a, 0x00, 0x00,
    0x00, 0x0d, 0x16, 0x2c, 0x80, 0x00, 0x00, 0x0e,
    0xcc, 0x31, 0xcc, 0x40, 0x00, 0x1f, 0x70, 0x00,
    0x07, 0x60, 0x00, 0x01, 0x00, 0x00, 0x00, 0x00,

    /* U+95F4 "间" */
    0x08, 0x30, 0x00, 0x00, 0x00, 0x04, 0xe1, 0xdd,
    0xcc, 0xde, 0x80, 0x30, 0x00, 0x00, 0x1d, 0xe1,
    0x1c, 0xcc, 0xc1, 0x1d, 0xe1, 0x2c, 0x00, 0xd1,
    0x1d, 0xe1, 0x2e, 0xaa, 0xe1, 0x1d, 0xe1, 0x2c,
    0x22, 0xd1, 0x1d, 0xe1, 0x2c, 0x00, 0xd1, 0x1d,
    0xe1, 0x2c, 0xcc, 0xd1, 0x1d, 0xe1, 0x00, 0x00,
    0x00, 0x2d, 0xf1, 0x00, 0x00, 0x07, 0xf8, 0x00,
    0x00, 0x00, 0x00, 0x00,

    /* U+9632 "防" */
    0x00, 0x00, 0x00, 0x94, 0x00, 0x0e, 0xbc, 0xc0,
    0x05, 0x80, 0x00, 0xd0, 0x7b, 0xcc, 0xcc, 0xcc,
    0x5d, 0x0c, 0x20, 0xd0, 0x00, 0x00, 0xd2, 0xc0,
    0x0d, 0x00, 0x00, 0x0d, 0x1d, 0x10, 0xec, 0xcd,
    0x90, 0xd0, 0x68, 0x0d, 0x00, 0x67, 0x0d, 0x04,
    0xb4, 0xa0, 0x08, 0x50, 0xd6, 0xc3, 0xb5, 0x00,
    0xa3, 0x0d, 0x00, 0x7c, 0x03, 0x4e, 0x00, 0xe0,
    0x2d, 0x10, 0x8a, 0x50, 0x00, 0x00, 0x00, 0x00,
    0x00, 0x00,

    /* U+9694 "隔" */
    0x00, 0x00, 0x00, 0x00, 0x00, 0x00, 0x1f, 0xbe,
    0x6b, 0xcc, 0xcc, 0xc3, 0x0d, 0x0c, 0x15, 0xcb,
    0xbb, 0x40, 0x0d, 0x3b, 0x06, 0xb2, 0x24, 0x50,
    0x0d, 0x4c, 0x03, 0x88, 0x88, 0x30, 0x0d, 0x09,
    0x5b, 0xbb, 0xbb, 0xb2, 0x0d, 0x05, 0x9d, 0x16,
    0x19, 0xb3, 0x0d, 0x4c, 0x8d, 0x0a, 0x48, 0xb3,
    0x0d, 0x46, 0x0d, 0x7d, 0xec, 0xe3, 0x0d, 0x00,
    0x0d, 0x03, 0xa0, 0xb3, 0x1d, 0x00, 0x0c, 0x01,
    0x44, 0xd0,

    /* U+96F6 "零" */
    0x00, 0x47, 0x77, 0x77, 0x77, 0x20, 0x00, 0x24,
    0x45, 0xc4, 0x44, 0x10, 0x0f, 0xbb, 0xbb, 0xeb,
    0xbb, 0xf0, 0x0d, 0x3a, 0xa2, 0xb6, 0xa8, 0xb0,
    0x00, 0x3a, 0xa3, 0xb6, 0xa8, 0x00, 0x00, 0x00,
    0x1c, 0xd2, 0x00, 0x00, 0x00, 0x05, 0xc7, 0x5c,
    0x71, 0x00, 0x19, 0xd9, 0x14, 0x60, 0x8f, 0xc2,
    0x05, 0x0b, 0xcc, 0xcf, 0xa0, 0x50, 0x00, 0x00,
    0x57, 0x6b, 0x00, 0x00, 0x00, 0x00, 0x27, 0xdb,
    0x30, 0x00, 0x00, 0x00, 0x00, 0x04, 0x10, 0x00,

    /* U+9759 "静" */
    0x00, 0x00, 0x00, 0x00, 0x00, 0x00, 0x00, 0x66,
    0x00, 0x1e, 0x00, 0x00, 0x5a, 0xcc, 0xa7, 0x6e,
    0x99, 0x00, 0x02, 0x77, 0x20, 0xd2, 0x4a, 0x00,
    0x0b, 0xdd, 0xb8, 0xb2, 0x96, 0x10, 0x47, 0xaa,
    0x76, 0x68, 0xe8, 0xd0, 0x09, 0x99, 0x91, 0x99,
    0xe9, 0xe6, 0x0d, 0x44, 0xe0, 0x11, 0xd1, 0xd1,
    0x0e, 0x88, 0xe0, 0x8a, 0xea, 0xd0, 0x0e, 0xaa,
    0xf0, 0x00, 0xc0, 0x60, 0x0c, 0x00, 0xd0, 0x00,
    0xc0, 0x00, 0x0d, 0x09, 0xb0, 0x3f, 0x80, 0x00,
    0x00, 0x00, 0x00, 0x00, 0x00, 0x00,

    /* U+97F3 "音" */
    0x00, 0x00, 0x00, 0x00, 0x00, 0x00, 0x00, 0x00,
    0x0b, 0x40, 0x00, 0x00, 0x08, 0xbb, 0xbe, 0xdb,
    0xbb, 0x50, 0x00, 0x08, 0x20, 0x04, 0x60, 0x00,
    0x00, 0x06, 0xa0, 0x0a, 0x60, 0x00, 0x2b, 0xab,
    0xda, 0xaf, 0xba, 0xb2, 0x01, 0x11, 0x11, 0x11,
    0x11, 0x10, 0x00, 0x8d, 0xcc, 0xcc, 0xd8, 0x00,
    0x00, 0x86, 0x00, 0x00, 0x78, 0x00, 0x00, 0x8d,
    0xbb, 0xbb, 0xd8, 0x00, 0x00, 0x87, 0x00, 0x00,
    0x78, 0x00, 0x00, 0x8c, 0xaa, 0xaa, 0xd8, 0x00,
    0x00, 0x00, 0x00, 0x00, 0x00, 0x00,

    /* U+9ED8 "默" */
    0x00, 0x00, 0x00, 0x00, 0x00, 0x00, 0x0e, 0x9e,
    0x9e, 0x00, 0xd5, 0x10, 0x0c, 0x8c, 0x7c, 0x00,
    0xc3, 0xb0, 0x0c, 0x4c, 0x5c, 0x23, 0xd3, 0x51,
    0x0a, 0x9e, 0x9a, 0x47, 0xe7, 0x72, 0x08, 0x9e,
    0x99, 0x00, 0xf3, 0x00, 0x00, 0x0c, 0x14, 0x02,
    0xd7, 0x00, 0x1d, 0xba, 0x88, 0x08, 0x4c, 0x00,
    0x08, 0x53, 0x8b, 0x2c, 0x08, 0x50, 0x1b, 0x66,
    0x83, 0xd4, 0x01, 0xd2, 0x13, 0x10, 0x08, 0x70,
    0x00, 0x56, 0x00, 0x00, 0x00, 0x00, 0x00, 0x00,

    /* U+FF01 "！" */
    0x09, 0x30, 0xf4, 0x0f, 0x30, 0xe2, 0x0d, 0x10,
    0xc0, 0x00, 0x00, 0x61, 0x1f, 0x40,

    /* U+FF08 "（" */
    0x00, 0x13, 0x01, 0xc3, 0x0b, 0x20, 0x48, 0x00,
    0x92, 0x00, 0xa1, 0x00, 0x92, 0x00, 0x58, 0x00,
    0x0c, 0x20, 0x02, 0xc3, 0x00, 0x12,

    /* U+FF09 "）" */
    0x31, 0x00, 0x3c, 0x10, 0x03, 0xb0, 0x00, 0x84,
    0x00, 0x39, 0x00, 0x1a, 0x00, 0x39, 0x00, 0x84,
    0x03, 0xc0, 0x3c, 0x20, 0x21, 0x00,

    /* U+FF0C "，" */
    0x7c, 0x19, 0xf1, 0x0c, 0x04, 0x50,

    /* U+FF1A "：" */
    0x58, 0xae, 0x00, 0x58, 0xae,

    /* U+FF1B "；" */
    0x08, 0x50, 0xea, 0x00, 0x00, 0x85, 0x0e, 0xa0,
    0x48, 0x08, 0x10,

    /* U+FF1F "？" */
    0x02, 0x97, 0x00, 0x0d, 0x59, 0x90, 0x18, 0x02,
    0xc0, 0x00, 0x08, 0x70, 0x00, 0x4b, 0x00, 0x00,
    0xc2, 0x00, 0x00, 0x90, 0x00, 0x00, 0x50, 0x00,
    0x02, 0xf2, 0x00
};

/*---------------------
 *  GLYPH DESCRIPTION
 *--------------------*/

static const lv_font_fmt_txt_glyph_dsc_t glyph_dsc[] = {
    {.bitmap_index = 0, .adv_w = 0, .box_w = 0, .box_h = 0, .ofs_x = 0, .ofs_y = 0} /* id = 0 reserved */,
    {.bitmap_index = 0, .adv_w = 96, .box_w = 0, .box_h = 0, .ofs_x = 0, .ofs_y = 0},
    {.bitmap_index = 0, .adv_w = 96, .box_w = 2, .box_h = 9, .ofs_x = 2, .ofs_y = 0},
    {.bitmap_index = 9, .adv_w = 96, .box_w = 4, .box_h = 3, .ofs_x = 1, .ofs_y = 6},
    {.bitmap_index = 15, .adv_w = 96, .box_w = 6, .box_h = 9, .ofs_x = 0, .ofs_y = 0},
    {.bitmap_index = 42, .adv_w = 96, .box_w = 6, .box_h = 12, .ofs_x = 0, .ofs_y = -2},
    {.bitmap_index = 78, .adv_w = 96, .box_w = 6, .box_h = 9, .ofs_x = 0, .ofs_y = 0},
    {.bitmap_index = 105, .adv_w = 96, .box_w = 6, .box_h = 9, .ofs_x = 0, .ofs_y = 0},
    {.bitmap_index = 132, .adv_w = 96, .box_w = 2, .box_h = 3, .ofs_x = 2, .ofs_y = 6},
    {.bitmap_index = 135, .adv_w = 96, .box_w = 4, .box_h = 12, .ofs_x = 2, .ofs_y = -1},
    {.bitmap_index = 159, .adv_w = 96, .box_w = 4, .box_h = 12, .ofs_x = 0, .ofs_y = -1},
    {.bitmap_index = 183, .adv_w = 96, .box_w = 6, .box_h = 7, .ofs_x = 0, .ofs_y = 2},
    {.bitmap_index = 204, .adv_w = 96, .box_w = 6, .box_h = 6, .ofs_x = 0, .ofs_y = 2},
    {.bitmap_index = 222, .adv_w = 96, .box_w = 3, .box_h = 4, .ofs_x = 0, .ofs_y = -2},
    {.bitmap_index = 228, .adv_w = 96, .box_w = 6, .box_h = 1, .ofs_x = 0, .ofs_y = 4},
    {.bitmap_index = 231, .adv_w = 96, .box_w = 3, .box_h = 2, .ofs_x = 0, .ofs_y = 0},
    {.bitmap_index = 234, .adv_w = 96, .box_w = 6, .box_h = 11, .ofs_x = 0, .ofs_y = -1},
    {.bitmap_index = 267, .adv_w = 96, .box_w = 6, .box_h = 10, .ofs_x = 0, .ofs_y = -1},
    {.bitmap_index = 297, .adv_w = 96, .box_w = 3, .box_h = 9, .ofs_x = 1, .ofs_y = 0},
    {.bitmap_index = 311, .adv_w = 96, .box_w = 6, .box_h = 10, .ofs_x = 0, .ofs_y = 0},
    {.bitmap_index = 341, .adv_w = 96, .box_w = 6, .box_h = 9, .ofs_x = 0, .ofs_y = 0},
    {.bitmap_index = 368, .adv_w = 96, .box_w = 6, .box_h = 9, .ofs_x = 0, .ofs_y = 0},
    {.bitmap_index = 395, .adv_w = 96, .box_w = 6, .box_h = 9, .ofs_x = 0, .ofs_y = 0},
    {.bitmap_index = 422, .adv_w = 96, .box_w = 6, .box_h = 9, .ofs_x = 0, .ofs_y = 0},
    {.bitmap_index = 449, .adv_w = 96, .box_w = 6, .box_h = 9, .ofs_x = 0, .ofs_y = 0},
    {.bitmap_index = 476, .adv_w = 96, .box_w = 6, .box_h = 9, .ofs_x = 0, .ofs_y = 0},
    {.bitmap_index = 503, .adv_w = 96, .box_w = 6, .box_h = 9, .ofs_x = 0, .ofs_y = 0},
    {.bitmap_index = 530, .adv_w = 96, .box_w = 2, .box_h = 6, .ofs_x = 2, .ofs_y = 0},
    {.bitmap_index = 536, .adv_w = 96, .box_w = 2, .box_h = 8, .ofs_x = 2, .ofs_y = -2},
    {.bitmap_index = 544, .adv_w = 96, .box_w = 6, .box_h = 11, .ofs_x = 0, .ofs_y = -1},
    {.bitmap_index = 577, .adv_w = 96, .box_w = 6, .box_h = 4, .ofs_x = 0, .ofs_y = 3},
    {.bitmap_index = 589, .adv_w = 96, .box_w = 6, .box_h = 11, .ofs_x = 0, .ofs_y = -1},
    {.bitmap_index = 622, .adv_w = 96, .box_w = 6, .box_h = 9, .ofs_x = 0, .ofs_y = 0},
    {.bitmap_index = 649, .adv_w = 96, .box_w = 6, .box_h = 9, .ofs_x = 0, .ofs_y = 0},
    {.bitmap_index = 676, .adv_w = 96, .box_w = 6, .box_h = 9, .ofs_x = 0, .ofs_y = 0},
    {.bitmap_index = 703, .adv_w = 96, .box_w = 6, .box_h = 9, .ofs_x = 0, .ofs_y = 0},
    {.bitmap_index = 730, .adv_w = 96, .box_w = 6, .box_h = 9, .ofs_x = 0, .ofs_y = 0},
    {.bitmap_index = 757, .adv_w = 96, .box_w = 6, .box_h = 9, .ofs_x = 0, .ofs_y = 0},
    {.bitmap_index = 784, .adv_w = 96, .box_w = 6, .box_h = 9, .ofs_x = 0, .ofs_y = 0},
    {.bitmap_index = 811, .adv_w = 96, .box_w = 6, .box_h = 9, .ofs_x = 0, .ofs_y = 0},
    {.bitmap_index = 838, .adv_w = 96, .box_w = 6, .box_h = 9, .ofs_x = 0, .ofs_y = 0},
    {.bitmap_index = 865, .adv_w = 96, .box_w = 6, .box_h = 9, .ofs_x = 0, .ofs_y = 0},
    {.bitmap_index = 892, .adv_w = 96, .box_w = 2, .box_h = 9, .ofs_x = 2, .ofs_y = 0},
    {.bitmap_index = 901, .adv_w = 96, .box_w = 6, .box_h = 9, .ofs_x = 0, .ofs_y = 0},
    {.bitmap_index = 928, .adv_w = 96, .box_w = 6, .box_h = 9, .ofs_x = 0, .ofs_y = 0},
    {.bitmap_index = 955, .adv_w = 96, .box_w = 6, .box_h = 9, .ofs_x = 0, .ofs_y = 0},
    {.bitmap_index = 982, .adv_w = 96, .box_w = 6, .box_h = 9, .ofs_x = 0, .ofs_y = 0},
    {.bitmap_index = 1009, .adv_w = 96, .box_w = 6, .box_h = 9, .ofs_x = 0, .ofs_y = 0},
    {.bitmap_index = 1036, .adv_w = 96, .box_w = 6, .box_h = 9, .ofs_x = 0, .ofs_y = 0},
    {.bitmap_index = 1063, .adv_w = 96, .box_w = 6, .box_h = 9, .ofs_x = 0, .ofs_y = 0},
    {.bitmap_index = 1090, .adv_w = 96, .box_w = 6, .box_h = 10, .ofs_x = 0, .ofs_y = -1},
    {.bitmap_index = 1120, .adv_w = 96, .box_w = 6, .box_h = 9, .ofs_x = 0, .ofs_y = 0},
    {.bitmap_index = 1147, .adv_w = 96, .box_w = 6, .box_h = 9, .ofs_x = 0, .ofs_y = 0},
    {.bitmap_index = 1174, .adv_w = 96, .box_w = 6, .box_h = 9, .ofs_x = 0, .ofs_y = 0},
    {.bitmap_index = 1201, .adv_w = 96, .box_w = 6, .box_h = 9, .ofs_x = 0, .ofs_y = 0},
    {.bitmap_index = 1228, .adv_w = 96, .box_w = 6, .box_h = 9, .ofs_x = 0, .ofs_y = 0},
    {.bitmap_index = 1255, .adv_w = 96, .box_w = 6, .box_h = 9, .ofs_x = 0, .ofs_y = 0},
    {.bitmap_index = 1282, .adv_w = 96, .box_w = 6, .box_h = 9, .ofs_x = 0, .ofs_y = 0},
    {.bitmap_index = 1309, .adv_w = 96, .box_w = 6, .box_h = 9, .ofs_x = 0, .ofs_y = 0},
    {.bitmap_index = 1336, .adv_w = 96, .box_w = 6, .box_h = 9, .ofs_x = 0, .ofs_y = 0},
    {.bitmap_index = 1363, .adv_w = 96, .box_w = 4, .box_h = 11, .ofs_x = 2, .ofs_y = -1},
    {.bitmap_index = 1385, .adv_w = 96, .box_w = 6, .box_h = 11, .ofs_x = 0, .ofs_y = -1},
    {.bitmap_index = 1418, .adv_w = 96, .box_w = 4, .box_h = 11, .ofs_x = 0, .ofs_y = -1},
    {.bitmap_index = 1440, .adv_w = 96, .box_w = 6, .box_h = 2, .ofs_x = 0, .ofs_y = 8},
    {.bitmap_index = 1446, .adv_w = 96, .box_w = 6, .box_h = 1, .ofs_x = 0, .ofs_y = -2},
    {.bitmap_index = 1449, .adv_w = 96, .box_w = 4, .box_h = 3, .ofs_x = 1, .ofs_y = 8},
    {.bitmap_index = 1455, .adv_w = 96, .box_w = 6, .box_h = 6, .ofs_x = 0, .ofs_y = 0},
    {.bitmap_index = 1473, .adv_w = 96, .box_w = 6, .box_h = 9, .ofs_x = 0, .ofs_y = 0},
    {.bitmap_index = 1500, .adv_w = 96, .box_w = 6, .box_h = 6, .ofs_x = 0, .ofs_y = 0},
    {.bitmap_index = 1518, .adv_w = 96, .box_w = 6, .box_h = 9, .ofs_x = 0, .ofs_y = 0},
    {.bitmap_index = 1545, .adv_w = 96, .box_w = 6, .box_h = 6, .ofs_x = 0, .ofs_y = 0},
    {.bitmap_index = 1563, .adv_w = 96, .box_w = 6, .box_h = 9, .ofs_x = 0, .ofs_y = 0},
    {.bitmap_index = 1590, .adv_w = 96, .box_w = 6, .box_h = 9, .ofs_x = 0, .ofs_y = -2},
    {.bitmap_index = 1617, .adv_w = 96, .box_w = 6, .box_h = 9, .ofs_x = 0, .ofs_y = 0},
    {.bitmap_index = 1644, .adv_w = 96, .box_w = 2, .box_h = 9, .ofs_x = 2, .ofs_y = 0},
    {.bitmap_index = 1653, .adv_w = 96, .box_w = 4, .box_h = 11, .ofs_x = 1, .ofs_y = -2},
    {.bitmap_index = 1675, .adv_w = 96, .box_w = 6, .box_h = 9, .ofs_x = 0, .ofs_y = 0},
    {.bitmap_index = 1702, .adv_w = 96, .box_w = 2, .box_h = 9, .ofs_x = 2, .ofs_y = 0},
    {.bitmap_index = 1711, .adv_w = 96, .box_w = 6, .box_h = 6, .ofs_x = 0, .ofs_y = 0},
    {.bitmap_index = 1729, .adv_w = 96, .box_w = 6, .box_h = 6, .ofs_x = 0, .ofs_y = 0},
    {.bitmap_index = 1747, .adv_w = 96, .box_w = 6, .box_h = 6, .ofs_x = 0, .ofs_y = 0},
    {.bitmap_index = 1765, .adv_w = 96, .box_w = 6, .box_h = 8, .ofs_x = 0, .ofs_y = -2},
    {.bitmap_index = 1789, .adv_w = 96, .box_w = 6, .box_h = 8, .ofs_x = 0, .ofs_y = -2},
    {.bitmap_index = 1813, .adv_w = 96, .box_w = 4, .box_h = 6, .ofs_x = 1, .ofs_y = 0},
    {.bitmap_index = 1825, .adv_w = 96, .box_w = 6, .box_h = 6, .ofs_x = 0, .ofs_y = 0},
    {.bitmap_index = 1843, .adv_w = 96, .box_w = 6, .box_h = 8, .ofs_x = 0, .ofs_y = 0},
    {.bitmap_index = 1867, .adv_w = 96, .box_w = 6, .box_h = 6, .ofs_x = 0, .ofs_y = 0},
    {.bitmap_index = 1885, .adv_w = 96, .box_w = 6, .box_h = 6, .ofs_x = 0, .ofs_y = 0},
    {.bitmap_index = 1903, .adv_w = 96, .box_w = 6, .box_h = 6, .ofs_x = 0, .ofs_y = 0},
    {.bitmap_index = 1921, .adv_w = 96, .box_w = 6, .box_h = 6, .ofs_x = 0, .ofs_y = 0},
    {.bitmap_index = 1939, .adv_w = 96, .box_w = 6, .box_h = 8, .ofs_x = 0, .ofs_y = -2},
    {.bitmap_index = 1963, .adv_w = 96, .box_w = 6, .box_h = 6, .ofs_x = 0, .ofs_y = 0},
    {.bitmap_index = 1981, .adv_w = 96, .box_w = 4, .box_h = 12, .ofs_x = 2, .ofs_y = -1},
    {.bitmap_index = 2005, .adv_w = 96, .box_w = 2, .box_h = 13, .ofs_x = 2, .ofs_y = -2},
    {.bitmap_index = 2018, .adv_w = 96, .box_w = 4, .box_h = 12, .ofs_x = 0, .ofs_y = -1},
    {.bitmap_index = 2042, .adv_w = 96, .box_w = 6, .box_h = 3, .ofs_x = 0, .ofs_y = 8},
    {.bitmap_index = 2051, .adv_w = 192, .box_w = 9, .box_h = 10, .ofs_x = 1, .ofs_y = 1},
    {.bitmap_index = 2096, .adv_w = 192, .box_w = 2, .box_h = 2, .ofs_x = 5, .ofs_y = 4},
    {.bitmap_index = 2098, .adv_w = 192, .box_w = 8, .box_h = 9, .ofs_x = 2, .ofs_y = 0},
    {.bitmap_index = 2134, .adv_w = 192, .box_w = 9, .box_h = 9, .ofs_x = 1, .ofs_y = 0},
    {.bitmap_index = 2175, .adv_w = 192, .box_w = 12, .box_h = 1, .ofs_x = 0, .ofs_y = 4},
    {.bitmap_index = 2181, .adv_w = 192, .box_w = 10, .box_h = 2, .ofs_x = 1, .ofs_y = 4},
    {.bitmap_index = 2191, .adv_w = 192, .box_w = 7, .box_h = 10, .ofs_x = 3, .ofs_y = -1},
    {.bitmap_index = 2226, .adv_w = 192, .box_w = 12, .box_h = 11, .ofs_x = 0, .ofs_y = -1},
    {.bitmap_index = 2292, .adv_w = 165, .box_w = 10, .box_h = 10, .ofs_x = 0, .ofs_y = -1},
    {.bitmap_index = 2342, .adv_w = 192, .box_w = 10, .box_h = 8, .ofs_x = 1, .ofs_y = 1},
    {.bitmap_index = 2382, .adv_w = 165, .box_w = 10, .box_h = 10, .ofs_x = 0, .ofs_y = -1},
    {.bitmap_index = 2432, .adv_w = 192, .box_w = 12, .box_h = 12, .ofs_x = 0, .ofs_y = -2},
    {.bitmap_index = 2504, .adv_w = 192, .box_w = 12, .box_h = 13, .ofs_x = 0, .ofs_y = -2},
    {.bitmap_index = 2582, .adv_w = 75, .box_w = 4, .box_h = 10, .ofs_x = 0, .ofs_y = -1},
    {.bitmap_index = 2602, .adv_w = 102, .box_w = 6, .box_h = 10, .ofs_x = 0, .ofs_y = -1},
    {.bitmap_index = 2632, .adv_w = 192, .box_w = 4, .box_h = 5, .ofs_x = 1, .ofs_y = -1},
    {.bitmap_index = 2642, .adv_w = 192, .box_w = 4, .box_h = 4, .ofs_x = 1, .ofs_y = -1},
    {.bitmap_index = 2650, .adv_w = 192, .box_w = 7, .box_h = 13, .ofs_x = 5, .ofs_y = -2},
    {.bitmap_index = 2696, .adv_w = 192, .box_w = 6, .box_h = 13, .ofs_x = 0, .ofs_y = -2},
    {.bitmap_index = 2735, .adv_w = 192, .box_w = 6, .box_h = 11, .ofs_x = 5, .ofs_y = -2},
    {.bitmap_index = 2768, .adv_w = 192, .box_w = 5, .box_h = 11, .ofs_x = 1, .ofs_y = -2},
    {.bitmap_index = 2796, .adv_w = 192, .box_w = 12, .box_h = 3, .ofs_x = 0, .ofs_y = 3},
    {.bitmap_index = 2814, .adv_w = 192, .box_w = 12, .box_h = 10, .ofs_x = 0, .ofs_y = -1},
    {.bitmap_index = 2874, .adv_w = 192, .box_w = 12, .box_h = 10, .ofs_x = 0, .ofs_y = -1},
    {.bitmap_index = 2934, .adv_w = 192, .box_w = 12, .box_h = 11, .ofs_x = 0, .ofs_y = -1},
    {.bitmap_index = 3000, .adv_w = 192, .box_w = 12, .box_h = 12, .ofs_x = 0, .ofs_y = -2},
    {.bitmap_index = 3072, .adv_w = 192, .box_w = 10, .box_h = 11, .ofs_x = 1, .ofs_y = -1},
    {.bitmap_index = 3127, .adv_w = 192, .box_w = 12, .box_h = 13, .ofs_x = 0, .ofs_y = -2},
    {.bitmap_index = 3205, .adv_w = 192, .box_w = 10, .box_h = 11, .ofs_x = 1, .ofs_y = -2},
    {.bitmap_index = 3260, .adv_w = 192, .box_w = 12, .box_h = 8, .ofs_x = 0, .ofs_y = 0},
    {.bitmap_index = 3308, .adv_w = 192, .box_w = 12, .box_h = 11, .ofs_x = 0, .ofs_y = -1},
    {.bitmap_index = 3374, .adv_w = 192, .box_w = 12, .box_h = 10, .ofs_x = 0, .ofs_y = -1},
    {.bitmap_index = 3434, .adv_w = 192, .box_w = 12, .box_h = 12, .ofs_x = 0, .ofs_y = -2},
    {.bitmap_index = 3506, .adv_w = 192, .box_w = 12, .box_h = 11, .ofs_x = 0, .ofs_y = -1},
    {.bitmap_index = 3572, .adv_w = 192, .box_w = 12, .box_h = 11, .ofs_x = 0, .ofs_y = -1},
    {.bitmap_index = 3638, .adv_w = 192, .box_w = 12, .box_h = 12, .ofs_x = 0, .ofs_y = -1},
    {.bitmap_index = 3710, .adv_w = 192, .box_w = 12, .box_h = 11, .ofs_x = 0, .ofs_y = -1},
    {.bitmap_index = 3776, .adv_w = 192, .box_w = 12, .box_h = 12, .ofs_x = 0, .ofs_y = -2},
    {.bitmap_index = 3848, .adv_w = 192, .box_w = 12, .box_h = 12, .ofs_x = 0, .ofs_y = -2},
    {.bitmap_index = 3920, .adv_w = 192, .box_w = 12, .box_h = 11, .ofs_x = 0, .ofs_y = -1},
    {.bitmap_index = 3986, .adv_w = 192, .box_w = 12, .box_h = 11, .ofs_x = 0, .ofs_y = -1},
    {.bitmap_index = 4052, .adv_w = 192, .box_w = 12, .box_h = 12, .ofs_x = 0, .ofs_y = -2},
    {.bitmap_index = 4124, .adv_w = 192, .box_w = 12, .box_h = 12, .ofs_x = 0, .ofs_y = -2},
    {.bitmap_index = 4196, .adv_w = 192, .box_w = 10, .box_h = 13, .ofs_x = 1, .ofs_y = -2},
    {.bitmap_index = 4261, .adv_w = 192, .box_w = 10, .box_h = 11, .ofs_x = 1, .ofs_y = -1},
    {.bitmap_index = 4316, .adv_w = 192, .box_w = 12, .box_h = 11, .ofs_x = 0, .ofs_y = -1},
    {.bitmap_index = 4382, .adv_w = 192, .box_w = 12, .box_h = 12, .ofs_x = 0, .ofs_y = -2},
    {.bitmap_index = 4454, .adv_w = 192, .box_w = 12, .box_h = 11, .ofs_x = 0, .ofs_y = -1},
    {.bitmap_index = 4520, .adv_w = 192, .box_w = 11, .box_h = 12, .ofs_x = 0, .ofs_y = -2},
    {.bitmap_index = 4586, .adv_w = 192, .box_w = 12, .box_h = 12, .ofs_x = 0, .ofs_y = -2},
    {.bitmap_index = 4658, .adv_w = 192, .box_w = 11, .box_h = 12, .ofs_x = 0, .ofs_y = -2},
    {.bitmap_index = 4724, .adv_w = 192, .box_w = 12, .box_h = 12, .ofs_x = 0, .ofs_y = -2},
    {.bitmap_index = 4796, .adv_w = 192, .box_w = 12, .box_h = 11, .ofs_x = 0, .ofs_y = -1},
    {.bitmap_index = 4862, .adv_w = 192, .box_w = 12, .box_h = 11, .ofs_x = 0, .ofs_y = -1},
    {.bitmap_index = 4928, .adv_w = 192, .box_w = 12, .box_h = 11, .ofs_x = 0, .ofs_y = -2},
    {.bitmap_index = 4994, .adv_w = 192, .box_w = 12, .box_h = 11, .ofs_x = 0, .ofs_y = -1},
    {.bitmap_index = 5060, .adv_w = 192, .box_w = 12, .box_h = 12, .ofs_x = 0, .ofs_y = -2},
    {.bitmap_index = 5132, .adv_w = 192, .box_w = 12, .box_h = 11, .ofs_x = 0, .ofs_y = -2},
    {.bitmap_index = 5198, .adv_w = 192, .box_w = 12, .box_h = 12, .ofs_x = 0, .ofs_y = -2},
    {.bitmap_index = 5270, .adv_w = 192, .box_w = 11, .box_h = 11, .ofs_x = 0, .ofs_y = -1},
    {.bitmap_index = 5331, .adv_w = 192, .box_w = 10, .box_h = 11, .ofs_x = 1, .ofs_y = -2},
    {.bitmap_index = 5386, .adv_w = 192, .box_w = 10, .box_h = 10, .ofs_x = 1, .ofs_y = -1},
    {.bitmap_index = 5436, .adv_w = 192, .box_w = 12, .box_h = 12, .ofs_x = 0, .ofs_y = -2},
    {.bitmap_index = 5508, .adv_w = 192, .box_w = 12, .box_h = 12, .ofs_x = 0, .ofs_y = -2},
    {.bitmap_index = 5580, .adv_w = 192, .box_w = 12, .box_h = 11, .ofs_x = 0, .ofs_y = -1},
    {.bitmap_index = 5646, .adv_w = 192, .box_w = 12, .box_h = 12, .ofs_x = 0, .ofs_y = -2},
    {.bitmap_index = 5718, .adv_w = 192, .box_w = 11, .box_h = 11, .ofs_x = 1, .ofs_y = -1},
    {.bitmap_index = 5779, .adv_w = 192, .box_w = 11, .box_h = 10, .ofs_x = 1, .ofs_y = -1},
    {.bitmap_index = 5834, .adv_w = 192, .box_w = 12, .box_h = 11, .ofs_x = 0, .ofs_y = -1},
    {.bitmap_index = 5900, .adv_w = 192, .box_w = 12, .box_h = 12, .ofs_x = 0, .ofs_y = -2},
    {.bitmap_index = 5972, .adv_w = 192, .box_w = 12, .box_h = 11, .ofs_x = 0, .ofs_y = -1},
    {.bitmap_index = 6038, .adv_w = 192, .box_w = 12, .box_h = 11, .ofs_x = 0, .ofs_y = -2},
    {.bitmap_index = 6104, .adv_w = 192, .box_w = 12, .box_h = 12, .ofs_x = 0, .ofs_y = -2},
    {.bitmap_index = 6176, .adv_w = 192, .box_w = 11, .box_h = 12, .ofs_x = 0, .ofs_y = -2},
    {.bitmap_index = 6242, .adv_w = 192, .box_w = 12, .box_h = 11, .ofs_x = 0, .ofs_y = -1},
    {.bitmap_index = 6308, .adv_w = 192, .box_w = 11, .box_h = 11, .ofs_x = 1, .ofs_y = -1},
    {.bitmap_index = 6369, .adv_w = 192, .box_w = 12, .box_h = 12, .ofs_x = 0, .ofs_y = -2},
    {.bitmap_index = 6441, .adv_w = 192, .box_w = 12, .box_h = 13, .ofs_x = 0, .ofs_y = -2},
    {.bitmap_index = 6519, .adv_w = 192, .box_w = 12, .box_h = 12, .ofs_x = 0, .ofs_y = -2},
    {.bitmap_index = 6591, .adv_w = 192, .box_w = 12, .box_h = 12, .ofs_x = 0, .ofs_y = -1},
    {.bitmap_index = 6663, .adv_w = 192, .box_w = 12, .box_h = 12, .ofs_x = 0, .ofs_y = -2},
    {.bitmap_index = 6735, .adv_w = 192, .box_w = 12, .box_h = 11, .ofs_x = 0, .ofs_y = -1},
    {.bitmap_index = 6801, .adv_w = 192, .box_w = 12, .box_h = 13, .ofs_x = 0, .ofs_y = -2},
    {.bitmap_index = 6879, .adv_w = 192, .box_w = 12, .box_h = 13, .ofs_x = 0, .ofs_y = -2},
    {.bitmap_index = 6957, .adv_w = 192, .box_w = 12, .box_h = 11, .ofs_x = 0, .ofs_y = -1},
    {.bitmap_index = 7023, .adv_w = 192, .box_w = 12, .box_h = 13, .ofs_x = 0, .ofs_y = -2},
    {.bitmap_index = 7101, .adv_w = 192, .box_w = 12, .box_h = 13, .ofs_x = 0, .ofs_y = -2},
    {.bitmap_index = 7179, .adv_w = 192, .box_w = 12, .box_h = 11, .ofs_x = 0, .ofs_y = -1},
    {.bitmap_index = 7245, .adv_w = 192, .box_w = 12, .box_h = 12, .ofs_x = 0, .ofs_y = -2},
    {.bitmap_index = 7317, .adv_w = 192, .box_w = 12, .box_h = 12, .ofs_x = 0, .ofs_y = -2},
    {.bitmap_index = 7389, .adv_w = 192, .box_w = 12, .box_h = 11, .ofs_x = 0, .ofs_y = -2},
    {.bitmap_index = 7455, .adv_w = 192, .box_w = 12, .box_h = 11, .ofs_x = 0, .ofs_y = -1},
    {.bitmap_index = 7521, .adv_w = 192, .box_w = 12, .box_h = 11, .ofs_x = 0, .ofs_y = -1},
    {.bitmap_index = 7587, .adv_w = 192, .box_w = 11, .box_h = 11, .ofs_x = 1, .ofs_y = -1},
    {.bitmap_index = 7648, .adv_w = 192, .box_w = 12, .box_h = 11, .ofs_x = 0, .ofs_y = -1},
    {.bitmap_index = 7714, .adv_w = 192, .box_w = 12, .box_h = 12, .ofs_x = 0, .ofs_y = -2},
    {.bitmap_index = 7786, .adv_w = 192, .box_w = 11, .box_h = 12, .ofs_x = 0, .ofs_y = -1},
    {.bitmap_index = 7852, .adv_w = 192, .box_w = 12, .box_h = 10, .ofs_x = 0, .ofs_y = -1},
    {.bitmap_index = 7912, .adv_w = 192, .box_w = 12, .box_h = 12, .ofs_x = 0, .ofs_y = -2},
    {.bitmap_index = 7984, .adv_w = 192, .box_w = 11, .box_h = 12, .ofs_x = 0, .ofs_y = -2},
    {.bitmap_index = 8050, .adv_w = 192, .box_w = 12, .box_h = 12, .ofs_x = 0, .ofs_y = -2},
    {.bitmap_index = 8122, .adv_w = 192, .box_w = 12, .box_h = 12, .ofs_x = 0, .ofs_y = -2},
    {.bitmap_index = 8194, .adv_w = 192, .box_w = 12, .box_h = 12, .ofs_x = 0, .ofs_y = -2},
    {.bitmap_index = 8266, .adv_w = 192, .box_w = 12, .box_h = 11, .ofs_x = 0, .ofs_y = -2},
    {.bitmap_index = 8332, .adv_w = 192, .box_w = 11, .box_h = 10, .ofs_x = 0, .ofs_y = -1},
    {.bitmap_index = 8387, .adv_w = 192, .box_w = 11, .box_h = 11, .ofs_x = 1, .ofs_y = -1},
    {.bitmap_index = 8448, .adv_w = 192, .box_w = 12, .box_h = 11, .ofs_x = 0, .ofs_y = -1},
    {.bitmap_index = 8514, .adv_w = 192, .box_w = 12, .box_h = 13, .ofs_x = 0, .ofs_y = -2},
    {.bitmap_index = 8592, .adv_w = 192, .box_w = 12, .box_h = 11, .ofs_x = 0, .ofs_y = -1},
    {.bitmap_index = 8658, .adv_w = 192, .box_w = 12, .box_h = 12, .ofs_x = 0, .ofs_y = -2},
    {.bitmap_index = 8730, .adv_w = 192, .box_w = 12, .box_h = 13, .ofs_x = 0, .ofs_y = -2},
    {.bitmap_index = 8808, .adv_w = 192, .box_w = 12, .box_h = 11, .ofs_x = 0, .ofs_y = -1},
    {.bitmap_index = 8874, .adv_w = 192, .box_w = 12, .box_h = 12, .ofs_x = 0, .ofs_y = -2},
    {.bitmap_index = 8946, .adv_w = 192, .box_w = 12, .box_h = 12, .ofs_x = 0, .ofs_y = -2},
    {.bitmap_index = 9018, .adv_w = 192, .box_w = 11, .box_h = 12, .ofs_x = 0, .ofs_y = -2},
    {.bitmap_index = 9084, .adv_w = 192, .box_w = 12, .box_h = 10, .ofs_x = 0, .ofs_y = -1},
    {.bitmap_index = 9144, .adv_w = 192, .box_w = 10, .box_h = 11, .ofs_x = 1, .ofs_y = -1},
    {.bitmap_index = 9199, .adv_w = 192, .box_w = 12, .box_h = 11, .ofs_x = 0, .ofs_y = -1},
    {.bitmap_index = 9265, .adv_w = 192, .box_w = 12, .box_h = 12, .ofs_x = 0, .ofs_y = -1},
    {.bitmap_index = 9337, .adv_w = 192, .box_w = 12, .box_h = 11, .ofs_x = 0, .ofs_y = -1},
    {.bitmap_index = 9403, .adv_w = 192, .box_w = 12, .box_h = 12, .ofs_x = 0, .ofs_y = -1},
    {.bitmap_index = 9475, .adv_w = 192, .box_w = 12, .box_h = 11, .ofs_x = 0, .ofs_y = -1},
    {.bitmap_index = 9541, .adv_w = 192, .box_w = 12, .box_h = 13, .ofs_x = 0, .ofs_y = -2},
    {.bitmap_index = 9619, .adv_w = 192, .box_w = 11, .box_h = 11, .ofs_x = 0, .ofs_y = -1},
    {.bitmap_index = 9680, .adv_w = 192, .box_w = 12, .box_h = 12, .ofs_x = 0, .ofs_y = -2},
    {.bitmap_index = 9752, .adv_w = 192, .box_w = 12, .box_h = 12, .ofs_x = 0, .ofs_y = -2},
    {.bitmap_index = 9824, .adv_w = 192, .box_w = 12, .box_h = 12, .ofs_x = 0, .ofs_y = -2},
    {.bitmap_index = 9896, .adv_w = 192, .box_w = 12, .box_h = 12, .ofs_x = 0, .ofs_y = -2},
    {.bitmap_index = 9968, .adv_w = 192, .box_w = 12, .box_h = 12, .ofs_x = 0, .ofs_y = -2},
    {.bitmap_index = 10040, .adv_w = 192, .box_w = 12, .box_h = 12, .ofs_x = 0, .ofs_y = -2},
    {.bitmap_index = 10112, .adv_w = 192, .box_w = 12, .box_h = 11, .ofs_x = 0, .ofs_y = -1},
    {.bitmap_index = 10178, .adv_w = 192, .box_w = 12, .box_h = 11, .ofs_x = 0, .ofs_y = -2},
    {.bitmap_index = 10244, .adv_w = 192, .box_w = 12, .box_h = 13, .ofs_x = 0, .ofs_y = -2},
    {.bitmap_index = 10322, .adv_w = 192, .box_w = 12, .box_h = 12, .ofs_x = 0, .ofs_y = -2},
    {.bitmap_index = 10394, .adv_w = 192, .box_w = 12, .box_h = 12, .ofs_x = 0, .ofs_y = -2},
    {.bitmap_index = 10466, .adv_w = 192, .box_w = 12, .box_h = 12, .ofs_x = 0, .ofs_y = -2},
    {.bitmap_index = 10538, .adv_w = 192, .box_w = 12, .box_h = 11, .ofs_x = 0, .ofs_y = -1},
    {.bitmap_index = 10604, .adv_w = 192, .box_w = 12, .box_h = 12, .ofs_x = 0, .ofs_y = -2},
    {.bitmap_index = 10676, .adv_w = 192, .box_w = 12, .box_h = 12, .ofs_x = 0, .ofs_y = -2},
    {.bitmap_index = 10748, .adv_w = 192, .box_w = 12, .box_h = 12, .ofs_x = 0, .ofs_y = -2},
    {.bitmap_index = 10820, .adv_w = 192, .box_w = 12, .box_h = 13, .ofs_x = 0, .ofs_y = -2},
    {.bitmap_index = 10898, .adv_w = 192, .box_w = 12, .box_h = 11, .ofs_x = 0, .ofs_y = -1},
    {.bitmap_index = 10964, .adv_w = 192, .box_w = 11, .box_h = 11, .ofs_x = 0, .ofs_y = -1},
    {.bitmap_index = 11025, .adv_w = 192, .box_w = 12, .box_h = 10, .ofs_x = 0, .ofs_y = -1},
    {.bitmap_index = 11085, .adv_w = 192, .box_w = 11, .box_h = 11, .ofs_x = 0, .ofs_y = -1},
    {.bitmap_index = 11146, .adv_w = 192, .box_w = 12, .box_h = 11, .ofs_x = 0, .ofs_y = -1},
    {.bitmap_index = 11212, .adv_w = 192, .box_w = 12, .box_h = 12, .ofs_x = 0, .ofs_y = -2},
    {.bitmap_index = 11284, .adv_w = 192, .box_w = 10, .box_h = 12, .ofs_x = 1, .ofs_y = -2},
    {.bitmap_index = 11344, .adv_w = 192, .box_w = 11, .box_h = 12, .ofs_x = 1, .ofs_y = -2},
    {.bitmap_index = 11410, .adv_w = 192, .box_w = 12, .box_h = 11, .ofs_x = 0, .ofs_y = -1},
    {.bitmap_index = 11476, .adv_w = 192, .box_w = 12, .box_h = 12, .ofs_x = 0, .ofs_y = -2},
    {.bitmap_index = 11548, .adv_w = 192, .box_w = 12, .box_h = 13, .ofs_x = 0, .ofs_y = -2},
    {.bitmap_index = 11626, .adv_w = 192, .box_w = 12, .box_h = 13, .ofs_x = 0, .ofs_y = -2},
    {.bitmap_index = 11704, .adv_w = 192, .box_w = 12, .box_h = 12, .ofs_x = 0, .ofs_y = -2},
    {.bitmap_index = 11776, .adv_w = 192, .box_w = 3, .box_h = 9, .ofs_x = 2, .ofs_y = 0},
    {.bitmap_index = 11790, .adv_w = 192, .box_w = 4, .box_h = 11, .ofs_x = 7, .ofs_y = -1},
    {.bitmap_index = 11812, .adv_w = 192, .box_w = 4, .box_h = 11, .ofs_x = 1, .ofs_y = -1},
    {.bitmap_index = 11834, .adv_w = 192, .box_w = 3, .box_h = 4, .ofs_x = 1, .ofs_y = -2},
    {.bitmap_index = 11840, .adv_w = 192, .box_w = 2, .box_h = 5, .ofs_x = 2, .ofs_y = 0},
    {.bitmap_index = 11845, .adv_w = 192, .box_w = 3, .box_h = 7, .ofs_x = 1, .ofs_y = -2},
    {.bitmap_index = 11856, .adv_w = 192, .box_w = 6, .box_h = 9, .ofs_x = 1, .ofs_y = 0}
};

/*---------------------
 *  CHARACTER MAPPING
 *--------------------*/

static const uint16_t unicode_list_1[] = {
    0x00, 0x06, 0x26, 0x46, 0x1f63, 0x1f75, 0x2169, 0x2501,
    0x2505, 0x250b, 0x250f, 0x251a, 0x251e, 0x25b8, 0x25b9, 0x2f50,
    0x2f51, 0x2f59, 0x2f5a, 0x2f5f, 0x2f60, 0x4d4f, 0x4d52, 0x4d58,
    0x4d59, 0x4d71, 0x4d7c, 0x4dac, 0x4daf, 0x4ddb, 0x4ddd, 0x4de3,
    0x4e6f, 0x4ea8, 0x4f2c, 0x4f61, 0x4f8b, 0x4fab, 0x5098, 0x50b4,
    0x50ba, 0x50bc, 0x50c2, 0x50d4, 0x5149, 0x514a, 0x5155, 0x519c,
    0x51b8, 0x51ee, 0x51ef, 0x51f7, 0x5290, 0x52a4, 0x52d1, 0x5325,
    0x5327, 0x5346, 0x535d, 0x537e, 0x562a, 0x562d, 0x585c, 0x5880,
    0x5aa7, 0x5aed, 0x5b5e, 0x5d41, 0x5d87, 0x5de3, 0x5e4f, 0x5e51,
    0x5e52, 0x5e80, 0x5e89, 0x5ea2, 0x5ee6, 0x5efd, 0x5f12, 0x5f3a,
    0x5fb1, 0x606e, 0x615f, 0x621c, 0x6238, 0x6258, 0x62f6, 0x63fc,
    0x64c1, 0x64ff, 0x652f, 0x6545, 0x65d1, 0x65e6, 0x667b, 0x6689,
    0x6786, 0x6ab1, 0x6b1e, 0x6c9a, 0x6cd7, 0x7008, 0x700b, 0x7197,
    0x7477, 0x7484, 0x75cd, 0x77bd, 0x7921, 0x795c, 0x7a75, 0x7a7b,
    0x7df6, 0x7e12, 0x7e15, 0x7ebd, 0x8139, 0x81d1, 0x832b, 0x879b,
    0x8935, 0x8af0, 0x8af3, 0x8afc, 0x8b0d, 0x8b3e, 0x8b46, 0x8b52,
    0x8c74, 0x8cbf, 0x8cd4, 0x8d2e, 0x8ecc, 0x8f1f, 0x8f23, 0x8f2a,
    0x8f2d, 0x8f4f, 0x8f58, 0x8f6e, 0x8fbd, 0x9116, 0x911c, 0x911e,
    0x93ee, 0x948a, 0x94ce, 0x9543, 0x9581, 0x95e3, 0x9645, 0x96a8,
    0x9742, 0x9e27, 0xfe50, 0xfe57, 0xfe58, 0xfe5b, 0xfe69, 0xfe6a,
    0xfe6e
};

/*Collect the unicode lists and glyph_id offsets*/
static const lv_font_fmt_txt_cmap_t cmaps[] =
{
    {
        .range_start = 32, .range_length = 95, .glyph_id_start = 1,
        .unicode_list = NULL, .glyph_id_ofs_list = NULL, .list_length = 0, .type = LV_FONT_FMT_TXT_CMAP_FORMAT0_TINY
    },
    {
        .range_start = 177, .range_length = 65135, .glyph_id_start = 96,
        .unicode_list = unicode_list_1, .glyph_id_ofs_list = NULL, .list_length = 161, .type = LV_FONT_FMT_TXT_CMAP_SPARSE_TINY
    }
};



/*--------------------
 *  ALL CUSTOM DATA
 *--------------------*/

#if LVGL_VERSION_MAJOR == 8
/*Store all the custom data of the font*/
static  lv_font_fmt_txt_glyph_cache_t cache;
#endif

#if LVGL_VERSION_MAJOR >= 8
static const lv_font_fmt_txt_dsc_t font_dsc = {
#else
static lv_font_fmt_txt_dsc_t font_dsc = {
#endif
    .glyph_bitmap = glyph_bitmap,
    .glyph_dsc = glyph_dsc,
    .cmaps = cmaps,
    .kern_dsc = NULL,
    .kern_scale = 0,
    .cmap_num = 2,
    .bpp = 4,
    .kern_classes = 0,
    .bitmap_format = 0,
#if LVGL_VERSION_MAJOR == 8
    .cache = &cache
#endif

};



/*-----------------
 *  PUBLIC FONT
 *----------------*/

/*Initialize a public general font descriptor*/
#if LVGL_VERSION_MAJOR >= 8
const lv_font_t ui_font_cn12 = {
#else
lv_font_t ui_font_cn12 = {
#endif
    .get_glyph_dsc = lv_font_get_glyph_dsc_fmt_txt,    /*Function pointer to get glyph's data*/
    .get_glyph_bitmap = lv_font_get_bitmap_fmt_txt,    /*Function pointer to get glyph's bitmap*/
    .line_height = 13,          /*The maximum line height required by the font*/
    .base_line = 2,             /*Baseline measured from the bottom of the line*/
#if LV_VERSION_CHECK(9, 6, 0) || LVGL_VERSION_MAJOR >= 10
    .cap_height = 8,           /*Cap height of the font*/
    .x_height = 5,               /*x-height of the font*/
#endif
#if !(LVGL_VERSION_MAJOR == 6 && LVGL_VERSION_MINOR == 0)
    .subpx = LV_FONT_SUBPX_NONE,
#endif
#if LV_VERSION_CHECK(7, 4, 0) || LVGL_VERSION_MAJOR >= 8
    .underline_position = -1,
    .underline_thickness = 1,
#endif

#if LV_VERSION_CHECK(9, 3, 0) || LVGL_VERSION_MAJOR >= 10
    .static_bitmap = 1,    /*Bitmaps are stored as const so they are always static if not compressed */
#endif

    .dsc = &font_dsc,          /*The custom font data. Will be accessed by `get_glyph_bitmap/dsc` */
#if LV_VERSION_CHECK(8, 2, 0) || LVGL_VERSION_MAJOR >= 9
    .fallback = NULL,
#endif
    .user_data = NULL,
};



#endif /*#if UI_FONT_CN12*/
